"JID","visit_number","visit_duration","age","sex","tarsus","patch_number","visit_number_patch","visit_duration_patch","patch_binary","mean_OA","bite","degree","strength","betweenness","eigenvector","closeness","mean_OA_noNA","body_cond_z","degree_z","strength_z","eigenvector_z","betweenness_z","tarsus_z","age_z","visit_number_z","degree_resid","strength_resid","eigenvector_resid","betweenness_resid","patches","feeder_number","feeder_number_z","feeder_number_binary","pc1","inter_sites","mean_strength","mean_strength_z","social_diff","social_diff_z","mean_group_size","unique_group_comp","degree_1pos","strength_1pos","betweenness_1pos","eigenvector_1pos","social_diff_1pos","pref_pos","closeness_z","transitivity_z","transitivity","visit_duration_total_patch","sex_num","sex_cat","pref_site"
"J1001",25,11.8909599685669,10,0,42.075,0,0,0,0,NA,NA,21,0.545930562398151,2,0.177950670692656,0.301740144275553,NA,0.809044236963406,0.179941574197225,0.21954540976303,-0.0088853449654397,-0.305289542284477,-0.796404117247518,1.15335760247376,-0.271604436002739,0.414821898373814,0.442805114008439,0.161415981768956,-0.0939459405341237,15,2,0.59283529878488,2,0.227144521399657,"1",0.025996693447531,0.21954540976303,3.31139843421855,-0.691613214644152,2.52631578947368,16,16,0.624733816276105,15.5,0,3.46863663181027,"Z2",0.55798161016919,-0.243095600165826,0.553359683794466,NA,0,"female","Z"
"J1057",1,0,10,1,45.45,0,0,0,0,NA,NA,0,0,0,2.66332442230021e-18,NA,NA,-0.0196686972067655,-1.0549999144714,-1.15237157387721,-0.74001132347877,-0.309190185225567,1.51868120204,1.15335760247376,-0.56781955967593,-0.446918065226791,-0.585879639808646,-0.277498123819274,0.141118229354563,15,1,-0.863098449701516,1,-1.01181182775275,"1",NA,-1.15237157387721,NA,0,1,1,1,0.0416666666666667,0,0,12.8840987267251,"Y4",0,-2.08855894570572,0,NA,1,"male","Y"
"J1075",7,6.70457145145961,10,0,42.55,0,0,0,0,NA,NA,4,0.167911814253278,0,0.036369958292482,0.211914776491279,NA,0.224524990542992,-0.819772964248804,-0.730411189911906,-0.590582151666285,-0.309190185225567,-0.470577294532982,1.15335760247376,-0.493765778757632,-0.305439049915257,-0.246796211483914,-0.192696866687704,0.0799088485858485,15,1,-0.863098449701516,1,-0.959447897092917,"1",0.0419779535633194,-0.730411189911906,8.89380999212504,1.06143610120267,3.5,2,4,0.223645224711323,0,0,8.72769689911901,"Z2",-1.03967760645693,1.24645695730566,1,NA,0,"female","Z"
"J1093",26,24.2043461341124,10,1,44.7666666666667,1,1,1.17300009727478,1,13,1.25,26,0.583461422572725,0,0.348751657583863,0.252383160244942,13,1.16799161636599,0.473975261975468,0.313860013176961,0.692865528946999,-0.309190185225567,1.04994787813487,1.15335760247376,-0.259262139183023,0.698054075574253,0.520736209200373,0.848938730770755,-0.0977160258145936,15,2,0.59283529878488,2,0.235871843176296,"1",0.0224408239451048,0.313860013176961,2.64711542665394,-0.900218556593633,3.61111111111111,16,19,0.472188116466196,4,0.291832881747314,3.16493836371118,"Z6",-0.319895568477656,0.363960441431879,0.735384615384615,1.17300009727478,1,"male","Z"
"J1154",67,22.430343286315,10,0,42.7,1,11,16.2300909215754,1,10,NA,39,0.911630711357289,59,0.586432199647929,0.297698084739467,10,-0.208685240058994,1.2384628501989,1.13854551679662,1.66939693629584,-0.194121218463432,-0.367684613675755,1.15335760247376,0.246772030425346,0.831369952040771,0.753298311856958,1.33806049268066,-0.383643815581031,15,2,0.59283529878488,2,0.593692036018477,"1",0.0233751464450587,1.13854551679662,2.20606371685799,-1.03872238958599,2.81967213114754,43,29,0.995883000165632,9,0.669592396989148,2.52431462864263,"Z6",0.48608840414872,-0.262408588665662,0.547568710359408,178.531000137329,0,"female","Z"
"J1182",19,7.57147368631865,10,0,41.85,0,0,0,0,NA,NA,6,0.354879633967452,0,0.018670533210016,0.164033670598832,NA,-0.74423962253028,-0.702159489137507,-0.260563291795897,-0.663301796004638,-0.309190185225567,-0.950743138533358,1.15335760247376,-0.345658216921037,-0.383109560162588,0.0413167555641076,-0.412903021226261,-0.0313464363536671,15,1,-0.863098449701516,1,-0.854720035773254,"1",0.059146605661242,-0.260563291795897,6.79739153099048,0.403096078992119,2.55555555555556,6,6,0.383327298179744,0,0,5.75596448853318,"Y2",-1.89130440207482,1.02412256377157,0.933333333333333,NA,0,"female","Y"
"J1222",5,3.15440001487732,10,0,41.9,0,0,0,0,NA,1.5,12,0.314150552302489,0,0.146742198868295,0.264783614466081,NA,-0.175986415284267,-0.349319063803614,-0.362914987621055,-0.137108095751811,-0.309190185225567,-0.916445578247614,1.15335760247376,-0.518450372397065,0.19244461259954,0.154930528168683,0.27657718338645,0.102965785441369,15,1,-0.863098449701516,1,-0.976902540646194,"1",0.0261792126918741,-0.362914987621055,5.66894676446607,0.0487296362090255,4.2,5,8,0.155640719954896,0,0.120085830408949,4.70429091247762,"Z6",-0.0993376073420684,0.727676705726112,0.844444444444444,NA,0,"female","Z"
"J1318",4,2.20999997854233,12,0,42.975,2,28,40.4220357281821,1,1,2,7,0.186785874470888,0,0.00713440347019699,0.31143384857214,1,-1.76655026994966,-0.643352751581858,-0.682980901984732,-0.710698999462495,-0.309190185225567,-0.17904803210418,1.72405603095707,-0.530792669216781,-0.0814498603525634,-0.15587205354727,-0.265665665053838,0.106704024525621,15,2,0.59283529878488,2,0.0438707640902478,"1",0.026683696352984,-0.682980901984732,6.03950632852951,0.165096762409503,3,4,2,0.111391129032258,0,0,9.19751573937712,"Y4",0.730396557023459,0.611215832922539,0.809523809523809,1131.8170003891,0,"female","Y"
"J1323",67,27.0151343238887,12,0,42.9,0,0,0,0,NA,NA,21,0.624799383023475,0,0.0135746938438582,0.200635984567544,NA,0.300810130448071,0.179941574197225,0.417741814119389,-0.684238500139705,-0.309190185225567,-0.230494372532794,1.72405603095707,0.246772030425346,-0.22966491518734,0.0274404205384401,-1.03171717993024,-0.506272218404079,15,1,-0.863098449701516,1,-0.435808590494604,"1",0.0297523515725464,0.417741814119389,3.35288532534065,-0.678585051932787,2.72093023255814,23,16,0.615252340838274,2,0,3.85068782570077,"Y1",-1.24028536698,-0.802195668829902,0.385714285714286,NA,0,"female","Y"
"J1345",209,19.2070382759332,12,1,43.5666666666667,1,5,45.5812000274658,1,9,0.5,66,1.59520921718718,1368,1,0.361237250685393,9,1.00785375260546,2.82624476420142,2.85637013844785,3.36857661084871,2.35884958647952,0.22680643127709,1.72405603095707,1.99937817882506,0.678511639241825,0.830297300141327,1.68768785434194,0.78628610135095,15,2,0.59283529878488,2,1.83297172830115,"1",0.0241698366240482,2.85637013844785,1.9490938076957,-1.11941886256676,3.15686274509804,108,39,1.50995357277592,146,1,2.34974536932273,"Z6",1.61621385305358,-0.798086591626725,0.386946386946387,227.906000137329,1,"male","Z"
"J1351",10,32.5990999937057,12,1,43.4333333333333,0,0,0,0,NA,3.5,6,0.279925517556482,0,0.0745906635177257,0.24371940680054,NA,1.6797123757125,-0.702159489137507,-0.448922091212153,-0.433549023336362,-0.309190185225567,0.135346270515114,1.72405603095707,-0.456738888298483,-0.236168030965043,-0.00740929462073601,-0.0674077593823412,0.0472042156918894,15,1,-0.863098449701516,1,-0.933265931763001,"1",0.0466542529260804,-0.448922091212153,8.05789602051157,0.798933345745965,2.5,6,2,0.0872420262664165,0,2.94746528331466e-18,9.14703065101483,"Z2",-0.473991520238946,0.579453776703384,0.8,NA,1,"male","Z"
"J1388",65,23.6479076752296,10,1,43.625,0,0,0,0,NA,1.5,51,1.21519415780913,57.5,0.643475173489984,0.275131865941759,NA,1.3227872850156,1.94414370086669,1.90139683248447,1.90376301036146,-0.197046700669249,0.266820251610452,1.15335760247376,0.222087436785913,1.56820418626255,1.54981215795696,1.57269671068133,-0.372519689956589,15,2,0.59283529878488,2,0.576237392465199,"1",0.0238273364276299,1.90139683248447,1.80300613055267,-1.16529489657334,3.30357142857143,45,29,1.02142071518907,7,0.641690528759252,2.60493949063126,"Z6",0.0847192994527658,-0.589562355815236,0.44947209653092,NA,1,"male","Z"
"J1392",5,9.00099992752075,10,0,43.3333333333333,1,4,14.5509999394417,1,7,NA,6,0.224655615098601,0,0.0617854311649795,0.183396781210683,7,-0.132566846579843,-0.702159489137507,-0.587814696039076,-0.486160446477114,-0.309190185225567,0.066751149943631,1.15335760247376,-0.518450372397065,-0.150815027483641,-0.0722344553081795,-0.0722165947346226,0.10051940220427,15,1,-0.863098449701516,1,-0.976902540646194,"1",0.0374426025164335,-0.587814696039076,6.56110476573182,0.328894750787701,2.75,4,4,0.131009063679154,0,3.23270385911931e-18,6.6922605061858,"Z2",-1.54690667908558,0.1347849896352,0.666666666666667,58.2039997577667,0,"female","Z"
"J1458",58,20.6915517223292,10,1,40.8,0,0,0,0,NA,NA,34,0.956534798652065,0,0.584876076281246,0.22818414240889,NA,0.889613408121456,0.944429162420658,1.25138895191033,1.66300346660716,-0.309190185225567,-1.67099190453392,1.15335760247376,0.135691359047899,0.678217299513256,0.987412544796108,1.42210481565827,-0.423149992689409,15,2,0.59283529878488,2,0.51514614002873,"1",0.0281333764309431,1.25138895191033,2.28393749489628,-1.01426762269961,3.6875,27,24,0.837076435738866,2,0.587599887020751,2.93878813432427,"Z6",-0.75030609540052,-0.0146835102196519,0.621848739495798,NA,1,"male","Z"
"J1480",10,15.8839999675751,12,1,44.4375,0,0,0,0,NA,0,3,0.05257957145829,0,0.000683511118237353,0.260307399777281,NA,-0.351629293505251,-0.878579701804453,-1.02023973872352,-0.737203057945402,-0.309190185225567,0.824155606253744,1.72405603095707,-0.456738888298483,-0.407649611829639,-0.575964884134109,-0.387085333154085,0.0573592045667922,15,1,-0.863098449701516,1,-0.933265931763001,"1",0.01752652381943,-1.02023973872352,9.29587430984806,1.1876966912361,2.6,3,2,0.0416779615071835,0,0,10.6713421737883,"Y1",-0.178952818830369,1.24645695730566,1,NA,1,"male","Y"
"J1529",1,2.04999995231628,10,1,43.3,1,55,48.7117454268716,1,5,1.2,1,0.00383141762452107,0,6.8910448680265e-05,0.305132191700664,5,1.16643321323025,-0.99619317691575,-1.14274326714272,-0.739728198840774,-0.309190185225567,0.0438861097531334,1.15335760247376,-0.56781955967593,-0.388590257291117,-0.576010571235649,-0.273778331422409,0.145352210303459,15,1,-0.863098449701516,1,-1.01181182775275,"1",0.00383141762452107,-1.14274326714272,12.8840987267251,2.3145097708275,2,1,1,0.0040650406504065,0,2.6889678239917e-19,12.8840987267251,"Y1",0.618313518244181,-2.08855894570572,0,2679.14599847794,1,"male","Y"
"J1556",258,28.7641395302706,9,0,43.26,0,0,0,0,NA,2.33333333333333,56,1.25686178882268,1765,0.813408805298374,0.35465929922366,NA,0.749489021802665,2.23817738864493,2.00610709161419,2.60195027964586,3.13312721028574,0.0164480615245412,0.868008388232102,2.60415072299116,-0.277614824947337,-0.356387778379604,0.697467145077709,1.09597953169103,15,1,-0.863098449701516,1,1.23110986884336,"1",0.0224439605146906,2.00610709161419,2.00720267516208,-1.10117088688458,2.625,99,41,1.23707835430498,285,0.791466476787353,2.20828297065558,"Z6",1.49921656110154,-0.706909500172434,0.414285714285714,NA,0,"female","Z"
"J1618",1,2.04999995231628,9,0,43.275,1,1,0,1,9,0,2,0.104700854700855,0,0.00736914886683458,0.117836165556671,9,-0.746298264943801,-0.937386439360102,-0.889259576382931,-0.709734527358231,-0.309190185225567,0.0267373296102638,0.868008388232102,-0.56781955967593,-0.331727400565515,-0.309786735960867,-0.233353717030596,0.130671373016036,15,1,-0.863098449701516,1,-1.01181182775275,"1",0.0523504273504274,-0.889259576382931,10.0447561542039,1.42286867583097,3,1,1,0.0277777777777778,0,0,12.8840987267251,"Y1",-2.71298620017221,1.24645695730566,1,0,0,"female","Y"
"J1631",44,13.7990000193769,9,1,44.24,0,0,0,0,NA,2,31,0.732572655974655,47,0.268070484439521,0.312698289835337,NA,1.13562628444312,0.768008949753712,0.688574761984995,0.36137983443877,-0.217525076109968,0.688680243125068,0.868008388232102,-0.0371007964281293,0.708973294402714,0.629990341507682,0.287034618374368,-0.192006431747212,15,2,0.59283529878488,2,0.39296363515579,"1",0.0236313759991824,0.688574761984995,2.63382507467106,-0.904392136812373,2.51515151515152,25,17,0.574719144893126,132,0,3.52703724686877,"Z2",0.752886264417489,-0.388776646751533,0.509677419354839,NA,1,"male","Z"
"J164",16,22.3888125270605,12,0,43.15,0,0,0,0,NA,NA,20,0.478979522888464,5,0.165330971222058,0.261270888903486,NA,-0.260339378417504,0.121134836641576,0.0512982470245568,-0.0607344899451793,-0.299438577872843,-0.0590065711040887,1.72405603095707,-0.382685107380186,0.501657358918954,0.392748818371718,0.218958087984352,0.00940360860263473,15,1,-0.863098449701516,1,-0.88090200110317,"1",0.0239489761444232,0.0512982470245568,3.1880262209873,-0.730355892742335,2.57142857142857,12,12,0.404551066705028,0,0,3.85399731893048,"Z2",-0.161815930659791,-0.249395763897974,0.551470588235294,NA,0,"female","Z"
"J1898",1,0,11,1,43.52,0,0,0,0,NA,5.33333333333333,1,0.0188679245283019,0,0.0105860930225475,0.154358005324387,NA,2.19109964220716,-0.99619317691575,-1.10495670486399,-0.696517429414664,-0.309190185225567,0.194795375010393,1.43870681671541,-0.56781955967593,-0.384499677272096,-0.533725034124349,-0.222881484712514,0.139689447562231,15,1,-0.863098449701516,1,-1.01181182775275,"1",0.0188679245283019,-1.10495670486399,12.8840987267251,2.3145097708275,2,1,1,0.0217391304347826,0,0.0104730103612987,12.8840987267251,"Z6",-2.06339850181546,-2.08855894570572,0,NA,1,"male","Y"
"J1962",137,27.5925547293503,10,1,43.4666666666667,0,0,0,0,NA,0.5,45,1.48409856485275,84,0.939866293355578,0.28536555900857,NA,1.09678788613567,1.59130327553279,2.57715039604813,3.12151198928305,-0.145363181699816,0.158211310705607,1.15335760247376,1.11073280780549,0.207648294125148,1.2741252177561,2.01944518547451,-1.01936072432449,15,1,-0.863098449701516,1,0.175103933870095,"1",0.032979968107839,2.57715039604813,2.08610596957467,-1.0763928201202,3.70422535211268,63,32,1.3797904475731,17,0.919875434404519,2.40873766445016,"Z6",0.266738638216606,-0.346939529688666,0.522222222222222,NA,1,"male","Z"
"J1964",6,18.1973333358765,10,0,39.84,0,0,0,0,NA,1,13,0.459691318569135,0,0.16143758683457,0.286090104857198,NA,1.42705968658034,-0.290512326247965,0.0028272199155981,-0.0767308020633109,-0.309190185225567,-2.32950506202015,1.15335760247376,-0.506108075577348,0.234053811659169,0.504077080737197,0.328253707491391,0.0915275240376117,15,2,0.59283529878488,2,0.061325407643525,"1",0.0353608706591642,0.0028272199155981,5.50610708234414,-0.00240704376797143,4,5,9,0.38435187576686,0,0.124957093478852,7.05769284201919,"Z6",0.279625614150946,0.579453776703384,0.8,NA,0,"female","Z"
"J2039",64,28.9178749881685,8,1,43.25,3,25,24.0348000049591,1,9.33333333333333,1.66666666666667,34,1.02903186699557,27,0.664527631193682,0.326269756598474,9.33333333333333,0.0984776082669963,0.944429162420658,1.43357321887585,1.99025888407081,-0.256531505520861,0.00958854946739431,0.582659173990447,0.209745139966197,0.585404846477928,1.08716300535974,1.67094168566113,-0.408049367124733,15,1,-0.863098449701516,1,-0.46199055582452,"1",0.0302656431469285,1.43357321887585,2.50494241144265,-0.944865266078,3.68421052631579,34,27,0.944036856088011,12,0.643464320354129,2.76775062163905,"Z6",0.994272183474728,-0.350945554797388,0.521021021021021,600.870000123978,1,"male","Z"
"J2124",2,19.3614999055862,8,0,40.5,1,21,36.5280476297651,1,12,NA,4,0.0706634567387,0,0.00106955886497089,0.307281920293633,12,0.140375127543528,-0.819772964248804,-0.974795150977023,-0.735616946831098,-0.309190185225567,-1.87677726624836,0.582659173990447,-0.555477262856214,-0.233308763745161,-0.409970387175613,-0.285299188171698,0.123993286894991,15,1,-0.863098449701516,1,-1.00308450597611,"1",0.017665864184675,-0.974795150977023,8.31361147628368,0.879235881691713,5,1,4,0.116192199206136,9,0,9.02316845322413,"Y1",0.656549194696394,1.24645695730566,1,767.089000225067,0,"female","Y"
"J2128",156,37.9669615381803,8,0,41.5666666666667,1,4,31.279500067234,1,10,0.75,20,0.474184247816396,185,0.00577428937259077,0.246630279587456,10,0.48670986702882,0.121134836641576,0.0392477780350627,-0.716287147833228,0.0516192868251937,-1.14509598015256,0.582659173990447,1.3452364473801,-1.48767064336124,-1.48952432061169,-2.0028367389892,-1.00467533536661,15,2,0.59283529878488,2,1.37042367413931,"1",0.0237092123908198,0.0392477780350627,3.75829696469355,-0.551273299721085,1.78947368421053,31,19,0.49233690534453,52,0,3.84184310157244,"Y1",-0.422217919404806,-0.807719504694103,0.384057971014493,125.118000268936,0,"female","Y"
"J2168",143,21.3228251834016,8,1,45.0166666666667,2,8,38.6285000145435,1,1.5,1.2,61,1.28641664367356,602,0.74523066192231,0.348411318442431,1.5,0.265719170407968,2.53221107642318,2.08037808890153,2.32183438238612,0.864903340042313,1.22143567956358,0.582659173990447,1.18478658872378,1.07984994220036,0.697278244854885,1.16616794984364,-0.0686529413043144,15,2,0.59283529878488,2,1.25696849104301,"1",0.0210887974372714,2.08037808890153,1.83028255757222,-1.1567292576502,3,73,39,1.34282631292288,109.5,0.852921463880168,2.34575702082773,"Z6",1.38808822033696,-0.735858153738651,0.40560549973559,309.028000116348,1,"male","Z"
"J2263",208,35.7710528923915,8,1,41.7666666666667,2,2,67.43649995327,1,11,3,31,0.621535562622284,931,0.0101838538508582,0.306444584888301,11,0.663280516389677,0.768008949753712,0.409539872428717,-0.69817006442218,1.5065591038515,-1.00790573900959,0.582659173990447,1.98703588200534,-1.36742481633846,-1.60504658676299,-2.3660152253073,-0.0685006563518885,15,2,0.59283529878488,2,1.82424440652451,"1",0.0200495342781382,0.409539872428717,3.56347899670484,-0.612452147241485,1.94202898550725,44,20,0.553708367631696,106,0,4.18401628807647,"Y1",0.641656112032394,-1.04588730706308,0.31264367816092,134.87299990654,1,"male","Y"
"J2377",16,15.1858750134706,10,0,41.4,1,18,19.7966111103694,1,12,0,21,0.555382005906679,0,0.286032432473705,0.274795122947516,12,-0.470203130841107,0.179941574197225,0.243296774427994,0.435178077409035,-0.309190185225567,-1.25942118110502,1.15335760247376,-0.382685107380186,0.566759519615258,0.595567877484381,0.72231345298027,-0.0147342169684288,15,1,-0.863098449701516,1,-0.88090200110317,"1",0.0264467621860324,0.243296774427994,3.18650173948714,-0.730834626927941,3.46153846153846,10,18,0.507818907248761,0,0.282004859147225,3.41227399088744,"Z6",0.0787298939912762,0.218270236219147,0.691699604743083,356.338999986649,0,"female","Z"
"J2395",128,19.3510546833277,10,1,44.7333333333333,5,46,33.4420652026716,1,8.8,5.25,49,1.36865775312792,416,0.857700798530537,0.30850400257561,8.8,0.162113754546936,1.82653022575539,2.28704901481239,2.78392782862684,0.502143546521008,1.02708283794438,1.15335760247376,0.99965213642804,0.565057609051905,1.09006829477593,1.7596246287446,-0.271149116264642,15,2,0.59283529878488,2,1.12605866439343,"1",0.0279317908801617,2.28704901481239,2.01142917395532,-1.099843635975,3.19191919191919,75,30,1.17030771913314,59,0.816988619668356,2.5701419678642,"Z6",0.678285493354982,-0.362518062024728,0.517551020408163,1538.33499932289,1,"male","Z"
"J2396",5,3.79379997253418,8,1,45.425,0,0,0,0,NA,0,10,0.218804263756942,0,0.119231296567689,0.302855697322118,NA,-0.387981517537083,-0.466932538914912,-0.602519072082076,-0.250139057006542,-0.309190185225567,1.50153242189713,0.582659173990447,-0.518450372397065,0.0885836638039375,-0.0978017848577495,0.165943128804878,0.093133038252469,15,1,-0.863098449701516,1,-0.976902540646194,"1",0.0218804263756942,-0.602519072082076,5.95906829828785,0.139836741284138,3.5,4,10,0.170020461918317,22,0.126620413486673,4.33442301430293,"Z6",0.577823149930663,0.968538965388045,0.916666666666667,NA,1,"male","Z"
"J2542",77,26.1107532451679,8,0,41.7,0,0,0,0,NA,2.42857142857143,19,0.516657082573847,160,0.00723831316274896,0.180073504809225,NA,-0.779294228862539,0.0623280990859271,0.14598150455722,-0.710272077353416,0.00286125006157746,-1.05363581939058,0.582659173990447,0.370194998622509,-0.496146837422426,-0.379985260021768,-1.17666753535507,-0.281203031367699,15,2,0.59283529878488,2,0.680965253784862,"1",0.0271924780302025,0.14598150455722,3.0555394430288,-0.771960825135747,2.1,23,12,0.413030698825735,32,0,3.88462934846403,"Y1",-1.60601540642124,-0.666272751774396,0.426470588235294,NA,0,"female","Y"
"J2619",12,12.93783334891,7,1,43,1,3,19.0406666596731,1,5,0,20,0.504490219951705,0,0.279968904356968,0.28379549920974,5,0.912316159972582,0.121134836641576,0.115406324088097,0.410265538949154,-0.309190185225567,-0.161899251961311,0.297309959748791,-0.432054294659051,0.556315362266341,0.537370046453092,0.756887981010944,0.0295606972178532,15,1,-0.863098449701516,1,-0.915811288209724,"1",0.0252245109975853,0.115406324088097,3.27381705008628,-0.703414927767281,3.9,10,15,0.484412192037824,3,0.315769479558561,3.64598795057763,"Z6",0.23881311372247,0.632111922540405,0.815789473684211,57.1219999790192,1,"male","Z"
"J2621",30,30.7917333285014,7,0,44.75,1,3,5.3339999516805,1,8,1.66666666666667,28,0.687546933050927,0,0.405737021162408,0.253854966217041,8,-0.707626613062284,0.591588737086766,0.575425657988338,0.926994906179073,-0.309190185225567,1.03851535803962,0.297309959748791,-0.209892951904157,0.736490467404248,0.719908837400882,1.03310820269455,-0.147670553615541,15,2,0.59283529878488,2,0.27078113028285,"1",0.0245552476089617,0.575425657988338,2.51594895719441,-0.941408871417771,3.14814814814815,24,19,0.558098534086082,1,0.341640575493007,3.09541794192763,"Z6",-0.293717614137887,0.24948130375993,0.701058201058201,16.0019998550415,0,"female","Z"
"J2661",75,33.9678800074259,7,1,44.5666666666667,4,54,41.2907407460389,1,6.5,0,41,0.940544734711395,161,0.523964864987153,0.289052590296516,6.5,0.965361955040905,1.3560763253102,1.21120611218556,1.41274439881898,0.00481157153212211,0.91275763699191,0.297309959748791,0.345510404983076,0.823966516361624,0.711939582713505,0.960407189935951,-0.27222750796716,15,2,0.59283529878488,2,0.663510610231585,"1",0.0229401154807657,1.21120611218556,1.99960348999725,-1.10355726528324,2.88679245283019,40,30,0.766973959564744,85,0.463005012273671,2.37876801364366,"Z6",0.332317212114839,-0.250233106484813,0.551219512195122,2229.7000002861,1,"male","Z"
"J2680",59,27.2365254143537,7,0,44.5,0,0,0,0,NA,0.333333333333333,31,0.587359468864497,57,0.337008515350803,0.306631798193696,NA,-0.630080209165479,0.768008949753712,0.323655756956547,0.644617796457158,-0.198021861404522,0.86702755661092,0.297309959748791,0.148033655867615,0.484783898429804,0.0484547444261409,0.394999753402168,-0.311970969215263,15,2,0.59283529878488,2,0.523873461805368,"1",0.0189470796407902,0.323655756956547,2.42911656168351,-0.968676920354099,2.44186046511628,27,17,0.302496895012808,45,0.211335846428757,3.20200019713049,"Z6",0.644985940456328,0.217712132384811,0.691532258064516,NA,0,"female","Z"
"J2701",1,0,7,0,42.525,0,0,0,0,NA,0,0,0,0,2.66332442230021e-18,NA,NA,-1.44467978558501,-1.0549999144714,-1.15237157387721,-0.74001132347877,-0.309190185225567,-0.487726074675851,0.297309959748791,-0.56781955967593,-0.449059694382995,-0.579005958766011,-0.279059584138132,0.14170223762025,15,1,-0.863098449701516,1,-1.01181182775275,"1",NA,-1.15237157387721,NA,0,1,1,0,0,0,0,NA,"Z6",0,-2.08855894570572,0,NA,0,"female","Y"
"J2783",70,16.2727428742817,7,1,45.575,2,24,34.0302083293597,1,1,4,51,1.07576173727924,206,0.548225103846846,0.333329204531439,1,1.00327258220848,1.94414370086669,1.5510048248366,1.51241972348181,0.0925760377066314,1.60442510275435,0.297309959748791,0.283798920884494,1.49189493290895,1.12575796101594,1.12727914857369,-0.130725061557182,15,2,0.59283529878488,2,0.619874001348392,"1",0.0210933673976322,1.5510048248366,1.77790163035173,-1.17317848352235,3.18367346938776,37,21,0.616034462884427,55,0,2.84921926151139,"Z2",1.11983350688038,-0.560009990158838,0.458333333333333,816.724999904633,1,"male","Z"
"J2941",258,14.6662209301956,9,1,45.18,4,272,9.59543381631374,1,8.25,3.66666666666667,31,0.675209428164939,603,0.0161983733786144,0.333554564631547,8.25,0.920050490348887,0.768008949753712,0.544421655548028,-0.673458882059664,0.866853661512858,1.333474376497,0.868008388232102,2.60415072299116,-1.74728545996113,-1.81275306463937,-2.57649026138352,-1.17628434623149,15,2,0.59283529878488,2,2.26061049535644,"1",0.0217809492956432,0.544421655548028,2.70992676771451,-0.880493859241697,1.99090909090909,41,10,0.37663825192895,57,0,5.20502717500838,"Y4",1.12384182490768,-1.14722381179122,0.282258064516129,2609.95799803734,1,"male","Y"
"J295",2,10.1069999933243,13,0,42.6333333333333,0,0,0,0,NA,1.5,2,0.0162032536133256,0,0.000234716100289897,0.24384506197488,NA,0.115541025863188,-0.937386439360102,-1.11165299105103,-0.739046971741127,-0.309190185225567,-0.413414694056745,2.00940524519872,-0.555477262856214,-0.344972766504978,-0.552304435640787,-0.288462500491921,0.129491847164007,15,1,-0.863098449701516,1,-1.00308450597611,"1",0.00810162680666278,-1.11165299105103,9.14042799873179,1.13888175766724,2,2,1,0.0153846153846154,0,0,12.8840987267251,"Y4",-0.471756582021004,1.24645695730566,1,NA,0,"female","Y"
"J2952",7,7.91671429361616,9,0,42.9,1,1,0,1,10,0.75,2,0.0249493414387031,0,0.000387076481339745,0.227900657732807,10,0.357509324773501,-0.937386439360102,-1.08967417679426,-0.738420985717876,-0.309190185225567,-0.230494372532794,0.868008388232102,-0.493765778757632,-0.424825969959368,-0.604080496232421,-0.341091996639223,0.0701127870232511,15,1,-0.863098449701516,1,-0.959447897092917,"1",0.0124746707193516,-1.08967417679426,9.90176959430557,1.37796648823606,1.75,3,1,0.0303030303030303,0,0,12.8840987267251,"Y4",-0.75534823345893,-2.08855894570572,0,0,0,"female","Y"
"J2961",735,16.4593387730268,9,1,46.58,1,106,13.1123490580973,1,8,2.55555555555556,40,0.874835599501933,3208,0.016796398711982,0.375341379624514,8,0.112351512176021,1.29726958775455,1.04607984012236,-0.671001842390567,5.94744109228167,2.29380606449775,0.868008388232102,8.49142630599583,0.265450041384413,0.271779556054825,0.0518585826600048,-0.663348521206875,15,2,0.59283529878488,2,6.42354298281303,"1",0.0218708899875483,1.04607984012236,3.47473988582904,-0.640318963579908,2.01915708812261,75,26,0.765111198625261,266,0,4.15799555321353,"Y1",1.86707385115777,-1.35494546096772,0.219973009446694,1389.90900015831,1,"male","Y"
"J2969",72,14.2302916712231,7,0,43.74,1,1,0,1,9,1.5,41,0.816154511705903,198,0.330778645674004,0.316771666638027,9,1.16185204283327,1.3560763253102,0.898614967278063,0.619021829070628,0.0769734659422742,0.345704640267658,0.297309959748791,0.308483514523927,0.868901085763104,0.447665175759945,0.223183459342839,-0.171079067004555,15,2,0.59283529878488,2,0.637328644901669,"1",0.019906207602583,0.898614967278063,2.11552485516928,-1.06715438315983,2.65853658536585,31,20,0.586493478407026,168,0,3.02108953200245,"Z2",0.825336488136458,-0.530862493445527,0.467073170731707,0,0,"female","Z"
"J2986",44,14.9059090993621,9,1,45.2,0,0,0,0,NA,0.2,37,0.920033647008907,307,0.313374554735901,0.346857715015999,NA,1.4254285760289,1.1208493750876,1.15966199373876,0.5475155910344,0.289558506231641,1.3471934006113,0.868008388232102,-0.0371007964281293,1.05958870028297,1.10636617773167,0.479584172299518,0.306045157517194,15,2,0.59283529878488,2,0.39296363515579,"1",0.024865774243484,1.15966199373876,2.23860933738129,-1.02850206147145,3.10714285714286,23,20,0.696408324535297,32,0,3.08529194458182,"Z2",1.36045539350365,-0.413935028546379,0.502133712660028,NA,1,"male","Z"
"J2994",1,0,9,0,43.75,0,0,0,0,NA,0.8,1,0.00813008130081301,0,0.000700047194824789,0.267194194199571,NA,-1.11208855729066,-0.99619317691575,-1.13194077666013,-0.737135118020653,-0.309190185225567,0.352564152324805,0.868008388232102,-0.56781955967593,-0.393769389753628,-0.557282627966126,-0.263000325473247,0.133015341075985,15,1,-0.863098449701516,1,-1.01181182775275,"1",0.00813008130081301,-1.13194077666013,12.8840987267251,2.3145097708275,2,1,1,0.00917431192660551,0,0,12.8840987267251,"Y2",-0.0564623592509988,-2.08855894570572,0,NA,0,"female","Y"
"J3243",1,9.16100001335144,6,1,42.68,0,0,0,0,NA,2.25,3,0.132418909592823,0,0.0273464950065174,0.272120080329175,NA,0.149037229059708,-0.878579701804453,-0.81960443545673,-0.627655844048846,-0.309190185225567,-0.381403637790054,0.0119607455071354,-0.56781955967593,-0.26801883083766,-0.245236528200618,-0.162174960707587,0.139470296678084,15,1,-0.863098449701516,1,-1.01181182775275,"1",0.0441396365309409,-0.81960443545673,10.9206383254819,1.69792267806527,4,1,2,0.105714285714286,0,0.0145858596721976,12.2033536685486,"Z6",0.0311508347624362,1.24645695730566,1,NA,1,"male","Y"
"J3378",85,23.4383411716012,6,1,45.425,4,54,36.3791481609698,1,4,4.66666666666667,57,1.1138537212075,233,0.478622864100969,0.279733429791117,4,0.422073242193313,2.29698412620058,1.64672952554245,1.22645280105973,0.145234717411337,1.50153242189713,0.0119607455071354,0.468933373180239,1.62035773394475,1.01247501333445,0.664614466967192,-0.224713132148277,15,2,0.59283529878488,2,0.750783827997971,"1",0.0195412933545176,1.64672952554245,1.59873248369028,-1.22944311874633,2.87301587301587,51,24,0.669797162213246,223,0,2.78724963321976,"Z2",0.166564006311925,-0.754552584501168,0.4,1964.47400069237,1,"male","Z"
"J338",2,5.46150004863739,13,1,43.24,0,0,0,0,NA,0.666666666666667,1,0.0333333333333333,0,0.0164331787974987,0.121014819335035,NA,1.60754452063447,-0.99619317691575,-1.06860530528719,-0.672494163348721,-0.309190185225567,0.00272903741024747,2.00940524519872,-0.555477262856214,-0.405319346183627,-0.512415159511144,-0.215100298905471,0.129584790192538,15,1,-0.863098449701516,1,-1.00308450597611,"1",0.0333333333333333,-1.06860530528719,12.8840987267251,2.3145097708275,2,1,1,0.0408163265306122,0,7.32112344565255e-18,12.8840987267251,"Z2",-2.65644977142456,-2.08855894570572,0,NA,1,"male","Z"
"J3383",34,11.7272058935726,6,1,43.5285714285714,1,6,19.260999917984,1,5,1.33333333333333,23,0.58688811095294,1,0.209467151537428,0.25059780317273,5,1.73657831646386,0.297555049308522,0.322471240153903,0.120602887965851,-0.307239863755022,0.200674956773668,0.0119607455071354,-0.160523764625292,0.404687633250732,0.412906842713433,0.187138745862056,-0.177578758110529,15,2,0.59283529878488,2,0.305690417389404,"1",0.0255168743892583,0.322471240153903,2.83427264482945,-0.841445420669304,2.66666666666667,17,15,0.522318256969862,7.5,0,3.45352840517697,"Z2",-0.351650430737034,-0.210688452625466,0.563076923076923,115.565999507904,1,"male","Z"
"J3467",62,9.0894032139932,7,1,46.4,0,0,0,0,NA,0,7,0.315989372507713,96,0.0254345653980973,0.235018431691473,NA,0.521728119653229,-0.643352751581858,-0.358294054405068,-0.635511174969285,-0.12195932405328,2.17033484746908,0.297309959748791,0.185060546326764,-0.974676856986871,-0.674578949101945,-0.915504685961046,-0.260297809947328,15,1,-0.863098449701516,1,-0.479445199377797,"1",0.0451413389296733,-0.358294054405068,6.62178031708351,0.347948744331951,1.96551724137931,10,5,0.29453607024205,8,0,7.29068428691813,"Y2",-0.628749506980734,0.1347849896352,0.666666666666667,NA,1,"male","Y"
"J3477",71,28.1052112713666,6,1,43.7666666666667,0,0,0,0,NA,1.5,43,0.827472529332164,21,0.434761210826208,0.271974038727014,NA,0.710150384217435,1.4736898004215,0.927057010409698,1.0462433416354,-0.268233434344129,0.363996672420051,0.0119607455071354,0.296141217704211,0.998987192364619,0.475128481072467,0.647255706133936,-0.511852986865512,15,2,0.59283529878488,2,0.628601323125031,"1",0.0192435471937712,0.927057010409698,1.92270938587824,-1.12770438435897,2.64814814814815,35,24,0.56643505337011,2,0.387285793392659,2.74975488681659,"Z6",0.0285532978142632,-0.422662112993755,0.49951690821256,NA,1,"male","Z"
"J3492",12,5.8275833328565,7,0,40.5,1,1,10.9530000686646,1,21,NA,4,0.27308449862321,0,0.0074240695746496,0.127426392787626,21,-0.638872703399736,-0.819772964248804,-0.466113490093967,-0.709508880800757,-0.309190185225567,-1.87677726624836,0.297309959748791,-0.432054294659051,-0.374880300543304,-0.0612845191096017,-0.373664015768514,0.0285315621460324,15,2,0.59283529878488,2,0.113689338303356,"2",0.0682711246558026,-0.466113490093967,8.10100836460084,0.812471950796179,1.76923076923077,6,4,0.281149565089194,0,0,6.88893525710809,"Y2",-2.54241172546623,0.0553798490873099,0.642857142857143,10.9530000686646,0,"female","Y"
"J3508",55,18.7782727241516,7,0,43.525,1,1,4.66300010681152,1,2,1,32,0.648503201343027,141.5,0.252457535405687,0.309371415894828,2,0.0759052491339503,0.826815687309361,0.477309226478324,0.297232660419088,-0.0332196971434986,0.198225131038969,0.297309959748791,0.09866446858875,0.599713855765147,0.262978102465615,0.0988439382676228,-0.108623847374064,15,2,0.59283529878488,2,0.488964174698814,"1",0.0202657250419696,0.477309226478324,2.47573140557942,-0.954038422394504,2.3,25,18,0.56409847955499,46,8.74731632467577e-18,3.31494219153145,"Z2",0.693713550241993,-0.263883578081103,0.547126436781609,4.66300010681152,0,"female","Z"
"J3631",29,13.9106551449874,6,0,40.95,0,0,0,0,NA,1.75,32,0.772177811963678,0,0.410287388754733,0.259354565791065,NA,2.60744955534673,0.826815687309361,0.788102046008772,0.945690491565654,-0.309190185225567,-1.56809922367669,0.0119607455071354,-0.222235248723874,0.995737757410896,0.942815555457263,1.06217715525419,-0.129192070214086,15,2,0.59283529878488,2,0.262053808506212,"1",0.0241305566238649,0.788102046008772,2.29938974404879,-1.0094151401257,3.47826086956522,21,25,0.755347361822951,5,0.463602273488268,2.76365031891546,"Z6",-0.195900191688876,-0.105031342100162,0.594758064516129,NA,0,"female","Z"
"J3714",80,12.4205249965191,5,1,44.3,1,3,13.7756667137146,1,13,NA,39,0.845057073288085,24,0.382002874159581,0.3078335940358,13,-1.75108160919705,1.2384628501989,0.971246759371038,0.829481076171702,-0.262382469932495,0.729837315467954,-0.27338846873452,0.407221889081657,0.642140863566385,0.393788476870941,0.331818878690678,-0.590945404990057,15,2,0.59283529878488,2,0.707147219114778,"1",0.0216681300843099,0.971246759371038,2.10995414088331,-1.0689037591717,2.83333333333333,33,17,0.586724326863615,19,0,3.44550989351223,"Z2",0.666361418798388,-0.314159458847101,0.532051282051282,41.3270001411438,1,"male","Z"
"J3715",26,21.5216537989103,5,0,43.65,1,1,1.95600008964539,1,23,NA,27,0.68893484840989,3,0.358202209810235,0.290111571397998,23,0.88499588401663,0.532781999531117,0.578913472710509,0.731693953797001,-0.303339220813933,0.283969031753321,-0.27338846873452,-0.259262139183023,0.747303590064394,0.781111567844937,0.897640732138462,-0.0946335428698205,15,2,0.59283529878488,2,0.235871843176296,"1",0.0255161054966626,0.578913472710509,2.58861634620051,-0.918589071182671,3.08,20,21,0.580143386977495,21,0.311387970366855,3.00666050420905,"Z6",0.35115254737423,0.303952462976357,0.717391304347826,1.95600008964539,0,"female","Z"
"J3716",73,18.8630411004367,5,1,44.825,0,0,0,0,NA,1,33,0.757743215742643,0,0.464107278929885,0.27036752126542,NA,-0.140004037812135,0.88562242486501,0.751828078087584,1.16681424296611,-0.309190185225567,1.08996169846824,-0.27338846873452,0.320825811343643,0.377687727744584,0.282591850566478,0.750583418052897,-0.568169126731092,15,1,-0.863098449701516,1,-0.383444659834772,"1",0.0229619156285649,0.751828078087584,2.30050079008146,-1.00906623742169,2.92105263157895,28,22,0.705828981973667,1,0.479018236070959,2.87336750880192,"Z6",-2.0672908029621e-05,0.0133418335031327,0.630252100840336,NA,1,"male","Z"
"J3753",7,10.6091428143638,5,1,43.2666666666667,2,36,16.6278333200349,1,8,NA,7,0.289964703144412,100,0.00270666684072909,0.311746145047899,8,-0.0281640522970164,-0.643352751581858,-0.423693737720646,-0.728890744754706,-0.114158038171102,0.0210210695626407,-0.27338846873452,-0.493765778757632,-0.130172356382787,0.0617704441344369,-0.33802130681728,0.265230229173504,15,2,0.59283529878488,2,0.0700527294201635,"1",0.0414235290206303,-0.423693737720646,7.28394778736556,0.555889742359925,2.6,4,2,0.0553846153846154,0,0,9.94956416937415,"Y4",0.735951149841987,0.45240555182676,0.761904761904762,598.601999521255,1,"male","Y"
"J3769",4,12.2337499856949,5,0,44.225,0,0,0,0,NA,3.33333333333333,8,0.259789308539308,0,0.093557911104996,0.302699464445531,NA,-0.686445910639051,-0.584546014026209,-0.49952414399967,-0.355620418751901,-0.309190185225567,0.678390975039345,-0.27338846873452,-0.530792669216781,-0.0380288437455983,0.0235472851533059,0.0770406954467924,0.109979911577651,15,1,-0.863098449701516,1,-0.985629862422833,"1",0.0324736635674136,-0.49952414399967,8.44117455354986,0.919294620286879,5,2,4,0.242583413926499,15,0.0543815482372687,10.7044107768458,"Z6",0.575044348113586,0.912955367004522,0.9,NA,0,"female","Z"
"J3777",120,21.9766499896844,5,1,43.0666666666667,0,0,0,0,NA,1,44,1.18687519874199,8,0.716887040532132,0.255028914936836,NA,-1.65647178770405,1.53249653797715,1.83023162654226,2.20538212152729,-0.293587613461209,-0.116169171580325,-0.27338846873452,0.900913761870309,0.373708753706115,0.739993871357872,1.25701558737805,-1.00033079470011,15,2,0.59283529878488,2,1.05624009018032,"1",0.0269744363350453,1.83023162654226,2.06170921484344,-1.08405415317436,3.21875,53,31,1.05558387448668,33,0.680766703011304,2.44732354125704,"Z6",-0.272837432533385,-0.241256267927747,0.553911205073996,NA,1,"male","Z"
"J3791",1,7.03600001335144,7,0,43.95,0,0,0,0,NA,0,2,0.0203252032520325,0,0.00237773110702942,0.276921955496287,NA,-0.862219181578118,-0.937386439360102,-1.10129458083452,-0.730242206141354,-0.309190185225567,0.489754393467771,0.297309959748791,-0.56781955967593,-0.326431910288852,-0.525484371444598,-0.26341948840529,0.137412538791183,15,1,-0.863098449701516,1,-1.01181182775275,"1",0.0101626016260163,-1.10129458083452,9.26498785752038,1.17799739308148,3,1,2,0.0258409785932722,6,0,9.46147370190729,"Y2",0.116558334971623,1.24645695730566,1,NA,0,"female","Y"
"J3845",2,2.05599987506866,5,0,42.1,0,0,0,0,NA,NA,4,0.0687401656673483,0,0.000906148964990493,0.226212636668208,NA,-1.94152616246693,-0.819772964248804,-0.979628358470812,-0.736288330774507,-0.309190185225567,-0.779255337104648,-0.27338846873452,-0.555477262856214,-0.229787637067819,-0.427593602300116,-0.28128135988477,0.122817399805216,15,1,-0.863098449701516,1,-1.00308450597611,"1",0.0171850414168371,-0.979628358470812,6.68357450983144,0.367354025758513,5,1,1,0.015625,0,0,12.8840987267251,"Y4",-0.785371850152514,1.24645695730566,1,NA,0,"female","Y"
"J3884",15,18.1692000548045,6,1,42.8,1,1,2.34300017356873,1,2,NA,14,0.315716732967683,0,0.132068264945863,0.306220787658883,2,0.0896487603248924,-0.231705588692317,-0.358979194313221,-0.197397243614634,-0.309190185225567,-0.299089493104277,0.0119607455071354,-0.395027404199902,0.155705045505664,0.00896702655969176,0.0942649453710721,-0.0050754610283495,15,2,0.59283529878488,2,0.139871303633272,"1",0.0225511952119774,-0.358979194313221,4.4544049132581,-0.332673945243491,3,7,6,0.261282980795176,45,0,6.37502510631597,"Z2",0.637675591662085,0.18531553362022,0.681818181818182,2.34300017356873,1,"male","Z"
"J3899",1,7.47299981117249,7,0,42.65,0,0,0,0,NA,0,1,0.0227272727272727,0,0.0003122153659493,0.146889474263396,NA,-0.419679863756246,-0.99619317691575,-1.09525820892947,-0.738728559193319,-0.309190185225567,-0.401982173961494,0.297309959748791,-0.56781955967593,-0.389977232616327,-0.516843248169917,-0.264047424068907,0.137025772177475,15,1,-0.863098449701516,1,-1.01181182775275,"1",0.0227272727272727,-1.09525820892947,12.8840987267251,2.3145097708275,1.5,2,1,0.0232558139534884,0,0,12.8840987267251,"Y1",-2.196235892617,-2.08855894570572,0,NA,0,"female","Y"
"J3909",1,0.197000026702881,7,0,42.5,0,0,0,0,NA,NA,4,0.296238312676669,0,0.0537504520200315,0.210585933902602,NA,-1.19955832669537,-0.819772964248804,-0.40792823188741,-0.519172864844621,-0.309190185225567,-0.504874854818721,0.297309959748791,-0.56781955967593,-0.216009504544678,0.168925305240013,-0.0386365061650976,0.133645501971528,15,1,-0.863098449701516,1,-1.01181182775275,"1",0.0740595781691672,-0.40792823188741,10.9225161424523,1.69851237048067,5,1,4,0.561649325873319,0,7.3021075405989e-17,11.4915478866366,"Z2",-1.06331277391146,1.24645695730566,1,NA,0,"female","Y"
"J3912",2,1.95499992370605,7,1,45.3,0,0,0,0,NA,NA,3,0.0328869047619048,0,0.0219927211925112,0.265481977174804,NA,-0.52000172691987,-0.878579701804453,-1.06972717495581,-0.649652294544191,-0.309190185225567,1.41578852118277,0.297309959748791,-0.555477262856214,-0.285574160313294,-0.50371041442198,-0.192063862631717,0.121260626435677,15,1,-0.863098449701516,1,-1.00308450597611,"1",0.0109623015873016,-1.06972717495581,7.7284829442128,0.695487485109147,2.5,2,1,0.0256410256410256,0,0,12.8840987267251,"Z2",-0.0869163320869721,1.24645695730566,1,NA,1,"male","Z"
"J3987",59,27.6246949333256,7,0,42.8285714285714,6,73,47.2219726059535,1,9.16666666666667,0,20,0.501979905654678,0,0.0150714163492586,0.210295177570175,9.16666666666667,-0.0502725258601264,0.121134836641576,0.109097934238591,-0.67808908411298,-0.309190185225567,-0.279490887226708,0.297309959748791,0.148033655867615,-0.167817588551089,-0.157751409876648,-0.914429133049102,-0.426427074710924,15,3,2.04876904727128,2,1.55337408831845,"1",0.0250989952827339,0.109097934238591,2.97060873761543,-0.798631684758847,2.5,15,13,0.495232083991893,26,0,3.93956971749496,"Y1",-1.06848424769167,-0.849838753158636,0.371428571428571,3447.2040002346,0,"female","Y"
"J4046",6,13.4321667353312,5,0,41.75,0,0,0,0,NA,0,2,0.0230330505995905,80,0.000217440346051335,0.306993573345329,NA,-0.814515581620721,-0.937386439360102,-1.09448979278803,-0.739117950696548,-0.153164467581995,-1.01933825910484,-0.27338846873452,-0.506108075577348,-0.405314576504037,-0.60299794143432,-0.33241758912203,0.252333254402991,15,2,0.59283529878488,2,0.061325407643525,"1",0.0115165252997953,-1.09448979278803,10.9528713945862,1.70804485539935,1.66666666666667,3,0,0,0,0,NA,"Y4",0.651420574898816,1.24645695730566,1,NA,0,"female","Y"
"J41",41,42.6957561155645,13,0,41.34,1,4,16.0887499451637,1,24,3,19,0.37137356072135,0,0.190902781843293,0.291438310116272,24,0.912983145676294,0.0623280990859271,-0.219114250838766,0.044329542632135,-0.309190185225567,-1.30057825344792,2.00940524519872,-0.0741276868872782,0.0444118219426062,-0.226857115752847,0.0238059909017854,-0.25946184558708,15,1,-0.863098449701516,1,-0.662718956687206,"1",0.019545976880071,-0.219114250838766,3.21003910187401,-0.723443169562045,2.19047619047619,12,20,0.383232345062372,46,0.206796495409477,3.03501452071025,"Z6",0.374750294798953,0.265569927008195,0.705882352941177,64.3549997806549,0,"female","Z"
"J4109",181,19.2427126979301,4,0,43.6666666666667,4,112,55.566267862916,1,3.75,0.5,34,0.43181394792314,1681,0.12847380379951,0.353145009244882,3.75,-0.352259925501116,0.944429162420658,-0.0672282795978759,-0.212165403310949,2.96930020675999,0.295401551848568,-0.558737682976176,1.653793867873,-0.940776101784626,-1.84211424961117,-1.7039745262154,1.67517216647813,15,4,3.50470279575767,2,3.64760797158143,"2",0.0127004102330335,-0.0672282795978759,2.62067562400832,-0.908521469673083,1.74390243902439,22,7,0.216235883348112,16,0,5.94970978744314,"Y2",1.4722829742884,-1.03426359572148,0.316129032258065,6223.42200064659,0,"female","Y"
"J4111",258,12.6953410825064,4,1,45.375,3,29,26.0009655212534,1,11.3333333333333,0,28,0.635627348957563,4341,0.0804123994729113,0.409536754266287,11.3333333333333,-0.308376471226754,0.591588737086766,0.44495236320094,-0.409629909234045,8.15715531840876,1.46723486161139,-0.558737682976176,2.60415072299116,-1.91061601459698,-1.91901758389515,-2.29969161650594,6.11744599291859,15,4,3.50470279575767,2,4.3196117483826,"2",0.0227009767484844,0.44495236320094,3.92341494342308,-0.499421164377205,1.77235772357724,32,9,0.461973000863318,12,0,5.37261396195898,"Y2",2.47528238745474,-1.01274736408915,0.32258064516129,754.028000116348,1,"male","Y"
"J4126",133,14.6880225669172,4,0.5,41.8,3,63,28.7322222164699,1,7.66666666666667,NA,27,0.793617586005617,8,0.166301481652169,0.26832755101198,7.66666666666667,-1.37075042723746,0.532781999531117,0.841979942135962,-0.0567470625018848,-0.293587613461209,-0.985040698819097,-0.558737682976176,1.06136362052662,-0.802180792051304,-0.416741777258551,-1.11259370558772,-1.12487397844008,15,2,0.59283529878488,2,1.16969527327662,"2",0.029393243926134,0.841979942135962,3.02399375758051,-0.78186714281215,2.58333333333333,23,16,0.603508537427754,0,0,3.50725686586976,"Z2",-0.0363041567104881,-0.767854642233977,0.396011396011396,1810.1299996376,0.5,"unsexed","Z"
"J4151",56,18.361464283296,4,0,42.0666666666667,3,46,17.2400651962861,1,9,0,19,0.704929151776432,0,0.13685592260414,0.245718052866856,9,0.497133471814509,0.0623280990859271,0.619106966061867,-0.177726731126143,-0.309190185225567,-0.802120377295146,-0.558737682976176,0.111006765408466,-0.177483282020652,0.38242699862997,-0.399606763225513,-0.386364810046422,15,3,2.04876904727128,2,1.52719212298853,"2",0.0371015343040227,0.619106966061867,4.1108442901951,-0.440562571684779,2.80952380952381,14,5,0.24837775528565,42,0,6.8650168265275,"Y4",-0.438443040033537,-0.824304551100099,0.379084967320261,793.04299902916,0,"female","Y"
"J4161",26,28.6038846236009,4,0.5,43.3,0,0,0,0,NA,NA,23,0.661052083165959,1,0.345304994123994,0.262136290035723,NA,0.937113907945079,0.297555049308522,0.508844416636847,0.678704609042094,-0.307239863755022,0.0438861097531334,-0.558737682976176,-0.259262139183023,0.518927858026853,0.71424448460233,0.83616102612448,-0.10398316444083,15,2,0.59283529878488,2,0.235871843176296,"1",0.0287413949202591,0.508844416636847,2.77846982541349,-0.85896922617607,3.26315789473684,16,13,0.388160121817606,7,0.247795022428073,3.80546275502718,"Z6",-0.14642366309549,0.0996333068630113,0.656126482213439,NA,0.5,"unsexed","Z"
"J4162",65,18.4168153872857,4,0.5,43.1,1,4,17.8912501335144,1,3,NA,48,1.13215856550401,50.5,0.633476859061497,0.282830881001492,3,0.518908452525761,1.76772348819974,1.69272938065764,1.86268405633697,-0.210698950963062,-0.0933041313898278,-0.558737682976176,0.222087436785913,1.39864337003863,1.33127268846954,1.53782063001881,-0.389928840117354,15,2,0.59283529878488,2,0.576237392465199,"1",0.0235866367813336,1.69272938065764,1.97686320215287,-1.11069841667171,3.16071428571429,45,29,0.968658715539893,21,0.606621205022266,2.59103255834907,"Z6",0.221656143381602,-0.47686146441369,0.483265306122449,71.5650005340576,0.5,"unsexed","Z"
"J42",75,26.1110800011953,13,0,41.1142857142857,2,23,63.3270869255066,1,9.5,0,44,0.89378736632275,273,0.358817325252886,0.34010837901297,9.5,-1.04160949806645,1.53249653797715,1.09370540381539,0.734221209682899,0.223247576233123,-1.45540723988069,2.00940524519872,0.345510404983076,1.00434160970691,0.59777699031381,0.287689817554961,-0.0466726308765084,15,2,0.59283529878488,2,0.663510610231585,"1",0.0203133492346079,1.09370540381539,2.03361832338356,-1.09287555903891,2.6,35,20,0.646841590837925,135,0,3.33318254984427,"Z2",1.24040980797104,-0.515229184152179,0.471760797342193,1456.52299928665,0,"female","Z"
"J4214",79,10.0968987338151,4,0.5,42.9,5,128,11.6503515653312,1,5.4,NA,21,0.630668696268157,89.5,0.168055985421326,0.302473459179784,5.4,-2.47913918735174,0.179941574197225,0.432491328210179,-0.0495385294851947,-0.13463641361182,-0.230494372532794,-0.558737682976176,0.394879592261941,-0.413327505179369,-0.124448743300874,-0.53533039901833,-0.454444983793878,15,3,2.04876904727128,2,1.72792052385122,"2",0.0300318426794361,0.432491328210179,3.59611791488998,-0.602202520785082,2.3,22,5,0.256469870881157,0,0,6.24902206641535,"Y2",0.571024554989052,-0.52692451493055,0.468253968253968,1491.2450003624,0.5,"unsexed","Y"
"J4266",2,0.80649995803833,4,1,43.7,1,2,33.3025000095367,1,18,NA,10,0.176159652924574,0,0.10292282481747,0.295440156365493,18,0.0327828195735342,-0.466932538914912,-0.709684469829098,-0.317143847266812,-0.309190185225567,0.318266592039065,-0.558737682976176,-0.555477262856214,0.123168621343471,-0.161052621628979,0.140810134716791,0.129301703777166,15,1,-0.863098449701516,1,-1.00308450597611,"1",0.0176159652924574,-0.709684469829098,4.71696384688442,-0.250222346290491,6.5,2,8,0.125523342398342,47.1666666666667,0.0947065301230676,4.84456193886521,"Z6",0.44592825600633,0.801788170237476,0.866666666666667,66.6050000190735,1,"male","Z"
"J4304",79,24.6519620026214,4,1,43.4,5,148,38.7013648587304,1,4.6,2.5,29,0.608540905447222,391,0.211940183254586,0.335177585842264,4.6,1.67466731974558,0.650395474642415,0.376884454133876,0.130763556240176,0.453385509757392,0.112481230324616,-0.558737682976176,0.394879592261941,0.078920003695154,-0.181955795578998,-0.334788913472136,0.13888537678617,15,4,3.50470279575767,2,2.7574211503643,"2",0.0209841691533525,0.376884454133876,3.92482235929277,-0.4989791924083,2.27906976744186,25,7,0.159696470589406,16,0,5.68736273511302,"Y1",1.15270933594653,-0.7760688161335,0.393548387096774,5727.8019990921,1,"male","Y"
"J4312",20,45.031550014019,4,0,43.3,0,0,0,0,NA,NA,6,0.127881519624188,0,0.0435624790715057,0.213577552596223,NA,0.415933668660596,-0.702159489137507,-0.831006842261039,-0.561031047576188,-0.309190185225567,0.0438861097531334,-0.558737682976176,-0.33331592010132,-0.392976136206465,-0.535015537344169,-0.322951701243883,-0.0504559024285689,15,1,-0.863098449701516,1,-0.845992713996616,"1",0.0213135866040313,-0.831006842261039,5.50956905470367,-0.00131987772630761,1.85714285714286,6,5,0.136963332913884,0,0,5.9709680392762,"Z2",-1.01010300370518,-0.0875494038988923,0.6,NA,0,"female","Z"
"J4315",196,28.9971326455778,4,0.5,45.4,4,76,41.8514999904131,1,8.75,NA,48,1.24298057729248,1441,0.843732405951235,0.387292184571037,8.75,-0.0242498676037473,1.76772348819974,1.9712237728124,2.72653745941357,2.50122305382927,1.48438364175426,-0.558737682976176,1.83892832016875,-0.272564569326227,0.0524391008045876,1.14049706325301,1.05954814158953,15,2,0.59283529878488,2,1.71951654520485,"1",0.0258954286935933,1.9712237728124,2.4296659637106,-0.968504391181407,2.97115384615385,65,29,1.11436815899608,60,0.777007215697612,2.74122820250028,"Z6",2.07963422402223,-0.431157102997034,0.496969696969697,3180.71399927139,0.5,"unsexed","Z"
"J4323",3,16.6656666596731,4,1,43.9,0,0,0,0,NA,NA,7,0.321302204222272,0,0.0753437380416462,0.25414233736232,NA,-0.24218144325551,-0.643352751581858,-0.344942971753811,-0.430454950433732,-0.309190185225567,0.455456833182027,-0.558737682976176,-0.543134966036497,-0.0689613439889395,0.189839064373671,0.0129631671874818,0.122749430935814,15,2,0.59283529878488,2,0.0351434423136092,"1",0.045900314888896,-0.344942971753811,6.08203535977873,0.178452189246402,3.66666666666667,3,5,0.223371647509579,0,0,6.30522820065537,"Z2",-0.288606350246945,-0.754552584501168,0.4,NA,1,"male","Z"
"J4511",1,0,6,0,42.3,0,0,0,0,NA,NA,0,0,0,2.66332442230021e-18,NA,NA,-0.570191501152879,-1.0549999144714,-1.15237157387721,-0.74001132347877,-0.309190185225567,-0.642065095961687,0.0119607455071354,-0.56781955967593,-0.454399075353531,-0.589720823995469,-0.259382342671243,0.135378582155007,15,1,-0.863098449701516,1,-1.01181182775275,"1",NA,-1.15237157387721,NA,0,1,1,0,0,0,0,NA,"Z6",0,-2.08855894570572,0,NA,0,"female","Y"
"J4514",39,12.4948718181023,4,0.5,43.15,0,0,0,0,NA,NA,12,0.338898084050657,0,0.115874337280909,0.27158985141603,NA,-0.224023508093516,-0.349319063803614,-0.300724735880346,-0.263931419428236,-0.309190185225567,-0.0590065711040887,-0.558737682976176,-0.0988122805267108,-0.342023900066113,-0.288651907746623,-0.261621054645107,-0.226542471846834,15,1,-0.863098449701516,1,-0.680173600240483,"1",0.0282415070042214,-0.300724735880346,4.42878613820532,-0.340719030349317,2.25,9,5,0.218612840344589,0,0,6.14748700067596,"Z2",0.0217200344116809,0.336907165575283,0.727272727272727,NA,0.5,"unsexed","Z"
"J4520",139,19.42859712093,6,1,45.6,0,0,0,0,NA,NA,41,1.08447454603249,136,0.72057411894224,0.302345899793642,NA,-0.294002328039951,1.3560763253102,1.57290000918254,2.22053080739597,-0.0439464652314942,1.62157388289722,0.0119607455071354,1.13541740144492,-0.0504529875272845,0.247665780225217,1.10225895026771,-0.933087888151247,15,2,0.59283529878488,2,1.22205920393645,"1",0.0264505986837192,1.57290000918254,2.34009426852749,-0.996632664658052,3.05797101449275,56,30,1.07875356094151,75,0.727538481770944,2.60701118425811,"Z6",0.568755747925272,-0.0961007267271266,0.597435897435897,NA,1,"male","Z"
"J4552",1,53.1859998703003,4,1,42.6,1,1,0,1,7,2,3,0.026252342428813,0,0.0249629821100437,0.274214429804005,7,0.378987166340743,-0.878579701804453,-1.08639975086694,-0.637448716376612,-0.309190185225567,-0.436279734247243,-0.558737682976176,-0.56781955967593,-0.272823762865766,-0.508718363949641,-0.15582821227986,0.147174304008686,15,1,-0.863098449701516,1,-1.01181182775275,"1",0.00875078080960434,-1.08639975086694,7.51520118437996,0.628510437774109,4,1,3,0.032032032032032,0,0.0281780995994362,7.59913260880806,"Z6",0.0684015226676018,1.24645695730566,1,0,1,"male","Y"
"J4569",3,17.6926667690277,4,1,41.9,3,4,38.2014999985695,1,8.33333333333333,1.33333333333333,7,0.364416064416064,0,0.00407330854215741,0.227964190433622,8.33333333333333,1.22157400441994,-0.643352751581858,-0.236598355965443,-0.723275777149669,-0.309190185225567,-0.916445578247614,-0.558737682976176,-0.543134966036497,-0.0649753822556203,0.31182790508029,-0.277453246737901,0.101348717029728,15,2,0.59283529878488,2,0.0351434423136092,"1",0.0520594377737235,-0.236598355965443,6.46507106039453,0.298737206920959,3.66666666666667,3,4,0.140608465608466,0,0,7.68491712039449,"Y1",-0.754218223000663,0.29359527073098,0.714285714285714,152.805999994278,1,"male","Y"
"J4591",1,12.2060000896454,3,0,42.8,0,0,0,0,NA,NA,5,0.126530111319281,0,0.0439137487920617,0.271097839912294,NA,0.907901736001531,-0.760966226693156,-0.834402915192348,-0.559587825040618,-0.309190185225567,-0.299089493104277,-0.844086897217831,-0.56781955967593,-0.156005744657037,-0.269070341852832,-0.0941018680145564,0.131828727313623,15,1,-0.863098449701516,1,-1.01181182775275,"1",0.0253060222638561,-0.834402915192348,7.18920601237558,0.526137904448034,6,1,1,0.015625,0,0.0118282274681482,12.8840987267251,"Z6",0.0129689796370533,1.24645695730566,1,NA,0,"female","Y"
"J4605",1,3.36800003051758,3,1,43.2,0,0,0,0,NA,NA,0,0,0,2.66332442230021e-18,NA,NA,1.05635473098464,-1.0549999144714,-1.15237157387721,-0.74001132347877,-0.309190185225567,-0.0247090108183448,-0.844086897217831,-0.56781955967593,-0.45060750136132,-0.582632937261864,-0.269107613814011,0.139026889897815,15,1,-0.863098449701516,1,-1.01181182775275,"1",NA,-1.15237157387721,NA,0,1,1,0,0,0,0,NA,"Z2",0,-2.08855894570572,0,NA,1,"male","Y"
"J4634",2,0,3,1,45.7,0,0,0,0,NA,NA,3,0.0539105339105339,0,0.0267007809002757,0.20663470099658,NA,-0.856246354471327,-0.878579701804453,-1.01689504597578,-0.630308817234776,-0.309190185225567,1.69016900346871,-0.844086897217831,-0.555477262856214,-0.30040144854943,-0.4591718553675,-0.170392065569671,0.138306640385054,15,1,-0.863098449701516,1,-1.00308450597611,"1",0.017970177970178,-1.01689504597578,7.77308626188534,0.709494301826127,4,1,2,0.0619047619047619,0,3.09008457121698e-18,9.11010882702488,"Z2",-1.13359051198321,1.24645695730566,1,NA,1,"male","Z"
"J4644",70,11.1935142857688,3,1,43.7,0,0,0,0,NA,NA,31,0.952958510747484,0,0.635298273375968,0.24095533129382,NA,-2.01545552081448,0.768008949753712,1.24240178311522,1.87016749721282,-0.309190185225567,0.318266592039065,-0.844086897217831,0.283798920884494,0.326863506361035,0.812828632128578,1.48427762502787,-0.518422262676239,15,2,0.59283529878488,2,0.619874001348392,"1",0.0307405971208866,1.24240178311522,2.46085143227616,-0.958711192710434,3.62162162162162,29,24,0.903452733353083,0,0.632640965678747,2.62730930658723,"Z6",-0.523154143423164,0.278226533850743,0.709677419354839,NA,1,"male","Z"
"J4646",57,42.6170701645968,5,1,44.85,0,0,0,0,NA,0.1,20,0.750961210738924,160,0.0208216819778012,0.247407508213712,NA,0.446073611744014,0.121134836641576,0.734784980505973,-0.654463612132373,0.00286125006157746,1.10711047861111,-0.27338846873452,0.123349062228183,-0.134347062035829,0.499851624192299,-0.876097906718125,-0.0934607168754757,15,1,-0.863098449701516,1,-0.523081808260989,"1",0.0375480605369462,0.734784980505973,4.12090836149796,-0.437402143054768,2.55555555555556,22,15,0.730054566097115,31,0,4.4491304967717,"Y1",-0.408393912792932,-0.649236292827125,0.431578947368421,NA,1,"male","Y"
"J4651",26,13.946153824146,3,1,44.2,2,4,25.7847500443459,1,7.5,NA,27,0.718690949630753,158,0.226991565419236,0.319688200307163,7.5,-0.214230535303693,0.532781999531117,0.653690199722264,0.192603483396811,-0.00103939287951184,0.661242194896476,-0.844086897217831,-0.259262139183023,0.741172455366046,0.870620821113122,0.356008742006791,0.204982531710638,15,2,0.59283529878488,2,0.235871843176296,"1",0.0266181833196575,0.653690199722264,3.02064559064853,-0.782918570441334,2.71428571428571,16,14,0.543277019252806,0,0,3.81118040420695,"Z2",0.877210775011481,-0.23577233292162,0.555555555555556,103.139000177383,1,"male","Z"
"J4715",65,29.3326461461874,3,1,45.04,2,9,25.5672221978505,1,11.5,2.25,19,0.431642685402514,255,0.0267333534965433,0.293991665433029,11.5,-0.0801516835073832,0.0623280990859271,-0.0676586602669415,-0.630174989858761,0.188141789763319,1.23744120769692,-0.844086897217831,0.222087436785913,-0.310655720348967,-0.422350342731688,-0.949381186049763,0.0071719995218424,15,3,2.04876904727128,2,1.60573801897828,"2",0.0227180360738165,-0.0676586602669415,3.8523038536335,-0.521752238682928,1.8974358974359,19,5,0.318154055162555,12,0,6.33890966282716,"Y4",0.420164989508971,-0.968099057342213,0.33596837944664,230.104999780655,1,"male","Y"
"J4728",34,5.47999998401193,3,0,42.7,0,0,0,0,NA,NA,12,0.307651360308215,0,0.121683851383785,0.283026732435804,NA,-0.729234847347612,-0.349319063803614,-0.379247379487367,-0.240062519880852,-0.309190185225567,-0.367684613675755,-0.844086897217831,-0.160523764625292,-0.255185053707684,-0.291175410431384,-0.180568500135157,-0.186541771437872,15,1,-0.863098449701516,1,-0.723810209123676,"1",0.025637613359018,-0.379247379487367,5.33178259085978,-0.0571503079221842,2.66666666666667,7,9,0.251590350473619,30,0.0949540875289313,5.92064730683088,"Z6",0.225139611992258,0.387437709560304,0.742424242424242,NA,0,"female","Z"
"J4731",133,21.882578946594,3,0.5,43.5,1,1,20.7030000686646,1,14,NA,51,1.11236801383447,440,0.460397997081094,0.341283251370874,14,-0.427117054988538,1.94414370086669,1.64299596065677,1.15157433231715,0.54895126181408,0.181076350896099,-0.844086897217831,1.06136362052662,0.614542821267664,0.384103588083994,0.0757991985245498,-0.290869827547575,15,2,0.59283529878488,2,1.16969527327662,"1",0.021811137526166,1.64299596065677,1.86215373988877,-1.14672072392321,2.88333333333333,47,24,0.744844585709344,157,0,2.82484382085452,"Z2",1.26130641766232,-0.637349159855368,0.435143288084465,20.7030000686646,0.5,"unsexed","Z"
"J4747",183,23.4235847022364,3,1,45.7,1,1,0.634000062942505,1,1,NA,47,1.04894838327042,903,0.330451189543847,0.36619501556666,1,-0.105746809901673,1.70891675064409,1.48362318642554,0.617676446765245,1.45195010267625,1.69016900346871,-0.844086897217831,1.67847846151244,-0.204860080591336,-0.320089660335078,-0.881462323389053,0.130633207066526,15,1,-0.863098449701516,1,0.576560735595468,"1",0.0223180507078812,1.48362318642554,2.02298870401215,-1.09621358719636,2.53424657534247,48,33,1.00441821013768,350,0,2.43134022256318,"Z2",1.70439405149646,-0.882276597807987,0.361702127659574,0.634000062942505,1,"male","Z"
"J4770",52,20.2777499923339,3,0,42.6,2,12,11.2616666555405,1,4.5,0,15,0.440283098663421,108,0.0194203268165295,0.257526061986094,4.5,-0.566240962751765,-0.172898851136668,-0.0459454049286855,-0.660221203039681,-0.0985554664067444,-0.436279734247238,-0.844086897217831,0.0616375781296011,-0.359641877107052,-0.222245837804865,-0.828820982737504,-0.151681620154284,15,2,0.59283529878488,2,0.462782209368898,"1",0.0293522065775614,-0.0459454049286855,4.22180300882571,-0.405718113556799,2.07142857142857,11,6,0.353419021454736,12,0,5.83400029796021,"Y4",-0.22842247385379,-0.219484098963079,0.56043956043956,135.139999866486,0,"female","Y"
"J4776",3,4.04433329900106,3,1,42.1,1,56,18.7460892753942,1,7,NA,4,0.0832803483566842,0,0.00760173169138092,0.306082161665258,7,-0.968811010992544,-0.819772964248804,-0.943089053015728,-0.708778940371568,-0.309190185225567,-0.779255337104653,-0.844086897217831,-0.543134966036497,-0.243338189687769,-0.40651579362985,-0.255456115029505,0.121354027022131,15,1,-0.863098449701516,1,-0.994357184199471,"1",0.0208200870891711,-0.943089053015728,8.13039811104729,0.821701237165776,3,2,2,0.132258064516129,0,0,10.2179112780635,"Y4",0.635209950809823,0.801788170237475,0.866666666666667,1049.78099942207,1,"male","Y"
"J4782",7,22.0359999792916,3,1,44.45,0,0,0,0,NA,1.33333333333333,11,0.180705934827513,287,0.0655896934622705,0.32985753011168,NA,-0.76020852256067,-0.408125801359263,-0.698259717700074,-0.470530300303448,0.250552076820748,0.832729996325181,-0.844086897217831,-0.493765778757632,0.104250554430363,-0.209241435021615,-0.0706975119655695,0.643469635484116,15,3,2.04876904727128,2,1.09955335593324,"2",0.0164278122570466,-0.698259717700074,4.40864701722803,-0.347043335156438,4,4,5,0.114781320663674,0,0,6.14057022004373,"Y1",1.05808533071735,-0.623173170140114,0.439393939393939,NA,1,"male","Y"
"J4819",1,0,3,1,44.3666666666667,0,0,0,0,NA,0,2,0.0161874707807387,0,0.0133142875075343,0.277393763266554,NA,-0.0272362811571442,-0.937386439360102,-1.11169265312084,-0.685308402471148,-0.309190185225567,0.775567395848944,-0.844086897217831,-0.56781955967593,-0.334517652142219,-0.54032771012305,-0.224304107789875,0.126788460408542,15,1,-0.863098449701516,1,-1.01181182775275,"1",0.00809373539036933,-1.11169265312084,9.56617803388427,1.27258039312322,3,1,2,0.0202070393374741,0,0.017567706218391,9.91254929026197,"Z6",0.124950040469027,1.24645695730566,1,NA,1,"male","Y"
"J4836",2,0,3,1,41.1,1,1,6.89699983596802,1,9,NA,8,0.135169216066879,0,0.0975094172196824,0.281437599168737,9,-1.9901575335642,-0.584546014026209,-0.812692948132409,-0.339385308406679,-0.309190185225567,-1.46520654281947,-0.844086897217831,-0.555477262856214,0.00239014211378226,-0.270045128336321,0.127342379611962,0.119810661209928,15,1,-0.863098449701516,1,-1.00308450597611,"1",0.0168961520083599,-0.812692948132409,5.11032625248244,-0.126694424914505,6,2,7,0.132379132519582,38.6666666666667,0.0935550420520178,5.66093054929861,"Z6",0.19687484143575,1.24645695730566,1,6.89699983596802,1,"male","Z"
"J4840",42,12.9240476233619,3,0,41.1,1,4,47.9382500052452,1,25,NA,17,0.433332783021432,2,0.173667742846329,0.258952145050356,25,1.03268785428579,-0.0552853760253704,-0.0634114651342522,-0.0264821306384569,-0.305289542284477,-1.46520654281947,-0.844086897217831,-0.0617853900675619,-0.0777502972188323,-0.0786150603508177,-0.0561471941688465,-0.250684273883547,15,2,0.59283529878488,2,0.375508991602513,"1",0.0254901637071431,-0.0634114651342522,3.39875919977421,-0.664179241225927,2.35,13,10,0.354876023047956,0,0,4.33734721862975,"Z2",-0.20305775999296,0.251803091495248,0.701754385964912,191.753000020981,0,"female","Z"
"J4954",11,10.629636331038,5,0,41.7,0,0,0,0,NA,NA,4,0.146440791966864,0,0.00561777995863527,0.215059323914196,NA,0.103559017941758,-0.819772964248804,-0.784367612504284,-0.716930180523015,-0.309190185225567,-1.05363581939058,-0.27338846873452,-0.444396591478767,-0.37678093684425,-0.346328111372131,-0.379004313305843,0.049439258297,15,1,-0.863098449701516,1,-0.924538609986363,"1",0.036610197991716,-0.784367612504284,7.27108861156862,0.551851564755258,2,6,5,0.242532467532467,0,0,6.17020265306383,"Y2",-0.983747802925193,1.24645695730566,1,NA,0,"female","Y"
"J4962",1,2.04900002479553,5,0,43.7,3,364,45.91489559543,1,3,0.5,2,0.0270872315780094,0,0.000406952709494219,0.305495822138028,3,-1.46237383517706,-0.937386439360102,-1.0843016844055,-0.738339322486701,-0.309190185225567,0.318266592039065,-0.27338846873452,-0.56781955967593,-0.331805844124937,-0.514418029297338,-0.264996622775014,0.131680428612754,15,1,-0.863098449701516,1,-1.01181182775275,"1",0.0135436157890047,-1.0843016844055,11.1999569878849,1.78563734849929,3,1,3,0.0534552845528455,0,0,8.44155618066646,"Y1",0.624781151319673,1.24645695730566,1,16713.0219967365,0,"female","Y"
"J4965",1,0,3,1,43,0,0,0,0,NA,NA,3,0.067506622214103,0,0.038146805244255,0.253278728942404,NA,1.73783958045559,-0.878579701804453,-0.982728238437472,-0.583281819719084,-0.309190185225567,-0.161899251961311,-0.844086897217831,-0.56781955967593,-0.265075054435196,-0.405280965470347,-0.1128415661656,0.143149671324922,15,1,-0.863098449701516,1,-1.01181182775275,"1",0.022502207404701,-0.982728238437472,8.93354120509558,1.07391292685289,4,1,3,0.0791986359761296,0,0.0469754525286284,8.76990767206093,"Z6",-0.30396673212646,1.24645695730566,1,NA,1,"male","Y"
"J4967",226,16.9590265518796,3,1,43.7,2,23,14.0764347988626,1,11,NA,63,1.53465593949123,405,0.905173415147154,0.322113461695165,11,0.272525729644396,2.64982455153447,2.70420047474331,2.97897324846883,0.480690010345017,0.318266592039065,-0.844086897217831,2.20919722476024,0.355316285958241,0.533677371091902,1.21833004114451,-1.25074664726555,15,2,0.59283529878488,2,1.98133619850401,"1",0.0243596180871624,2.70420047474331,1.76198315734212,-1.17817737475947,3.32038834951456,84,34,1.33176335057359,25,0.886834404670752,2.37424302656287,"Z6",0.920347155132676,-0.628636729834578,0.437755698421975,323.75800037384,1,"male","Z"
"J4968",4,9.25824999809265,5,1,42.7333333333333,3,78,43.7227307496927,1,6,2,5,0.236900349870372,0,0.027202049495596,0.228578730175695,6,1.13818516613442,-0.760966226693156,-0.557043823787907,-0.628249311132186,-0.309190185225567,-0.344819573485262,-0.27338846873452,-0.530792669216781,-0.204621965780125,-0.0295843817426911,-0.183184244859642,0.106430757415961,15,1,-0.863098449701516,1,-0.985629862422833,"1",0.0473800699740744,-0.557043823787907,6.70913520167771,0.375380870946989,3.25,4,4,0.197224367224367,0,0,7.6660152721382,"Y2",-0.743287846569975,1.02412256377157,0.933333333333333,3410.37299847603,1,"male","Y"
"J4983",1,3.72499990463257,5,0,42.6,0,0,0,0,NA,NA,3,0.249024526198439,0,0.0504539686932475,0.271063485479835,NA,-0.0471193658808032,-0.878579701804453,-0.526575913466019,-0.532716756466757,-0.309190185225567,-0.436279734247238,-0.27338846873452,-0.56781955967593,-0.270345406454089,0.0467045197753225,-0.0579443169564644,0.140206309656403,15,1,-0.863098449701516,1,-1.01181182775275,"1",0.0830081753994797,-0.526575913466019,9.47729637014757,1.24466881079206,4,1,3,0.249304029304029,0,0.0480266630035251,9.4669949244955,"Z6",0.0123579420537552,1.24645695730566,1,NA,0,"female","Y"
"J4986",40,20.0865250110626,4,1,44.55,2,17,9.76317644119263,1,7,NA,11,0.344822213770597,0,0.00368698396618795,0.229346176427153,7,0.223560865695271,-0.408125801359263,-0.285837468641868,-0.724863025641232,-0.309190185225567,0.901325116896659,-0.558737682976176,-0.0864699837069945,-0.411893890414749,-0.274984083092188,-0.736247218499999,-0.248641804219444,15,2,0.59283529878488,2,0.358054348049236,"1",0.0313474739791452,-0.285837468641868,4.20158951444126,-0.412065773906446,2.29411764705882,11,6,0.250601191140705,14,0,5.74952146260514,"Y1",-0.729637832023396,-0.0673371863048838,0.606060606060606,165.973999500275,1,"male","Y"
"J5006",12,13.1656666398048,5,1,44.2,0,0,0,0,NA,NA,8,0.360545437568499,0,0.00194245170370351,0.311158903316833,NA,0.400762147051995,-0.584546014026209,-0.246325195009189,-0.73203058984592,-0.309190185225567,0.661242194896476,-0.27338846873452,-0.432054294659051,-0.146623197741527,0.156307814038859,-0.400529246979595,0.0216452089445109,15,2,0.59283529878488,2,0.113689338303356,"1",0.0450681796960624,-0.246325195009189,7.73062753509139,0.69616095275543,4.33333333333333,3,5,0.363428417460676,0,0,8.2257024446367,"Y1",0.725506303501047,0.889133824840155,0.892857142857143,NA,1,"male","Y"
"J5012",20,25.3886500239372,3,1,44.6,3,16,36.1799374818802,1,6,5,15,0.40522826629789,26,0.0964605912290539,0.319889850361773,6,1.35515261693847,-0.172898851136668,-0.134037780027955,-0.343694502216984,-0.258481826991406,0.935622677182403,-0.844086897217831,-0.33331592010132,0.137314242951719,0.168969172882496,-0.113056617454967,0.0152091831544062,15,3,2.04876904727128,2,1.21300853902955,"2",0.0270152177531927,-0.134037780027955,4.09465000216037,-0.445648077342222,2.88888888888889,8,6,0.358249269887201,0,0,6.04981521877429,"Z2",0.880797379511152,-0.786314640720324,0.39047619047619,578.878999710083,1,"male","Y"
"J505",75,23.456333322525,12,0,42.9666666666667,0,0,0,0,NA,0.666666666666667,15,0.419861672964154,175,0.0128291398763874,0.315310589744088,NA,0.213304007335512,-0.172898851136668,-0.0972642038321609,-0.687301674174846,0.0321160721197472,-0.184764292151804,1.72405603095707,0.345510404983076,-0.698599416395136,-0.608355443475178,-1.13932699285665,-0.240032486850008,15,2,0.59283529878488,2,0.663510610231585,"1",0.0279907781976103,-0.0972642038321609,3.75070435173739,-0.553657614243619,2.25581395348837,21,9,0.32952359430741,31,0,4.50835617418819,"Y1",0.799349364193846,-0.402726730996671,0.505494505494505,NA,0,"female","Y"
"J5053",15,11.0862666447957,3,0,43.3,0,0,0,0,NA,NA,5,0.283623438485434,0,0.00570179032237765,0.236627670059203,NA,-0.746298264943801,-0.760966226693156,-0.439629260079377,-0.716585016556184,-0.309190185225567,0.0438861097531334,-0.844086897217831,-0.395027404199902,-0.375664355031559,-0.0679363744721932,-0.420590307872445,-0.00285446869913222,15,1,-0.863098449701516,1,-0.889629322879809,"1",0.0567246876970867,-0.439629260079377,9.52386432107635,1.25929258291442,2.54545454545455,6,5,0.288294175718554,0,0,9.61033823120066,"Y1",-0.600127141457822,1.24645695730566,1,NA,0,"female","Y"
"J5056",3,12.8819999694824,5,1,43.7,0,0,0,0,NA,0.25,5,0.0781695057360457,0,0.00141725858001432,0.310638394474956,NA,0.760376512158289,-0.760966226693156,-0.955932539486179,-0.734188391977101,-0.309190185225567,0.318266592039065,-0.27338846873452,-0.543134966036497,-0.191660477523435,-0.402298284577741,-0.300331497972574,0.111996342380225,15,1,-0.863098449701516,1,-0.994357184199471,"1",0.0156339011472091,-0.955932539486179,6.84944728034608,0.419443188990569,3,3,2,0.0692307692307692,0,0,9.13952209896835,"Y4",0.716248387067503,1.24645695730566,1,NA,1,"male","Y"
"J5074",44,29.1908181743188,3,0,39.3,0,0,0,0,NA,NA,15,0.473627991799523,6,0.00339977303166598,0.242651231032135,NA,0.0988474548266996,-0.172898851136668,0.0378499133076367,-0.726043057021416,-0.297488256402299,-2.69991871310615,-0.844086897217831,-0.0371007964281293,-0.226844901159148,-0.0228953298518972,-0.782751370729187,-0.277198883579469,15,1,-0.863098449701516,1,-0.636536991357291,"1",0.0315751994533015,0.0378499133076367,3.78729188787371,-0.542168000028155,2.30769230769231,16,13,0.514262447104039,17,0,4.21158465590288,"Y1",-0.492990394426324,-0.119311460118048,0.59047619047619,NA,0,"female","Y"
"J5087",12,23.5350833336512,4,1,39.6,1,2,1.34350001811981,1,11,NA,2,0.0484745762711864,0,0.0059142263659681,0.184822919250078,11,0.773061859491274,-0.937386439360102,-1.03055554260563,-0.715712204390672,-0.309190185225567,-2.4941333513917,-0.558737682976176,-0.432054294659051,-0.497781944333229,-0.619364237708487,-0.378258517551848,0.0319617168226487,15,1,-0.863098449701516,1,-0.915811288209724,"1",0.0242372881355932,-1.03055554260563,10.8543408253923,1.67710321931186,1.4,3,1,0.0769230769230769,0,0,12.8840987267251,"Y4",-1.5215409874216,-2.08855894570572,0,2.68700003623962,1,"male","Y"
"J5088",5,28.7631999969482,4,0,42.1,0,0,0,0,NA,NA,7,0.365975803478747,0,0.0014272179692377,0.270320895400841,NA,1.53932720395755,-0.643352751581858,-0.232678750327792,-0.734147472950705,-0.309190185225567,-0.779255337104648,-0.558737682976176,-0.518450372397065,-0.10139636732224,0.282526285756394,-0.323558837873338,0.0952081221281679,15,1,-0.863098449701516,1,-0.976902540646194,"1",0.0522822576398211,-0.232678750327792,7.72735638213362,0.695133709888228,4,3,7,0.379800782240974,0,0,7.49410427193491,"Y1",-0.000849973629138137,0.9288363951141,0.904761904761905,NA,0,"female","Y"
"J5089",173,25.0724566465168,4,0,42.7,4,97,14.1879484579735,1,9.75,1,27,0.664741421571436,1,0.0156072866744292,0.307421241624909,9.75,-0.479698964486924,0.532781999531117,0.518115679990625,-0.675887413760621,-0.307239863755022,-0.367684613675755,-0.558737682976176,1.55505549331527,-1.25672559021687,-1.17974657717925,-2.10009914515345,-1.52751514339294,15,2,0.59283529878488,2,1.51878814434216,"1",0.0246200526507939,0.518115679990625,2.8567007824428,-0.834402294075905,2.36065573770492,32,15,0.482043104844717,4,0,3.50343670072008,"Y1",0.659027203019394,-1.0121781516121,0.322751322751323,1376.23100042343,0,"female","Y"
"J5105",3,2.76733334859212,2,0.5,45.3,0,0,0,0,NA,NA,7,0.157804728745684,0,0.0748106171841659,0.294967132070573,NA,0.131473572185733,-0.643352751581858,-0.755810175090647,-0.432645324356314,-0.309190185225567,1.41578852118277,-1.12943611145949,-0.543134966036497,-0.0717981597376747,-0.210472094126715,0.0258711034500183,0.116500539977002,15,2,0.59283529878488,2,0.0351434423136092,"1",0.0225435326779548,-0.755810175090647,5.98347908019721,0.147502479304632,3.33333333333333,3,6,0.141224769853802,9.66666666666667,0.0693892362543472,6.51314324210758,"Z6",0.437514913059801,1.24645695730566,1,NA,0.5,"unsexed","Z"
"J5106",1,0.196000099182129,2,0.5,44.5,0,0,0,0,NA,NA,3,0.200396825396825,0,0.0337512622788355,0.16859702561479,NA,-1.46048193918947,-0.878579701804453,-0.648776744853905,-0.601341294511624,-0.309190185225567,0.86702755661092,-1.12943611145949,-0.56781955967593,-0.260662547109696,-0.0667158818324424,-0.110812367256072,0.137747672167227,15,1,-0.863098449701516,1,-1.01181182775275,"1",0.0667989417989418,-0.648776744853905,10.8114369037937,1.66363006534869,4,1,0,0,0,0,NA,"Z2",-1.81013928825652,1.24645695730566,1,NA,0.5,"unsexed","Y"
"J5118",26,42.5726923025571,2,0.5,41.35,0,0,0,0,NA,NA,7,0.145257939929955,0,0.00244954821724974,0.247830325341384,NA,-0.27358265033066,-0.643352751581858,-0.787340105547064,-0.729947139228825,-0.309190185225567,-1.29371874139077,-1.12943611145949,-0.259262139183023,-0.427169765879958,-0.584617956415103,-0.563530360616466,-0.106943150151428,15,1,-0.863098449701516,1,-0.793628783336784,"1",0.0207511342757078,-0.787340105547064,5.49654979216683,-0.00540832750223067,2.2,7,6,0.138086425438294,3,0,5.89273922838543,"Y1",-0.400873568622515,0.801788170237475,0.866666666666667,NA,0.5,"unsexed","Y"
"J5121",23,16.3866086939107,2,0.5,42.7,4,81,17.7491728435328,1,6,0,19,0.613255956472596,18,0.0819456691943631,0.262415501118554,6,-1.42492709357943,0.0623280990859271,0.388733321052088,-0.403330335756419,-0.274084398755763,-0.36768461367576,-1.12943611145949,-0.296289029642172,0.331249482042937,0.639823090411997,-0.198430494865978,-0.0444757955065591,15,3,2.04876904727128,2,1.23919050435946,"2",0.0322766292880314,0.388733321052088,3.52333698644647,-0.625057975903559,3,10,7,0.29254061930134,0,0,5.57143260201207,"Z2",-0.141457536366783,-1.02453006236399,0.319047619047619,1437.68300032616,0.5,"unsexed","Y"
"J5146",13,13.6544615672185,2,0.5,45.2,1,9,9.93266664610969,1,2,NA,13,0.201105695414572,0,0.113427861530997,0.29930965319948,2,-0.832079238494695,-0.290512326247965,-0.646995362964846,-0.27398298017595,-0.309190185225567,1.3471934006113,-1.12943611145949,-0.419711997839334,0.127019560603362,-0.248240556368719,0.0543429058764016,0.014372271850383,15,2,0.59283529878488,2,0.122416660079995,"1",0.015469668878044,-0.646995362964846,3.83847663437763,-0.526094411775172,2.625,8,3,0.0748917748917749,0,0,7.73040944440126,"Z2",0.514752213347351,0.1347849896352,0.666666666666667,89.3939998149872,0.5,"unsexed","Z"
"J5222",7,15.0895714419229,2,0.5,43.6333333333333,0,0,0,0,NA,0,6,0.604689639026811,4,0.00201885979006305,0.228966874436306,NA,-1.43362554880345,-0.702159489137507,0.36720626761236,-0.731716660504218,-0.301388899343388,0.272536511658075,-1.12943611145949,-0.493765778757632,-0.182345489891134,0.859662176341778,-0.333378215239509,0.0856239037304137,15,1,-0.863098449701516,1,-0.959447897092917,"1",0.100781606504469,0.36720626761236,10.6977054701564,1.62791488923526,2.66666666666667,6,5,0.41634514020662,0,0,10.3967561814375,"Y1",-0.736384203750123,0.357119383169292,0.733333333333333,NA,0.5,"unsexed","Y"
"J5234",6,10.2384999990463,2,0.5,42.7,0,0,0,0,NA,NA,6,0.213570104348747,0,0.0824846255021639,0.272325714890246,NA,-3.08496952891347,-0.702159489137507,-0.615672452166969,-0.401115986373059,-0.309190185225567,-0.367684613675755,-1.12943611145949,-0.506108075577348,-0.181419869686663,-0.119355452520934,0.0128900539182418,0.0796412609046014,15,2,0.59283529878488,2,0.061325407643525,"1",0.0355950173914579,-0.615672452166969,6.42221083777222,0.285277775783413,3.33333333333333,3,1,0.032258064516129,0,0,12.8840987267251,"Z2",0.0348083088129882,1.24645695730566,1,NA,0.5,"unsexed","Z"
"J5238",5,3.5481999874115,2,0.5,42.6,0,0,0,0,NA,NA,11,0.566275397088635,0,0.121596797060337,0.261271836537875,NA,-0.193049832880459,-0.408125801359263,0.270671736376107,-0.2404201902238,-0.309190185225567,-0.436279734247238,-1.12943611145949,-0.518450372397065,0.13480742063085,0.7863357748838,0.18000650256419,0.10558667249989,15,2,0.59283529878488,2,0.0525980858668864,"1",0.0514795815535122,0.270671736376107,6.50508207833438,0.311301899956973,4,4,4,0.575491771909682,0,5.32445341502003e-17,11.2268785182041,"Z2",-0.161799075768426,-0.0134379393875282,0.622222222222222,NA,0.5,"unsexed","Z"
"J5250",3,3.25566673278809,2,0.5,42.2333333333333,2,3,6.12366660435994,1,11.5,2,8,0.232178227057861,0,0.0629476818918369,0.25831233076041,11.5,-0.533708884402964,-0.584546014026209,-0.568910462022741,-0.481385237164085,-0.309190185225567,-0.687795176342673,-1.12943611145949,-0.543134966036497,-0.00907553517666492,-0.0249828563429157,-0.0330210419584999,0.104778134048762,15,1,-0.863098449701516,1,-0.994357184199471,"1",0.0290222783822327,-0.568910462022741,5.41946858298825,-0.0296142033344732,5,2,6,0.265658263305322,0,0,6.16700865500324,"Z2",-0.214437676629823,0.77002611401832,0.857142857142857,18.3709998130798,0.5,"unsexed","Z"
"J5271",2,0.757000088691711,2,0.5,43.46,0,0,0,0,NA,0.5,5,0.0996171396934756,0,0.00129269550725082,0.306496330977328,NA,-1.03752856694725,-0.760966226693156,-0.902034891485227,-0.73470017031492,-0.309190185225567,0.153638302667507,-1.12943611145949,-0.555477262856214,-0.167883273231373,-0.342719653399713,-0.282851182054494,0.124959247836475,15,1,-0.863098449701516,1,-1.00308450597611,"1",0.0199234279386951,-0.902034891485227,6.68435647625439,0.367599587320672,3.5,2,4,0.0919221708695393,33,2.94746528331466e-18,7.21637667396736,"Y1",0.642576482503429,1.24645695730566,1,NA,0.5,"unsexed","Y"
"J5316",206,16.5109660162509,2,0.5,40.6,1,12,4.96900002161662,1,23,NA,55,1.26171619202038,812,0.73140166283276,0.337721091220543,23,0.289458754522506,2.17937065108928,2.01830614887728,2.26501672358297,1.27447084885669,-1.80818214567688,-1.12943611145949,1.96235128836591,0.059904721892749,0.0101547743885591,0.606701263071332,-0.260367411165367,15,2,0.59283529878488,2,1.80678976297124,"1",0.0229402944003705,2.01830614887728,3.0077641717267,-0.786963733072894,2.87387387387387,71,28,0.966491803297853,164,0.676000508535807,4.23265871918959,"Z6",1.19794883688467,-0.583024163493734,0.451432564640112,59.6280002593994,0.5,"unsexed","Z"
"J5362",49,21.132571419891,2,0.5,43.6,1,10,16.2162999629974,1,21,NA,31,0.824815239297149,2,0.265148133730761,0.299654715727191,21,-1.32812823695483,0.768008949753712,0.92037927228586,0.349373099576884,-0.305289542284477,0.249671471467582,-1.12943611145949,0.0246106876704522,0.636721683187679,0.783988074110127,0.20911607849748,-0.319320544005258,15,2,0.59283529878488,2,0.436600244038983,"1",0.0266069432031338,0.92037927228586,2.50028460306073,-0.946327961494231,2.93103448275862,22,20,0.707982350505527,36,0,3.12723239295459,"Z2",0.520889592367418,-0.52692451493055,0.468253968253968,162.162999629974,0.5,"unsexed","Z"
"J5379",10,0.889899945259094,2,0.5,44.2,1,19,17.6060000218843,1,5,NA,22,0.727240253439807,0,0.213276859478765,0.297534734652143,5,1.13041448205027,0.238748311752873,0.675174498096071,0.13625540804694,-0.309190185225567,0.661242194896476,-1.12943611145949,-0.456738888298483,0.71019606038197,1.11422515700824,0.494071337408815,0.0509396874916496,15,2,0.59283529878488,2,0.0962346947500791,"1",0.0330563751563549,0.675174498096071,3.5192840318725,-0.626330728578519,4.125,8,10,0.539292994587112,0,0,4.86649915118537,"Z2",0.483183013622787,0.00138435351474434,0.626666666666667,334.514000415802,0.5,"unsexed","Z"
"J5386",1,4.11199998855591,2,0.5,37.78,0,0,0,0,NA,1.5,1,0.0384615384615385,0,0.0118691628544641,0.107024420913143,NA,-1.27736551602835,-0.99619317691575,-1.05571818704258,-0.691245824184351,-0.309190185225567,-3.74256454579267,-1.12943611145949,-0.56781955967593,-0.389880257364357,-0.47962423448129,-0.225520587366848,0.140560663468126,15,1,-0.863098449701516,1,-1.01181182775275,"1",0.0384615384615385,-1.05571818704258,12.8840987267251,2.3145097708275,2,1,1,0.0476190476190476,0,7.79652107199362e-18,12.8840987267251,"Z2",-2.90528692661093,-2.08855894570572,0,NA,0.5,"unsexed","Y"
"J5428",10,18.6011999607086,2,0.5,44.7,0,0,0,0,NA,NA,12,0.503703807044928,84,0.124168229451005,0.311120709022474,NA,-0.0964177226817845,-0.349319063803614,0.113430077844944,-0.229855234129565,-0.145363181699816,1.00421779775389,-1.12943611145949,-0.456738888298483,0.115917806431556,0.547702511899483,0.125668792058422,0.231008842861511,15,1,-0.863098449701516,1,-0.933265931763001,"1",0.041975317253744,0.113430077844944,5.66183637154518,0.0464967536427596,3.33333333333333,6,9,0.362224333444551,73,0.119650661050526,6.59440045848158,"Z6",0.724826969055666,-0.0362414669294863,0.615384615384615,NA,0.5,"unsexed","Z"
"J5456",25,5.8367200088501,2,0.5,44.8,3,43,28.7676744294721,1,12.6666666666667,NA,24,0.881481376805442,0,0.226461799232257,0.272596756811844,12.6666666666667,-0.813754556906775,0.356361786864171,1.06278059912021,0.190426892432972,-0.309190185225567,1.07281291832536,-1.12943611145949,-0.271604436002739,0.593977916005411,1.28452718233488,0.353285435028834,-0.100100120370422,15,2,0.59283529878488,2,0.227144521399657,"1",0.0367283907002267,1.06278059912021,3.0915339241711,-0.760657448470264,3.41176470588235,16,15,0.745794568832024,24,0,3.63945255290012,"Z2",0.0396291365458953,-0.580105598805188,0.452307692307692,1237.0100004673,0.5,"unsexed","Z"
"J5472",1,0,2,0.5,42,1,1,3.66100001335144,1,20,NA,4,0.0919851811692419,0,0.0436472669928062,0.269001082697695,20,0.110662716322199,-0.819772964248804,-0.921213912113492,-0.560682688945757,-0.309190185225567,-0.847850457676131,-1.12943611145949,-0.56781955967593,-0.213587364898664,-0.34412190178383,-0.098164643488638,0.130628346899539,15,1,-0.863098449701516,1,-1.01181182775275,"1",0.0229962952923105,-0.921213912113492,8.68285497447251,0.995189722637752,5,1,4,0.0522659305268001,1,0.0466710357300964,6.59075525455402,"Z6",-0.0243245330037836,1.24645695730566,1,3.66100001335144,0.5,"unsexed","Y"
"J5474",6,21.6183333794276,2,0.5,42.9,2,5,2.49480004310608,1,11,NA,2,0.0910973084886128,0,0.0196417745449335,0.0993294332745939,11,1.02840382303283,-0.937386439360102,-0.923445125556671,-0.659311365574676,-0.309190185225567,-0.230494372532794,-1.12943611145949,-0.506108075577348,-0.407823463654923,-0.426679099076435,-0.246248983688956,0.0673663915276059,15,1,-0.863098449701516,1,-0.968175218869555,"1",0.0455486542443064,-0.923445125556671,9.0924430524011,1.12381300530755,1.66666666666667,2,3,0.114743380189604,0,0,8.09707015142281,"Z2",-3.04215213769559,1.24645695730566,1,12.4740002155304,0.5,"unsexed","Z"
"J5475",11,3.89663637768139,2,0.5,44.2333333333333,0,0,0,0,NA,1.5,13,0.301214596489341,0,0.150248840530961,0.291745209872496,NA,0.198132485726914,-0.290512326247965,-0.395422890094437,-0.122700750126571,-0.309190185225567,0.684107235086968,-1.12943611145949,-0.444396591478767,0.172233980572259,0.0276612029977782,0.233905619406738,0.0440318842216674,15,2,0.59283529878488,2,0.104962016526718,"1",0.0231703535761031,-0.395422890094437,4.41555054774182,-0.344875413762864,3.14285714285714,6,4,0.114433533945729,0,0,6.87377969764404,"Z2",0.380208900048285,0.733377587611601,0.846153846153846,NA,0.5,"unsexed","Z"
"J5477",249,19.6149036175755,2,0.5,43.9,3,89,21.956584276778,1,10.6666666666667,NA,66,1.36786334457566,2038,0.783562238876066,0.382776756723072,10.6666666666667,0.247727981671904,2.82624476420142,2.2850526756076,2.47932303696206,3.66556497174443,0.455456833182027,-1.12943611145949,2.49307005161371,0.367986783338515,-0.0259323657745558,0.613266444874952,1.71124041956523,15,2,0.59283529878488,2,2.18206459936669,"1",0.0207252021905402,2.2850526756076,2.75765695311421,-0.865505109667745,2.95798319327731,82,33,1.29924231629773,50.5,0.824925724772915,3.33814911805377,"Z6",1.99932155627299,-0.791430164197929,0.388942307692308,1954.13600063324,0.5,"unsexed","Z"
"J5495",14,19.2747142825808,2,0.5,40.7,0,0,0,0,NA,NA,15,0.459723811155024,0,0.232875063023659,0.281198839031538,NA,1.26469643398035,-0.172898851136668,0.00290887339590068,0.216776350665985,-0.309190185225567,-1.7395870251054,-1.12943611145949,-0.407369701019618,0.246301059440171,0.380976388828267,0.52033932730175,0.00811045785840716,15,2,0.59283529878488,2,0.131143981856633,"1",0.0306482540770016,0.00290887339590068,4.87736252157886,-0.199852217893641,4.14285714285714,6,2,0.253968253968254,0,0,9.15449001856466,"Z2",0.192628186585693,0.865312282675788,0.885714285714286,NA,0.5,"unsexed","Z"
"J5497",1,0,2,0.5,43.8,0,0,0,0,NA,NA,3,0.065408950235547,0,0.0254280904739944,0.262190864304913,NA,-0.276772164017832,-0.878579701804453,-0.987999663068556,-0.635537777764329,-0.309190185225567,0.386861712610544,-1.12943611145949,-0.56781955967593,-0.266661809404896,-0.409622938226486,-0.164014814306705,0.134810905026679,15,1,-0.863098449701516,1,-1.01181182775275,"1",0.021802983411849,-0.987999663068556,8.38461795601284,0.901534105213697,4,1,2,0.075,0,4.37365816233789e-18,9.13952209896835,"Z2",-0.145452989817843,1.24645695730566,1,NA,0.5,"unsexed","Y"
"J5498",2,0.879000067710876,2,0.5,42.5,5,77,29.3039350695424,1,5.6,NA,4,0.0445238095238095,0,0.0389185089728194,0.257713971831732,5.6,-0.714860704160806,-0.819772964248804,-1.04048377226055,-0.580111207091029,-0.309190185225567,-0.504874854818721,-1.12943611145949,-0.555477262856214,-0.230063818781365,-0.485402194117819,-0.123797394807542,0.122225034241246,15,1,-0.863098449701516,1,-1.00308450597611,"1",0.0111309523809524,-1.04048377226055,6.5416434280329,0.322783290823729,3,2,5,0.0642119233423581,2.5,0.0534155264555741,5.73279882543465,"Z6",-0.225080256569475,-2.08855894570572,0,2256.40300035477,0.5,"unsexed","Z"
"J5517",1,12.308000087738,3,0.5,43.6,0,0,0,0,NA,NA,2,0.0628517823639775,0,0.020508153776133,0.141682456816908,NA,1.03281824700388,-0.937386439360102,-0.994425795391345,-0.655751770318818,-0.309190185225567,0.249671471467582,-0.844086897217831,-0.56781955967593,-0.328257250331441,-0.425081763774033,-0.183002073650923,0.138792265319463,15,1,-0.863098449701516,1,-1.01181182775275,"1",0.0314258911819887,-0.994425795391345,9.31049035033064,1.1922865785102,3,1,2,0.0809523809523809,0,9.6030320520897e-18,9.22498487916166,"Z2",-2.28884936718125,1.24645695730566,1,NA,0.5,"unsexed","Y"
"J5519",51,22.7225686288347,3,0,40.6,1,2,19.0964999198914,1,20,0.5,27,0.627916810640064,73,0.250572630216853,0.292416632437591,20,1.00443980718997,0.532781999531117,0.425575872490624,0.289488361702893,-0.166816717875807,-1.80818214567688,-0.844086897217831,0.0492952813098848,0.371704355647517,0.261354038489125,0.136789785321553,-0.208731413912292,15,2,0.59283529878488,2,0.45405488759226,"1",0.0232561781718542,0.425575872490624,2.74153460294406,-0.870568024618111,2.66666666666667,18,9,0.367601545756267,0,0,5.04440812651823,"Z2",0.392151010343367,-0.05049367164321,0.611111111111111,38.1929998397827,0,"female","Z"
"J5559",1,0,2,0.5,44.7,0,0,0,0,NA,NA,1,0.0072463768115942,0,7.90209927250852e-05,0.226108626433661,NA,-1.26907326107187,-0.99619317691575,-1.13416151548807,-0.739686658781502,-0.309190185225567,1.00421779775389,-1.12943611145949,-0.56781955967593,-0.399589642529649,-0.560967888644735,-0.263561549562716,0.133309990106638,15,1,-0.863098449701516,1,-1.01181182775275,"1",0.0072463768115942,-1.13416151548807,12.8840987267251,2.3145097708275,2,1,1,0.00840336134453781,0,0,12.8840987267251,"Y1",-0.787221805392857,-2.08855894570572,0,NA,0.5,"unsexed","Y"
"J5564",2,0,2,0.5,43.1,0,0,0,0,NA,NA,1,0.02,0,0.000155016088449392,0.114242787530112,NA,-1.19056273232734,-0.99619317691575,-1.1021118127232,-0.739374426248141,-0.309190185225567,-0.0933041313898278,-1.12943611145949,-0.555477262856214,-0.41210216462893,-0.535934371770972,-0.285930885169171,0.1308898587923,15,1,-0.863098449701516,1,-1.00308450597611,"1",0.02,-1.1021118127232,12.8840987267251,2.3145097708275,2,1,2,0.09375,0,0,9.58007190879994,"Y1",-2.77689903086322,1.24645695730566,1,NA,0.5,"unsexed","Y"
"J5566",1,5.67900013923645,2,0.5,43.4,0,0,0,0,NA,NA,3,0.0838845620399018,0,0.0332638410486511,0.214689290142862,NA,-0.980198740625954,-0.878579701804453,-0.941570671245503,-0.603343907496895,-0.309190185225567,0.112481230324616,-1.12943611145949,-0.56781955967593,-0.281954068137012,-0.375458824372276,-0.126006741480026,0.13430869585878,15,1,-0.863098449701516,1,-1.01181182775275,"1",0.0279615206799673,-0.941570671245503,8.16190514774247,0.831595417942292,4,1,2,0.0976190476190476,0,1.13144635069176e-17,9.08568504922999,"Z2",-0.990329327496889,1.24645695730566,1,NA,0.5,"unsexed","Y"
"J5568",3,6.7260000705719,2,0.5,44.3666666666667,1,2,4.55799996852875,1,2,2,6,0.146691885531111,0,0.0539480105654645,0.183674882787049,2,-0.558209493231453,-0.702159489137507,-0.783736617375967,-0.518361178188531,-0.309190185225567,0.775567395848944,-1.12943611145949,-0.543134966036497,-0.120139638332959,-0.241734355556263,-0.0724999406953682,0.120425896443881,15,2,0.59283529878488,2,0.0351434423136092,"2",0.0244486475885184,-0.783736617375967,5.40770146034882,-0.033309442583417,3.33333333333333,3,3,0.113232323232323,0,1.67339964472058e-17,7.53664595663917,"Z2",-1.54196028635045,0.1347849896352,0.666666666666667,9.1159999370575,0.5,"unsexed","Z"
"J5570",2,10.5275001525879,2,0.5,45.3,0,0,0,0,NA,NA,3,0.0358591614025708,0,0.000461190639039546,0.30765069560132,NA,-0.118692942670817,-0.878579701804453,-1.06225792951339,-0.738116481183788,-0.309190185225567,1.41578852118277,-1.12943611145949,-0.555477262856214,-0.287394110926748,-0.501191970212747,-0.279680771893594,0.112760781349273,15,1,-0.863098449701516,1,-1.00308450597611,"1",0.0119530538008569,-1.06225792951339,9.00771315095254,1.0972052043195,4,1,3,0.0386593661854986,9,0,8.88556259153621,"Y1",0.663108335880272,1.24645695730566,1,NA,0.5,"unsexed","Y"
"J558",2,6.89999997615814,12,1,42.5,0,0,0,0,NA,NA,0,0,0,2.66332442230021e-18,NA,NA,0.666433676369,-1.0549999144714,-1.15237157387721,-0.74001132347877,-0.309190185225567,-0.504874854818721,1.72405603095707,-0.555477262856214,-0.472435770901805,-0.581360110944708,-0.275923575428917,0.120577708877307,15,1,-0.863098449701516,1,-1.00308450597611,"1",NA,-1.15237157387721,NA,0,1,1,0,0,0,0,NA,"Z2",0,-2.08855894570572,0,NA,1,"male","Z"
"J5582",7,8.09757140704564,2,0.5,44.2,3,18,31.0538889169693,1,10.6666666666667,NA,11,0.242872471056943,222,0.0726692741047539,0.300985456051713,10.6666666666667,-1.73607683401438,-0.408125801359263,-0.542035954566914,-0.441443220695642,0.123781181235346,0.661242194896476,-1.12943611145949,-0.493765778757632,0.106285928537352,-0.0705660306361665,-0.0385366579488553,0.508948793217554,15,3,2.04876904727128,2,1.09955335593324,"2",0.0220793155506312,-0.542035954566914,5.31245206059425,-0.063220690319727,3.2,5,1,0.0153846153846154,0,0,12.8840987267251,"Y4",0.544558513484614,-0.512005973373068,0.472727272727273,558.970000505447,0.5,"unsexed","Y"
"J5583",12,5.94324998060862,2,0.5,40.2,0,0,0,0,NA,NA,8,0.209369666119135,0,0.0204995586325455,0.283770052839791,NA,-0.171702384031298,-0.584546014026209,-0.626228103275094,-0.655787084222055,-0.309190185225567,-2.08256262796281,-1.12943611145949,-0.432054294659051,-0.140509706019154,-0.212767055814783,-0.322312153200236,0.0332258904388843,15,3,2.04876904727128,2,1.14318996481644,"2",0.0261712082648918,-0.626228103275094,6.72132620864239,0.379209222940969,2.375,6,3,0.0830282954684869,0,0,10.4837812675516,"Y1",0.238360517440588,-0.540158705021865,0.464285714285714,NA,0.5,"unsexed","Y"
"J5584",6,27.9439999659856,3,0.5,43.9,0,0,0,0,NA,NA,10,0.394551007788481,0,0.0945736927026294,0.258456481610106,NA,-0.195275221719907,-0.466932538914912,-0.160869603151081,-0.351446990735952,-0.309190185225567,0.455456833182027,-0.844086897217831,-0.506108075577348,0.0618237475491359,0.336561781122834,0.0601882715417355,0.0864436167224715,15,1,-0.863098449701516,1,-0.968175218869555,"1",0.0394551007788481,-0.160869603151081,4.68303693358328,-0.260876442917804,4.33333333333333,3,6,0.35904403567447,0,0,6.03362766864641,"Z2",-0.211873769135971,-0.383995261944348,0.511111111111111,NA,0.5,"unsexed","Z"
"J5593",1,8.84499979019165,2,0.5,43.65,0,0,0,0,NA,0,3,0.0971479371705488,0,0.00709270096542604,0.305132191700664,NA,-2.72489127823724,-0.878579701804453,-0.908239967937386,-0.710870337870428,-0.309190185225567,0.283969031753326,-1.12943611145949,-0.56781955967593,-0.259895061734743,-0.334879882108397,-0.239071213356188,0.141293817662065,15,1,-0.863098449701516,1,-1.01181182775275,"1",0.0323826457235163,-0.908239967937386,10.4268414943255,1.54285525101396,4,1,0,0,0,0,NA,"Y4",0.618313518244181,1.24645695730566,1,NA,0.5,"unsexed","Y"
"J5595",3,2.63233335812887,2,0.5,44.1,0,0,0,0,NA,2,3,0.54226381983036,0,0.00176999853481584,0.305566850011778,NA,-1.39272850808249,-0.878579701804453,0.21033092947951,-0.732739128854849,-0.309190185225567,0.592647074324993,-1.12943611145949,-0.543134966036497,-0.29914102304181,0.744716448558449,-0.292080417170758,0.11753192445704,15,1,-0.863098449701516,1,-0.994357184199471,"1",0.18075460661012,0.21033092947951,11.9092811037096,2.00838698690582,2.66666666666667,3,2,0.337365591397849,0,0,12.730109255456,"Y1",0.626044473028597,1.24645695730566,1,NA,0.5,"unsexed","Y"
"J56",2,0.756999969482422,12,0,41.64,1,10,58.1226000547409,1,12,0,8,0.114970785439123,0,0.0919652483372485,0.302214227359243,12,0.103725764367688,-0.584546014026209,-0.863451363084251,-0.362164013782921,-0.309190185225567,-1.09479289173347,1.72405603095707,-0.555477262856214,0.00588827442467581,-0.307097718844166,0.108339259626416,0.136454614295014,15,1,-0.863098449701516,1,-1.00308450597611,"1",0.0143713481798904,-0.863451363084251,4.89109634312051,-0.195539374562795,5.5,2,7,0.122227376067133,4,0.0941482732028593,5.02125739693222,"Z6",0.566413785030127,1.24645695730566,1,581.226000547409,0,"female","Z"
"J5618",59,13.914999998222,2,0.5,41.6,0,0,0,0,NA,NA,31,0.879194405514112,184,0.288193397610662,0.313497735123347,NA,-0.892525871087468,0.768008949753712,1.0570334675768,0.444056592697238,0.0496689653546491,-1.12223093996206,-1.12943611145949,0.148033655867615,0.484746934282352,0.785708928007333,0.195444375981981,-0.0746433500489449,15,3,2.04876904727128,2,1.55337408831845,"2",0.0283611098552939,1.0570334675768,2.80826901856268,-0.849611360919973,2.96153846153846,23,20,0.813921026187936,80,0,3.28662562331177,"Z2",0.767105422814313,-0.620030934631802,0.440336134453782,NA,0.5,"unsexed","Z"
"J5622",97,11.7361443313127,2,0.5,40.6,0,0,0,0,NA,NA,38,0.71668233972152,57,0.312093703879232,0.308954175444802,NA,-0.096214622548011,1.17965611264325,0.648642587007784,0.542253102659018,-0.198021861404522,-1.80818214567688,-1.12943611145949,0.617040935016834,0.334294216962021,-0.150658928039596,-0.139956398315944,-0.682497968253566,15,2,0.59283529878488,2,0.855511689317633,"1",0.018860061571619,0.648642587007784,2.24081165695256,-1.02781046523609,2.41666666666667,28,17,0.470403310069138,89,0,3.67106505299135,"Z2",0.686292394426253,-0.355977513165662,0.519512195121951,NA,0.5,"unsexed","Z"
"J563",16,15.9461874812841,12,1,44.725,0,0,0,0,NA,0,17,0.374074057467446,0,0.181913429159038,0.255666240110511,NA,-0.501510298906023,-0.0552853760253704,-0.212327934765966,0.007395996656191,-0.309190185225567,1.02136657789676,1.72405603095707,-0.382685107380186,0.324195458371626,0.143262406647555,0.287687541062747,0.00544418251907323,15,2,0.59283529878488,2,0.14859862540991,"1",0.0220043563216145,-0.212327934765966,3.43348908819217,-0.653272985658955,3,11,10,0.403813321636309,26,0,4.39809709670616,"Z2",-0.261501788017526,0.123083179449195,0.663157894736842,NA,1,"male","Z"
"J618",5,19.585800075531,11,1,44.35,0,0,0,0,NA,NA,12,0.304869356269051,0,0.115250277119464,0.247323128654422,NA,1.30114269702242,-0.349319063803614,-0.386238522414261,-0.266495425477842,-0.309190185225567,0.764134875753698,1.43870681671541,-0.518450372397065,0.19243275266357,0.126876190664911,0.156142895135243,0.0977521923103348,15,1,-0.863098449701516,1,-0.976902540646194,"1",0.0254057796890876,-0.386238522414261,4.55022918551009,-0.302582169821639,3.16666666666667,6,7,0.317024177534106,0,0,5.56981510549686,"Z2",-0.409894711330367,0.1347849896352,0.666666666666667,NA,1,"male","Z"
"J793",2,16.9190000295639,13,0,43,0,0,0,0,NA,NA,4,0.0505939552486781,0,0.00063780354564649,0.268166409425345,NA,1.08447238536239,-0.819772964248804,-1.02522956854545,-0.737390851526656,-0.309190185225567,-0.161899251961311,2.00940524519872,-0.555477262856214,-0.223470762624557,-0.476244222167855,-0.28212654795906,0.125043338189856,15,2,0.59283529878488,2,0.0264161205369707,"1",0.0126484888121695,-1.02522956854545,6.94713092049994,0.450118863251563,3.5,2,2,0.0124684019949443,36,0,9.62335699287663,"Y1",-0.0391702662229841,1.24645695730566,1,NA,0,"female","Y"
"J831",125,32.1292399768829,12,1,44.46,4,25,38.7174400234222,1,10.75,1.66666666666667,56,1.21777363569558,118,0.608794551549622,0.274569914122987,10.75,1.08018835410942,2.23817738864493,1.90787902960822,1.76127462550232,-0.0790522517012979,0.839589508382328,1.72405603095707,0.962625245968891,1.02724331747426,0.74420625059625,0.771665563208526,-0.841107119296779,15,2,0.59283529878488,2,1.09987669906351,"1",0.0217459577802781,1.90787902960822,1.68476494402134,-1.20242627411574,3.07462686567164,52,29,0.810664229563077,24,0.535939899159986,2.46766667204041,"Z6",0.0747242665939272,-0.458106726455712,0.488888888888889,967.936000585556,1,"male","Z"
"J856",1,0,13,1,43.9666666666667,1,1,9.507000207901,1,12,0,3,0.0898078529657477,0,0.0422634848324075,0.169342185297038,12,1.33510278578888,-0.878579701804453,-0.926685511886567,-0.566368079633708,-0.309190185225567,0.501186913563017,2.00940524519872,-0.56781955967593,-0.27086562596774,-0.363596161672285,-0.0954062165723072,0.133926477906605,15,1,-0.863098449701516,1,-1.01181182775275,"1",0.0299359509885826,-0.926685511886567,8.09366209721295,0.810164996376073,4,1,3,0.0843512767425811,0,0.0397555630292737,7.99698743971877,"Z6",-1.79688566888853,1.24645695730566,1,9.507000207901,1,"male","Y"
"J899",78,33.3137692396457,11,1,44.18,2,55,27.8431272550063,1,3.5,4.66666666666667,47,1.32461874823433,205,0.812120482090808,0.293397512899848,3.5,-0.224023508093516,1.70891675064409,2.17637952144176,2.59665709045974,0.0906257162360867,0.647523170782177,1.43870681671541,0.382537295442225,1.14075166727572,1.63914588117414,2.11871471475677,-0.213887723243789,15,1,-0.863098449701516,1,-0.33980805095158,"1",0.0281833776220069,2.17637952144176,2.16580437693307,-1.05136506338023,3.47619047619048,50,32,1.22934864280766,56,0.827204738375485,2.61784934444319,"Z6",0.409597225700888,-0.450359644596523,0.491211840888067,1531.37199902534,1,"male","Z"
"J933",1,14.7190001010895,12,1,42.61,3,9,37.8826666937934,1,8.33333333333333,2.125,6,0.102505958956352,0,0.0676742872869418,0.281092926962734,8.33333333333333,1.13927968370023,-0.702159489137507,-0.894775323176763,-0.46196556326743,-0.309190185225567,-0.429420222190091,1.72405603095707,-0.56781955967593,-0.0903708726514209,-0.319833044370016,0.00955066545592931,0.137919104825293,15,1,-0.863098449701516,1,-1.01181182775275,"1",0.0170843264927254,-0.894775323176763,6.19128012200348,0.212758412227526,7,1,6,0.121445117353046,2,0.0742092514930658,6.1927801395694,"Z6",0.190744404787194,1.24645695730566,1,340.944000244141,1,"male","Y"
"J971",13,48.9526153894571,11,1,43.7833333333333,0,0,0,0,NA,2.5,5,0.0967009945166913,164,0.00118812340519625,0.308722525816176,NA,-0.149630264176035,-0.760966226693156,-0.909363129489007,-0.735129813991689,0.0106625359437561,0.375429192515297,1.43870681671541,-0.419711997839334,-0.343978003575305,-0.516039815865965,-0.400772436284997,0.339516770759821,15,1,-0.863098449701516,1,-0.907083966433086,"1",0.0193401989033383,-0.909363129489007,6.92295951394017,0.442528296469965,1.85714285714286,4,5,0.137073532838504,0,0,6.90890480263966,"Y1",0.682172209078496,0.912955367004522,0.9,NA,1,"male","Y"
"J990",11,28.5931818268516,10,0,43.125,1,4,22.9582499265671,1,11,0.5,11,0.259954659834159,0,0.116855042865076,0.222130409215859,11,1.44992918485739,-0.408125801359263,-0.499108618170386,-0.259902104297996,-0.309190185225567,-0.0761553512469582,1.15335760247376,-0.444396591478767,0.0458075718172858,-0.0824075547963899,0.0812246477779893,0.0350064601702004,15,2,0.59283529878488,2,0.104962016526718,"1",0.0236322418031054,-0.499108618170386,4.11350984437283,-0.439725505503049,2.4,8,4,0.158081158081158,0,5.1342943644836e-18,6.60000723386925,"Z2",-0.857979494011792,0.276270512793258,0.709090909090909,91.8329997062683,0,"female","Z"
