"Var1","Freq","HKLK_dyad_ID","HKLK_no_dual_events","JID1","JID2","HK_knowledge","LK_knowledge","HKLK_knowledge_comb","HKLK_no_dual_events_mean","edge_weight_post","edge_weight_pre","edge_new","HKLK_knowledge_comb4","HKLK_no_dual_events_mean_z","HKLK_no_dual_events_mean_gc","HKLK_no_dual_events_mean_gc_z","dyad_ID","phase","dyad_ID_phase","edge_cooccurrence","edge_binary","JID1_phase","JID2_phase","ID1_events","ID2_events","ID1_events_z","ID2_events_z"
"J1001 J1057",13,"J1001 J1057",13,"J1001","J1057","naive","naive","naive naive",7,NA,NA,0,"naive",0.202772772291614,3.67775041050903,0.75178314362218,"J1001_J1057","postknowledge","J1001_J1057_postknowledge",0,0,"J1001_postknowledge","J1057_postknowledge",0,98,-0.499376761210493,5.39035475684777
"J1001 J1093",6,"J1001 J1093",6,"J1001","J1093","naive","naive","naive naive",5,NA,NA,0,"naive",-0.0308482374352854,1.67775041050903,0.342955431184714,"J1001_J1093","postknowledge","J1001_J1093_postknowledge",1,1,"J1001_postknowledge","J1093_postknowledge",0,7,-0.499376761210493,-0.0341365038244718
"J1001 J1317",3,"J1001 J1317",3,"J1001","J1317","naive","naive","naive naive",2,NA,NA,0,"naive",-0.381279752025634,-1.32224958949097,-0.270286137471486,"J1001_J1317","postknowledge","J1001_J1317_postknowledge",0,0,"J1001_postknowledge","J1317_postknowledge",0,0,-0.499376761210493,-0.451405062337721
"J1001 J1392",1,"J1001 J1392",1,"J1001","J1392","naive","naive","naive naive",1,NA,NA,0,"naive",-0.498090256889084,-2.32224958949097,-0.474699993690219,"J1001_J1392","postknowledge","J1001_J1392_postknowledge",0,0,"J1001_postknowledge","J1392_postknowledge",0,0,-0.499376761210493,-0.451405062337721
"J1458 J1001",1,"J1458 J1001",1,"J1001","J1458","naive","naive","naive naive",1,NA,NA,0,"naive",-0.498090256889084,-2.32224958949097,-0.474699993690219,"J1001_J1458","postknowledge","J1001_J1458_postknowledge",0,0,"J1001_postknowledge","J1458_postknowledge",0,8,-0.499376761210493,0.0254732902488495
"J1001 J1623",2,"J1001 J1623",2,"J1001","J1623","naive","naive","naive naive",2,NA,NA,0,"naive",-0.381279752025634,-1.32224958949097,-0.270286137471486,"J1001_J1623","postknowledge","J1001_J1623_postknowledge",0,0,"J1001_postknowledge","J1623_postknowledge",0,10,-0.499376761210493,0.144692878395492
"J1001 J1916",3,"J1001 J1916",3,"J1001","J1916","naive","naive","naive naive",3.5,NA,NA,0,"naive",-0.20606399473046,0.177750410509031,0.0363346468566139,"J1001_J1916","postknowledge","J1001_J1916_postknowledge",0,0,"J1001_postknowledge","J1916_postknowledge",0,0,-0.499376761210493,-0.451405062337721
"J1964 J1001",2,"J1964 J1001",2,"J1001","J1964","naive","naive","naive naive",2,NA,NA,0,"naive",-0.381279752025634,-1.32224958949097,-0.270286137471486,"J1001_J1964","postknowledge","J1001_J1964_postknowledge",1,1,"J1001_postknowledge","J1964_postknowledge",0,6,-0.499376761210493,-0.0937462978977931
"J1001 J1973",4,"J1001 J1973",4,"J1001","J1973","naive","naive","naive naive",4,NA,NA,0,"naive",-0.147658742298735,0.677750410509031,0.138541574965981,"J1001_J1973","postknowledge","J1001_J1973_postknowledge",0,0,"J1001_postknowledge","J1973_postknowledge",0,0,-0.499376761210493,-0.451405062337721
"J1001 J2039",2,"J1001 J2039",2,"J1001","J2039","naive","naive","naive naive",2,NA,NA,0,"naive",-0.381279752025634,-1.32224958949097,-0.270286137471486,"J1001_J2039","postknowledge","J1001_J2039_postknowledge",0,0,"J1001_postknowledge","J2039_postknowledge",0,6,-0.499376761210493,-0.0937462978977931
"J1001 J2168",13,"J1001 J2168",13,"J1001","J2168","naive","naive","naive naive",13,NA,NA,0,"naive",0.903635801472311,9.67775041050903,1.97826628093458,"J1001_J2168","postknowledge","J1001_J2168_postknowledge",0,0,"J1001_postknowledge","J2168_postknowledge",0,49,-0.499376761210493,2.46947484725502
"J1001 J2375",2,"J1001 J2375",2,"J1001","J2375","naive","naive","naive naive",2,NA,NA,0,"naive",-0.381279752025634,-1.32224958949097,-0.270286137471486,"J1001_J2375","postknowledge","J1001_J2375_postknowledge",0,0,"J1001_postknowledge","J2375_postknowledge",0,0,-0.499376761210493,-0.451405062337721
"J1001 J2621",1,"J1001 J2621",1,"J1001","J2621","naive","naive","naive naive",1,NA,NA,0,"naive",-0.498090256889084,-2.32224958949097,-0.474699993690219,"J1001_J2621","postknowledge","J1001_J2621_postknowledge",0,0,"J1001_postknowledge","J2621_postknowledge",0,1,-0.499376761210493,-0.3917952682644
"J1001 J2701",2,"J1001 J2701",2,"J1001","J2701","naive","naive","naive naive",2,NA,NA,0,"naive",-0.381279752025634,-1.32224958949097,-0.270286137471486,"J1001_J2701","postknowledge","J1001_J2701_postknowledge",0,0,"J1001_postknowledge","J2701_postknowledge",0,0,-0.499376761210493,-0.451405062337721
"J1001 J2941",3,"J1001 J2941",3,"J1001","J2941","naive","naive","naive naive",3,0.0175438596491228,NA,1,"naive",-0.264469247162184,-0.322249589490969,-0.0658722812527527,"J1001_J2941","postknowledge","J1001_J2941_postknowledge",0,0,"J1001_postknowledge","J2941_postknowledge",0,0,-0.499376761210493,-0.451405062337721
"J1001 J2952",5,"J1001 J2952",5,"J1001","J2952","naive","naive","naive naive",5,NA,NA,0,"naive",-0.0308482374352854,1.67775041050903,0.342955431184714,"J1001_J2952","postknowledge","J1001_J2952_postknowledge",0,0,"J1001_postknowledge","J2952_postknowledge",0,0,-0.499376761210493,-0.451405062337721
"J1001 J3148",1,"J1001 J3148",1,"J1001","J3148","naive","naive","naive naive",1,NA,NA,0,"naive",-0.498090256889084,-2.32224958949097,-0.474699993690219,"J1001_J3148","postknowledge","J1001_J3148_postknowledge",0,0,"J1001_postknowledge","J3148_postknowledge",0,0,-0.499376761210493,-0.451405062337721
"J1001 J3305",4,"J1001 J3305",4,"J1001","J3305","naive","naive","naive naive",5.5,NA,NA,0,"naive",0.0275570149964394,2.17775041050903,0.445162359294081,"J1001_J3305","postknowledge","J1001_J3305_postknowledge",0,0,"J1001_postknowledge","J3305_postknowledge",0,0,-0.499376761210493,-0.451405062337721
"J1001 J3462",2,"J1001 J3462",2,"J1001","J3462","naive","naive","naive naive",2,NA,NA,0,"naive",-0.381279752025634,-1.32224958949097,-0.270286137471486,"J1001_J3462","postknowledge","J1001_J3462_postknowledge",0,0,"J1001_postknowledge","J3462_postknowledge",0,0,-0.499376761210493,-0.451405062337721
"J3769 J1001",4,"J3769 J1001",4,"J1001","J3769","knowledge","naive","knowledge naive",4,NA,NA,0,"knowledge",-0.147658742298735,-4.25,-0.355393586992793,"J1001_J3769","postknowledge","J1001_J3769_postknowledge",0,0,"J1001_postknowledge","J3769_postknowledge",0,0,-0.499376761210493,-0.451405062337721
"J1001 J3775",1,"J1001 J3775",1,"J1001","J3775","naive","naive","naive naive",1,NA,NA,0,"naive",-0.498090256889084,-2.32224958949097,-0.474699993690219,"J1001_J3775","postknowledge","J1001_J3775_postknowledge",0,0,"J1001_postknowledge","J3775_postknowledge",0,0,-0.499376761210493,-0.451405062337721
"J1001 J3777",2,"J1001 J3777",2,"J1001","J3777","naive","naive","naive naive",2,NA,NA,0,"naive",-0.381279752025634,-1.32224958949097,-0.270286137471486,"J1001_J3777","postknowledge","J1001_J3777_postknowledge",0,0,"J1001_postknowledge","J3777_postknowledge",0,0,-0.499376761210493,-0.451405062337721
"J1001 J3884",2,"J1001 J3884",2,"J1001","J3884","naive","naive","naive naive",2,NA,NA,0,"naive",-0.381279752025634,-1.32224958949097,-0.270286137471486,"J1001_J3884","postknowledge","J1001_J3884_postknowledge",0,0,"J1001_postknowledge","J3884_postknowledge",0,3,-0.499376761210493,-0.272575680117757
"J3987 J1001",2,"J3987 J1001",2,"J1001","J3987","knowledge","naive","knowledge naive",2,NA,NA,0,"knowledge",-0.381279752025634,-6.25,-0.522637627930578,"J1001_J3987","postknowledge","J1001_J3987_postknowledge",0,0,"J1001_postknowledge","J3987_postknowledge",0,11,-0.499376761210493,0.204302672468813
"J1001 J4044",4,"J1001 J4044",4,"J1001","J4044","naive","naive","naive naive",4,NA,NA,0,"naive",-0.147658742298735,0.677750410509031,0.138541574965981,"J1001_J4044","postknowledge","J1001_J4044_postknowledge",0,0,"J1001_postknowledge","J4044_postknowledge",0,0,-0.499376761210493,-0.451405062337721
"J1001 J4104",1,"J1001 J4104",1,"J1001","J4104","naive","naive","naive naive",1,NA,NA,0,"naive",-0.498090256889084,-2.32224958949097,-0.474699993690219,"J1001_J4104","postknowledge","J1001_J4104_postknowledge",0,0,"J1001_postknowledge","J4104_postknowledge",0,0,-0.499376761210493,-0.451405062337721
"J1001 J42",3,"J1001 J42",3,"J1001","J42","naive","naive","naive naive",2,NA,NA,0,"naive",-0.381279752025634,-1.32224958949097,-0.270286137471486,"J1001_J42","postknowledge","J1001_J42_postknowledge",0,0,"J1001_postknowledge","J42_postknowledge",0,0,-0.499376761210493,-0.451405062337721
"J4304 J1001",5,"J4304 J1001",5,"J1001","J4304","knowledge","naive","knowledge naive",5,NA,NA,0,"knowledge",-0.0308482374352854,-3.25,-0.271771566523901,"J1001_J4304","postknowledge","J1001_J4304_postknowledge",0,0,"J1001_postknowledge","J4304_postknowledge",0,0,-0.499376761210493,-0.451405062337721
"J4514 J1001",6,"J4514 J1001",6,"J1001","J4514","knowledge","naive","knowledge naive",6,0.0588235294117647,NA,1,"knowledge",0.0859622674281642,-2.25,-0.188149546055008,"J1001_J4514","postknowledge","J1001_J4514_postknowledge",3,1,"J1001_postknowledge","J4514_postknowledge",0,18,-0.499376761210493,0.621571230982063
"J4521 J1001",6,"J4521 J1001",6,"J1001","J4521","knowledge","naive","knowledge naive",6,0.0102040816326531,NA,1,"knowledge",0.0859622674281642,-2.25,-0.188149546055008,"J1001_J4521","postknowledge","J1001_J4521_postknowledge",1,1,"J1001_postknowledge","J4521_postknowledge",0,60,-0.499376761210493,3.12518258206156
"J1001 J4654",4,"J1001 J4654",4,"J1001","J4654","naive","naive","naive naive",4,NA,NA,0,"naive",-0.147658742298735,0.677750410509031,0.138541574965981,"J1001_J4654","postknowledge","J1001_J4654_postknowledge",1,1,"J1001_postknowledge","J4654_postknowledge",0,4,-0.499376761210493,-0.212965886044436
"J4954 J1001",1,"J4954 J1001",1,"J1001","J4954","naive","naive","naive naive",1,NA,NA,0,"naive",-0.498090256889084,-2.32224958949097,-0.474699993690219,"J1001_J4954","postknowledge","J1001_J4954_postknowledge",0,0,"J1001_postknowledge","J4954_postknowledge",0,76,-0.499376761210493,4.0789392872347
"J1001 J4961",1,"J1001 J4961",1,"J1001","J4961","naive","naive","naive naive",1,NA,NA,0,"naive",-0.498090256889084,-2.32224958949097,-0.474699993690219,"J1001_J4961","postknowledge","J1001_J4961_postknowledge",0,0,"J1001_postknowledge","J4961_postknowledge",0,0,-0.499376761210493,-0.451405062337721
"J4967 J1001",10,"J4967 J1001",10,"J1001","J4967","knowledge","naive","knowledge naive",10,NA,NA,0,"knowledge",0.553204286881962,1.75,0.146338535820562,"J1001_J4967","postknowledge","J1001_J4967_postknowledge",1,1,"J1001_postknowledge","J4967_postknowledge",0,3,-0.499376761210493,-0.272575680117757
"J1001 J5017",4,"J1001 J5017",4,"J1001","J5017","naive","naive","naive naive",4,NA,NA,0,"naive",-0.147658742298735,0.677750410509031,0.138541574965981,"J1001_J5017","postknowledge","J1001_J5017_postknowledge",0,0,"J1001_postknowledge","J5017_postknowledge",0,0,-0.499376761210493,-0.451405062337721
"J505 J1001",3,"J505 J1001",3,"J1001","J505","naive","naive","naive naive",3,0.0277777777777778,NA,1,"naive",-0.264469247162184,-0.322249589490969,-0.0658722812527527,"J1001_J505","postknowledge","J1001_J505_postknowledge",0,0,"J1001_postknowledge","J505_postknowledge",0,22,-0.499376761210493,0.860010407275348
"J5146 J1001",11,"J5146 J1001",11,"J1001","J5146","knowledge","naive","knowledge naive",11,NA,NA,0,"knowledge",0.670014791745412,2.75,0.229960556289454,"J1001_J5146","postknowledge","J1001_J5146_postknowledge",0,0,"J1001_postknowledge","J5146_postknowledge",0,4,-0.499376761210493,-0.212965886044436
"J5167 J1001",1,"J5167 J1001",1,"J1001","J5167","naive","naive","naive naive",1,NA,NA,0,"naive",-0.498090256889084,-2.32224958949097,-0.474699993690219,"J1001_J5167","postknowledge","J1001_J5167_postknowledge",0,0,"J1001_postknowledge","J5167_postknowledge",0,0,-0.499376761210493,-0.451405062337721
"J5316 J1001",1,"J5316 J1001",1,"J1001","J5316","naive","naive","naive naive",1,NA,NA,0,"naive",-0.498090256889084,-2.32224958949097,-0.474699993690219,"J1001_J5316","postknowledge","J1001_J5316_postknowledge",0,0,"J1001_postknowledge","J5316_postknowledge",0,37,-0.499376761210493,1.75415731837517
"J1001 J5607",2,"J1001 J5607",2,"J1001","J5607","naive","naive","naive naive",2,0.02,NA,1,"naive",-0.381279752025634,-1.32224958949097,-0.270286137471486,"J1001_J5607","postknowledge","J1001_J5607_postknowledge",1,1,"J1001_postknowledge","J5607_postknowledge",0,26,-0.499376761210493,1.09844958356863
"J5874 J1001",2,"J5874 J1001",2,"J1001","J5874","naive","naive","naive naive",2,NA,NA,0,"naive",-0.381279752025634,-1.32224958949097,-0.270286137471486,"J1001_J5874","postknowledge","J1001_J5874_postknowledge",0,0,"J1001_postknowledge","J5874_postknowledge",0,0,-0.499376761210493,-0.451405062337721
"J1001 J595",3,"J1001 J595",3,"J1001","J595","naive","naive","naive naive",3,NA,NA,0,"naive",-0.264469247162184,-0.322249589490969,-0.0658722812527527,"J1001_J595","postknowledge","J1001_J595_postknowledge",0,0,"J1001_postknowledge","J595_postknowledge",0,1,-0.499376761210493,-0.3917952682644
"J5963 J1001",1,"J5963 J1001",1,"J1001","J5963","naive","naive","naive naive",1,0.0454545454545455,NA,1,"naive",-0.498090256889084,-2.32224958949097,-0.474699993690219,"J1001_J5963","postknowledge","J1001_J5963_postknowledge",0,0,"J1001_postknowledge","J5963_postknowledge",0,0,-0.499376761210493,-0.451405062337721
"J5964 J1001",2,"J5964 J1001",2,"J1001","J5964","naive","naive","naive naive",2,NA,NA,0,"naive",-0.381279752025634,-1.32224958949097,-0.270286137471486,"J1001_J5964","postknowledge","J1001_J5964_postknowledge",0,0,"J1001_postknowledge","J5964_postknowledge",0,0,-0.499376761210493,-0.451405062337721
"J1001 J6017",2,"J1001 J6017",2,"J1001","J6017","naive","naive","naive naive",2,NA,NA,0,"naive",-0.381279752025634,-1.32224958949097,-0.270286137471486,"J1001_J6017","postknowledge","J1001_J6017_postknowledge",0,0,"J1001_postknowledge","J6017_postknowledge",0,0,-0.499376761210493,-0.451405062337721
"J1001 J640",2,"J1001 J640",2,"J1001","J640","naive","naive","naive naive",2,NA,NA,0,"naive",-0.381279752025634,-1.32224958949097,-0.270286137471486,"J1001_J640","postknowledge","J1001_J640_postknowledge",0,0,"J1001_postknowledge","J640_postknowledge",0,0,-0.499376761210493,-0.451405062337721
"J1046 J1057",3,"J1046 J1057",3,"J1046","J1057","knowledge","naive","knowledge naive",3,NA,NA,0,"knowledge",-0.264469247162184,-5.25,-0.439015607461686,"J1046_J1057","postknowledge","J1046_J1057_postknowledge",0,0,"J1046_postknowledge","J1057_postknowledge",0,98,-0.499376761210493,5.39035475684777
"J1046 J1368",8,"J1046 J1368",8,"J1046","J1368","knowledge","naive","knowledge naive",8,0.0437956204379562,NA,1,"knowledge",0.319583277155063,-0.25,-0.0209055051172231,"J1046_J1368","postknowledge","J1046_J1368_postknowledge",0,0,"J1046_postknowledge","J1368_postknowledge",0,0,-0.499376761210493,-0.451405062337721
"J1046 J1480",12,"J1046 J1480",12,"J1046","J1480","knowledge","knowledge","knowledge knowledge",7,NA,NA,0,"knowledge",0.202772772291614,1.15865384615385,0.235245406917055,"J1046_J1480","postknowledge","J1046_J1480_postknowledge",0,0,"J1046_postknowledge","J1480_postknowledge",0,0,-0.499376761210493,-0.451405062337721
"J1046 J1623",6,"J1046 J1623",6,"J1046","J1623","knowledge","naive","knowledge naive",6,NA,NA,0,"knowledge",0.0859622674281642,-2.25,-0.188149546055008,"J1046_J1623","postknowledge","J1046_J1623_postknowledge",0,0,"J1046_postknowledge","J1623_postknowledge",0,10,-0.499376761210493,0.144692878395492
"J1046 J2039",4,"J1046 J2039",4,"J1046","J2039","knowledge","naive","knowledge naive",4,NA,NA,0,"knowledge",-0.147658742298735,-4.25,-0.355393586992793,"J1046_J2039","postknowledge","J1046_J2039_postknowledge",0,0,"J1046_postknowledge","J2039_postknowledge",0,6,-0.499376761210493,-0.0937462978977931
"J1046 J2128",6,"J1046 J2128",6,"J1046","J2128","knowledge","knowledge","knowledge knowledge",9,NA,NA,0,"knowledge",0.436393782018513,3.15865384615385,0.641312167404585,"J1046_J2128","postknowledge","J1046_J2128_postknowledge",0,0,"J1046_postknowledge","J2128_postknowledge",0,0,-0.499376761210493,-0.451405062337721
"J1046 J2168",1,"J1046 J2168",1,"J1046","J2168","knowledge","naive","knowledge naive",1,NA,NA,0,"knowledge",-0.498090256889084,-7.25,-0.606259648399471,"J1046_J2168","postknowledge","J1046_J2168_postknowledge",0,0,"J1046_postknowledge","J2168_postknowledge",0,49,-0.499376761210493,2.46947484725502
"J1046 J2941",16,"J1046 J2941",16,"J1046","J2941","knowledge","naive","knowledge naive",16,0.00917431192660551,NA,1,"knowledge",1.25406731606266,7.75,0.648070658633917,"J1046_J2941","postknowledge","J1046_J2941_postknowledge",0,0,"J1046_postknowledge","J2941_postknowledge",0,0,-0.499376761210493,-0.451405062337721
"J1046 J3526",8,"J1046 J3526",8,"J1046","J3526","knowledge","naive","knowledge naive",8,0.018018018018018,NA,1,"knowledge",0.319583277155063,-0.25,-0.0209055051172231,"J1046_J3526","postknowledge","J1046_J3526_postknowledge",0,0,"J1046_postknowledge","J3526_postknowledge",0,0,-0.499376761210493,-0.451405062337721
"J1046 J3718",2,"J1046 J3718",2,"J1046","J3718","knowledge","naive","knowledge naive",2,NA,NA,0,"knowledge",-0.381279752025634,-6.25,-0.522637627930578,"J1046_J3718","postknowledge","J1046_J3718_postknowledge",0,0,"J1046_postknowledge","J3718_postknowledge",0,0,-0.499376761210493,-0.451405062337721
"J1046 J3753",5,"J1046 J3753",5,"J1046","J3753","knowledge","naive","knowledge naive",5,NA,NA,0,"knowledge",-0.0308482374352854,-3.25,-0.271771566523901,"J1046_J3753","postknowledge","J1046_J3753_postknowledge",0,0,"J1046_postknowledge","J3753_postknowledge",0,17,-0.499376761210493,0.561961436908741
"J1046 J3987",19,"J1046 J3987",19,"J1046","J3987","knowledge","knowledge","knowledge knowledge",19,NA,NA,0,"knowledge",1.60449883065301,13.1586538461538,2.67164596984223,"J1046_J3987","postknowledge","J1046_J3987_postknowledge",0,0,"J1046_postknowledge","J3987_postknowledge",0,11,-0.499376761210493,0.204302672468813
"J1046 J4044",13,"J1046 J4044",13,"J1046","J4044","knowledge","naive","knowledge naive",13,NA,NA,0,"knowledge",0.903635801472311,4.75,0.397204597227239,"J1046_J4044","postknowledge","J1046_J4044_postknowledge",0,0,"J1046_postknowledge","J4044_postknowledge",0,0,-0.499376761210493,-0.451405062337721
"J1046 J4104",15,"J1046 J4104",15,"J1046","J4104","knowledge","naive","knowledge naive",15,NA,NA,0,"knowledge",1.13725681119921,6.75,0.564448638165024,"J1046_J4104","postknowledge","J1046_J4104_postknowledge",0,0,"J1046_postknowledge","J4104_postknowledge",0,0,-0.499376761210493,-0.451405062337721
"J1046 J4715",2,"J1046 J4715",2,"J1046","J4715","knowledge","naive","knowledge naive",2,NA,NA,0,"knowledge",-0.381279752025634,-6.25,-0.522637627930578,"J1046_J4715","postknowledge","J1046_J4715_postknowledge",0,0,"J1046_postknowledge","J4715_postknowledge",0,3,-0.499376761210493,-0.272575680117757
"J1046 J4770",1,"J1046 J4770",1,"J1046","J4770","knowledge","naive","knowledge naive",1,NA,NA,0,"knowledge",-0.498090256889084,-7.25,-0.606259648399471,"J1046_J4770","postknowledge","J1046_J4770_postknowledge",0,0,"J1046_postknowledge","J4770_postknowledge",0,1,-0.499376761210493,-0.3917952682644
"J1046 J4776",1,"J1046 J4776",1,"J1046","J4776","knowledge","naive","knowledge naive",1,NA,NA,0,"knowledge",-0.498090256889084,-7.25,-0.606259648399471,"J1046_J4776","postknowledge","J1046_J4776_postknowledge",0,0,"J1046_postknowledge","J4776_postknowledge",0,3,-0.499376761210493,-0.272575680117757
"J1046 J4782",2,"J1046 J4782",2,"J1046","J4782","knowledge","naive","knowledge naive",2,NA,NA,0,"knowledge",-0.381279752025634,-6.25,-0.522637627930578,"J1046_J4782","postknowledge","J1046_J4782_postknowledge",0,0,"J1046_postknowledge","J4782_postknowledge",0,10,-0.499376761210493,0.144692878395492
"J1046 J4951",31,"J1046 J4951",31,"J1046","J4951","knowledge","naive","knowledge naive",31,NA,NA,0,"knowledge",3.0062248890144,22.75,1.9024009656673,"J1046_J4951","postknowledge","J1046_J4951_postknowledge",0,0,"J1046_postknowledge","J4951_postknowledge",0,0,-0.499376761210493,-0.451405062337721
"J1046 J4961",5,"J1046 J4961",5,"J1046","J4961","knowledge","naive","knowledge naive",5,NA,NA,0,"knowledge",-0.0308482374352854,-3.25,-0.271771566523901,"J1046_J4961","postknowledge","J1046_J4961_postknowledge",0,0,"J1046_postknowledge","J4961_postknowledge",0,0,-0.499376761210493,-0.451405062337721
"J1046 J505",6,"J1046 J505",6,"J1046","J505","knowledge","naive","knowledge naive",6,NA,NA,0,"knowledge",0.0859622674281642,-2.25,-0.188149546055008,"J1046_J505","postknowledge","J1046_J505_postknowledge",0,0,"J1046_postknowledge","J505_postknowledge",0,22,-0.499376761210493,0.860010407275348
"J1046 J5053",2,"J1046 J5053",2,"J1046","J5053","knowledge","knowledge","knowledge knowledge",2,NA,NA,0,"knowledge",-0.381279752025634,-3.84134615384615,-0.77992149430177,"J1046_J5053","postknowledge","J1046_J5053_postknowledge",0,0,"J1046_postknowledge","J5053_postknowledge",0,56,-0.499376761210493,2.88674340576827
"J1046 J5087",25,"J1046 J5087",25,"J1046","J5087","knowledge","naive","knowledge naive",25,NA,NA,0,"knowledge",2.30536185983371,16.75,1.40066884285395,"J1046_J5087","postknowledge","J1046_J5087_postknowledge",0,0,"J1046_postknowledge","J5087_postknowledge",0,0,-0.499376761210493,-0.451405062337721
"J1046 J5222",1,"J1046 J5222",1,"J1046","J5222","knowledge","naive","knowledge naive",1,NA,NA,0,"knowledge",-0.498090256889084,-7.25,-0.606259648399471,"J1046_J5222","postknowledge","J1046_J5222_postknowledge",0,0,"J1046_postknowledge","J5222_postknowledge",0,11,-0.499376761210493,0.204302672468813
"J1046 J5271",3,"J1046 J5271",3,"J1046","J5271","knowledge","naive","knowledge naive",3,NA,NA,0,"knowledge",-0.264469247162184,-5.25,-0.439015607461686,"J1046_J5271","postknowledge","J1046_J5271_postknowledge",0,0,"J1046_postknowledge","J5271_postknowledge",0,9,-0.499376761210493,0.0850830843221708
"J1046 J5694",3,"J1046 J5694",3,"J1046","J5694","knowledge","knowledge","knowledge knowledge",3,NA,NA,0,"knowledge",-0.264469247162184,-2.84134615384615,-0.576888114058005,"J1046_J5694","postknowledge","J1046_J5694_postknowledge",0,0,"J1046_postknowledge","J5694_postknowledge",0,0,-0.499376761210493,-0.451405062337721
"J1046 J5695",18,"J1046 J5695",18,"J1046","J5695","knowledge","knowledge","knowledge knowledge",18,0.0103092783505155,NA,1,"knowledge",1.48768832578956,12.1586538461538,2.46861258959847,"J1046_J5695","postknowledge","J1046_J5695_postknowledge",0,0,"J1046_postknowledge","J5695_postknowledge",0,0,-0.499376761210493,-0.451405062337721
"J1046 J5723A",4,"J1046 J5723A",4,"J1046","J5723A","knowledge","naive","knowledge naive",4,NA,NA,0,"knowledge",-0.147658742298735,-4.25,-0.355393586992793,"J1046_J5723A","postknowledge","J1046_J5723A_postknowledge",0,0,"J1046_postknowledge","J5723A_postknowledge",0,0,-0.499376761210493,-0.451405062337721
"J1046 J5724",4,"J1046 J5724",4,"J1046","J5724","knowledge","naive","knowledge naive",4,NA,NA,0,"knowledge",-0.147658742298735,-4.25,-0.355393586992793,"J1046_J5724","postknowledge","J1046_J5724_postknowledge",0,0,"J1046_postknowledge","J5724_postknowledge",0,0,-0.499376761210493,-0.451405062337721
"J5730 J1046",4,"J5730 J1046",4,"J1046","J5730","knowledge","knowledge","knowledge knowledge",4,NA,NA,0,"knowledge",-0.147658742298735,-1.84134615384615,-0.37385473381424,"J1046_J5730","postknowledge","J1046_J5730_postknowledge",0,0,"J1046_postknowledge","J5730_postknowledge",0,0,-0.499376761210493,-0.451405062337721
"J1046 J5763",1,"J1046 J5763",1,"J1046","J5763","knowledge","naive","knowledge naive",1,NA,NA,0,"knowledge",-0.498090256889084,-7.25,-0.606259648399471,"J1046_J5763","postknowledge","J1046_J5763_postknowledge",0,0,"J1046_postknowledge","J5763_postknowledge",0,0,-0.499376761210493,-0.451405062337721
"J1046 J5804",5,"J1046 J5804",5,"J1046","J5804","knowledge","naive","knowledge naive",5,NA,NA,0,"knowledge",-0.0308482374352854,-3.25,-0.271771566523901,"J1046_J5804","postknowledge","J1046_J5804_postknowledge",NA,NA,"J1046_postknowledge","J5804_postknowledge",0,NA,-0.499376761210493,NA
"J1046 J6024",1,"J1046 J6024",1,"J1046","J6024","knowledge","naive","knowledge naive",1,NA,NA,0,"knowledge",-0.498090256889084,-7.25,-0.606259648399471,"J1046_J6024","postknowledge","J1046_J6024_postknowledge",0,0,"J1046_postknowledge","J6024_postknowledge",0,0,-0.499376761210493,-0.451405062337721
"J1046 J6042",2,"J1046 J6042",2,"J1046","J6042","knowledge","naive","knowledge naive",2,NA,NA,0,"knowledge",-0.381279752025634,-6.25,-0.522637627930578,"J1046_J6042","postknowledge","J1046_J6042_postknowledge",0,0,"J1046_postknowledge","J6042_postknowledge",0,0,-0.499376761210493,-0.451405062337721
"J1046 J972",4,"J1046 J972",4,"J1046","J972","knowledge","naive","knowledge naive",4,NA,NA,0,"knowledge",-0.147658742298735,-4.25,-0.355393586992793,"J1046_J972","postknowledge","J1046_J972_postknowledge",0,0,"J1046_postknowledge","J972_postknowledge",0,0,-0.499376761210493,-0.451405062337721
"J1057 J1096",2,"J1057 J1096",2,"J1057","J1096","naive","naive","naive naive",2,NA,NA,0,"naive",-0.381279752025634,-1.32224958949097,-0.270286137471486,"J1057_J1096","postknowledge","J1057_J1096_postknowledge",0,0,"J1057_postknowledge","J1096_postknowledge",98,0,3.85852670264387,-0.451405062337721
"J1317 J1057",15,"J1317 J1057",15,"J1057","J1317","naive","naive","naive naive",15,NA,NA,0,"naive",1.13725681119921,11.677750410509,2.38709399337205,"J1057_J1317","postknowledge","J1057_J1317_postknowledge",0,0,"J1057_postknowledge","J1317_postknowledge",98,0,3.85852670264387,-0.451405062337721
"J1368 J1057",4,"J1368 J1057",4,"J1057","J1368","naive","naive","naive naive",4,0.0116959064327485,NA,1,"naive",-0.147658742298735,0.677750410509031,0.138541574965981,"J1057_J1368","postknowledge","J1057_J1368_postknowledge",0,0,"J1057_postknowledge","J1368_postknowledge",98,0,3.85852670264387,-0.451405062337721
"J1480 J1057",4,"J1480 J1057",4,"J1057","J1480","knowledge","naive","knowledge naive",4,0.00775193798449612,NA,1,"knowledge",-0.147658742298735,-4.25,-0.355393586992793,"J1057_J1480","postknowledge","J1057_J1480_postknowledge",0,0,"J1057_postknowledge","J1480_postknowledge",98,0,3.85852670264387,-0.451405062337721
"J1529 J1057",10,"J1529 J1057",10,"J1057","J1529","knowledge","naive","knowledge naive",10,NA,NA,0,"knowledge",0.553204286881962,1.75,0.146338535820562,"J1057_J1529","postknowledge","J1057_J1529_postknowledge",0,0,"J1057_postknowledge","J1529_postknowledge",98,95,3.85852670264387,5.2115253746278
"J1057 J1623",4,"J1057 J1623",4,"J1057","J1623","naive","naive","naive naive",4,NA,NA,0,"naive",-0.147658742298735,0.677750410509031,0.138541574965981,"J1057_J1623","postknowledge","J1057_J1623_postknowledge",2,1,"J1057_postknowledge","J1623_postknowledge",98,10,3.85852670264387,0.144692878395492
"J1902 J1057",4,"J1902 J1057",4,"J1057","J1902","naive","naive","naive naive",4,0.00617283950617284,NA,1,"naive",-0.147658742298735,0.677750410509031,0.138541574965981,"J1057_J1902","postknowledge","J1057_J1902_postknowledge",1,1,"J1057_postknowledge","J1902_postknowledge",98,48,3.85852670264387,2.4098650531817
"J2039 J1057",2,"J2039 J1057",2,"J1057","J2039","naive","naive","naive naive",2,NA,NA,0,"naive",-0.381279752025634,-1.32224958949097,-0.270286137471486,"J1057_J2039","postknowledge","J1057_J2039_postknowledge",0,0,"J1057_postknowledge","J2039_postknowledge",98,6,3.85852670264387,-0.0937462978977931
"J2128 J1057",22,"J2128 J1057",22,"J1057","J2128","knowledge","naive","knowledge naive",22,0.0165289256198347,NA,1,"knowledge",1.95493034524336,13.75,1.14980278144727,"J1057_J2128","postknowledge","J1057_J2128_postknowledge",0,0,"J1057_postknowledge","J2128_postknowledge",98,0,3.85852670264387,-0.451405062337721
"J1057 J2168",4,"J1057 J2168",4,"J1057","J2168","naive","naive","naive naive",4,0.00636942675159236,NA,1,"naive",-0.147658742298735,0.677750410509031,0.138541574965981,"J1057_J2168","postknowledge","J1057_J2168_postknowledge",1,1,"J1057_postknowledge","J2168_postknowledge",98,49,3.85852670264387,2.46947484725502
"J2196 J1057",3,"J2196 J1057",3,"J1057","J2196","naive","naive","naive naive",3,0.0118343195266272,NA,1,"naive",-0.264469247162184,-0.322249589490969,-0.0658722812527527,"J1057_J2196","postknowledge","J1057_J2196_postknowledge",8,1,"J1057_postknowledge","J2196_postknowledge",98,58,3.85852670264387,3.00596299391492
"J2488 J1057",1,"J2488 J1057",1,"J1057","J2488","naive","naive","naive naive",1,NA,NA,0,"naive",-0.498090256889084,-2.32224958949097,-0.474699993690219,"J1057_J2488","postknowledge","J1057_J2488_postknowledge",0,0,"J1057_postknowledge","J2488_postknowledge",98,6,3.85852670264387,-0.0937462978977931
"J1057 J2941",1,"J1057 J2941",1,"J1057","J2941","naive","naive","naive naive",4,0.00719424460431655,NA,1,"naive",-0.147658742298735,0.677750410509031,0.138541574965981,"J1057_J2941","postknowledge","J1057_J2941_postknowledge",0,0,"J1057_postknowledge","J2941_postknowledge",98,0,3.85852670264387,-0.451405062337721
"J2961 J1057",8,"J2961 J1057",8,"J1057","J2961","naive","naive","naive naive",8,0.0138888888888889,NA,1,"naive",0.319583277155063,4.67775041050903,0.956196999840914,"J1057_J2961","postknowledge","J1057_J2961_postknowledge",0,0,"J1057_postknowledge","J2961_postknowledge",98,0,3.85852670264387,-0.451405062337721
"J1057 J3702",2,"J1057 J3702",2,"J1057","J3702","naive","naive","naive naive",2,NA,NA,0,"naive",-0.381279752025634,-1.32224958949097,-0.270286137471486,"J1057_J3702","postknowledge","J1057_J3702_postknowledge",0,0,"J1057_postknowledge","J3702_postknowledge",98,0,3.85852670264387,-0.451405062337721
"J3753 J1057",4,"J3753 J1057",4,"J1057","J3753","naive","naive","naive naive",4,NA,NA,0,"naive",-0.147658742298735,0.677750410509031,0.138541574965981,"J1057_J3753","postknowledge","J1057_J3753_postknowledge",0,0,"J1057_postknowledge","J3753_postknowledge",98,17,3.85852670264387,0.561961436908741
"J3987 J1057",1,"J3987 J1057",1,"J1057","J3987","knowledge","naive","knowledge naive",1,0.00925925925925926,NA,1,"knowledge",-0.498090256889084,-7.25,-0.606259648399471,"J1057_J3987","postknowledge","J1057_J3987_postknowledge",4,1,"J1057_postknowledge","J3987_postknowledge",98,11,3.85852670264387,0.204302672468813
"J1057 J4044",2,"J1057 J4044",2,"J1057","J4044","naive","naive","naive naive",3.5,0.0180995475113122,NA,1,"naive",-0.20606399473046,0.177750410509031,0.0363346468566139,"J1057_J4044","postknowledge","J1057_J4044_postknowledge",0,0,"J1057_postknowledge","J4044_postknowledge",98,0,3.85852670264387,-0.451405062337721
"J4104 J1057",7,"J4104 J1057",7,"J1057","J4104","naive","naive","naive naive",7,0.00925925925925926,NA,1,"naive",0.202772772291614,3.67775041050903,0.75178314362218,"J1057_J4104","postknowledge","J1057_J4104_postknowledge",0,0,"J1057_postknowledge","J4104_postknowledge",98,0,3.85852670264387,-0.451405062337721
"J4151 J1057",4,"J4151 J1057",4,"J1057","J4151","naive","naive","naive naive",4,NA,NA,0,"naive",-0.147658742298735,0.677750410509031,0.138541574965981,"J1057_J4151","postknowledge","J1057_J4151_postknowledge",0,0,"J1057_postknowledge","J4151_postknowledge",98,26,3.85852670264387,1.09844958356863
"J4304 J1057",31,"J4304 J1057",31,"J1057","J4304","knowledge","naive","knowledge naive",31,NA,NA,0,"knowledge",3.0062248890144,22.75,1.9024009656673,"J1057_J4304","postknowledge","J1057_J4304_postknowledge",0,0,"J1057_postknowledge","J4304_postknowledge",98,0,3.85852670264387,-0.451405062337721
"J4521 J1057",3,"J4521 J1057",3,"J1057","J4521","knowledge","naive","knowledge naive",3,NA,NA,0,"knowledge",-0.264469247162184,-5.25,-0.439015607461686,"J1057_J4521","postknowledge","J1057_J4521_postknowledge",2,1,"J1057_postknowledge","J4521_postknowledge",98,60,3.85852670264387,3.12518258206156
"J4715 J1057",2,"J4715 J1057",2,"J1057","J4715","naive","naive","naive naive",2,NA,NA,0,"naive",-0.381279752025634,-1.32224958949097,-0.270286137471486,"J1057_J4715","postknowledge","J1057_J4715_postknowledge",0,0,"J1057_postknowledge","J4715_postknowledge",98,3,3.85852670264387,-0.272575680117757
"J1057 J4954",1,"J1057 J4954",1,"J1057","J4954","naive","naive","naive naive",4,0.016304347826087,NA,1,"naive",-0.147658742298735,0.677750410509031,0.138541574965981,"J1057_J4954","postknowledge","J1057_J4954_postknowledge",16,1,"J1057_postknowledge","J4954_postknowledge",98,76,3.85852670264387,4.0789392872347
"J505 J1057",10,"J505 J1057",10,"J1057","J505","naive","naive","naive naive",10,NA,NA,0,"naive",0.553204286881962,6.67775041050903,1.36502471227838,"J1057_J505","postknowledge","J1057_J505_postknowledge",0,0,"J1057_postknowledge","J505_postknowledge",98,22,3.85852670264387,0.860010407275348
"J1057 J5087",2,"J1057 J5087",2,"J1057","J5087","naive","naive","naive naive",8,NA,NA,0,"naive",0.319583277155063,4.67775041050903,0.956196999840914,"J1057_J5087","postknowledge","J1057_J5087_postknowledge",0,0,"J1057_postknowledge","J5087_postknowledge",98,0,3.85852670264387,-0.451405062337721
"J5089 J1057",5,"J5089 J1057",5,"J1057","J5089","knowledge","naive","knowledge naive",5,0.00671140939597315,NA,1,"knowledge",-0.0308482374352854,-3.25,-0.271771566523901,"J1057_J5089","postknowledge","J1057_J5089_postknowledge",0,0,"J1057_postknowledge","J5089_postknowledge",98,0,3.85852670264387,-0.451405062337721
"J5121 J1057",2,"J5121 J1057",2,"J1057","J5121","knowledge","naive","knowledge naive",2,0.00854700854700855,NA,1,"knowledge",-0.381279752025634,-6.25,-0.522637627930578,"J1057_J5121","postknowledge","J1057_J5121_postknowledge",1,1,"J1057_postknowledge","J5121_postknowledge",98,25,3.85852670264387,1.03883978949531
"J5477 J1057",1,"J5477 J1057",1,"J1057","J5477","naive","naive","naive naive",1,0.0223880597014925,NA,1,"naive",-0.498090256889084,-2.32224958949097,-0.474699993690219,"J1057_J5477","postknowledge","J1057_J5477_postknowledge",5,1,"J1057_postknowledge","J5477_postknowledge",98,36,3.85852670264387,1.69454752430185
"J5695 J1057",1,"J5695 J1057",1,"J1057","J5695","knowledge","naive","knowledge naive",1,0.0078740157480315,NA,1,"knowledge",-0.498090256889084,-7.25,-0.606259648399471,"J1057_J5695","postknowledge","J1057_J5695_postknowledge",0,0,"J1057_postknowledge","J5695_postknowledge",98,0,3.85852670264387,-0.451405062337721
"J5740 J1057",1,"J5740 J1057",1,"J1057","J5740","naive","naive","naive naive",1,NA,NA,0,"naive",-0.498090256889084,-2.32224958949097,-0.474699993690219,"J1057_J5740","postknowledge","J1057_J5740_postknowledge",0,0,"J1057_postknowledge","J5740_postknowledge",98,0,3.85852670264387,-0.451405062337721
"J595 J1057",2,"J595 J1057",2,"J1057","J595","naive","naive","naive naive",2,NA,NA,0,"naive",-0.381279752025634,-1.32224958949097,-0.270286137471486,"J1057_J595","postknowledge","J1057_J595_postknowledge",0,0,"J1057_postknowledge","J595_postknowledge",98,1,3.85852670264387,-0.3917952682644
"J6042 J1057",2,"J6042 J1057",2,"J1057","J6042","naive","naive","naive naive",2,0.00970873786407767,NA,1,"naive",-0.381279752025634,-1.32224958949097,-0.270286137471486,"J1057_J6042","postknowledge","J1057_J6042_postknowledge",0,0,"J1057_postknowledge","J6042_postknowledge",98,0,3.85852670264387,-0.451405062337721
"J1057 J6043",2,"J1057 J6043",2,"J1057","J6043","naive","naive","naive naive",2,NA,NA,0,"naive",-0.381279752025634,-1.32224958949097,-0.270286137471486,"J1057_J6043","postknowledge","J1057_J6043_postknowledge",0,0,"J1057_postknowledge","J6043_postknowledge",98,0,3.85852670264387,-0.451405062337721
"J664 J1057",8,"J664 J1057",8,"J1057","J664","knowledge","naive","knowledge naive",8,0.025,NA,1,"knowledge",0.319583277155063,-0.25,-0.0209055051172231,"J1057_J664","postknowledge","J1057_J664_postknowledge",0,0,"J1057_postknowledge","J664_postknowledge",98,0,3.85852670264387,-0.451405062337721
"J1093 J1096",9,"J1093 J1096",9,"J1093","J1096","naive","naive","naive naive",9,NA,NA,0,"naive",0.436393782018513,5.67775041050903,1.16061085605965,"J1093_J1096","postknowledge","J1093_J1096_postknowledge",0,0,"J1093_postknowledge","J1096_postknowledge",7,0,-0.188097942363753,-0.451405062337721
"J1093 J1154",4,"J1093 J1154",4,"J1093","J1154","naive","naive","naive naive",4,NA,NA,0,"naive",-0.147658742298735,0.677750410509031,0.138541574965981,"J1093_J1154","postknowledge","J1093_J1154_postknowledge",0,0,"J1093_postknowledge","J1154_postknowledge",7,4,-0.188097942363753,-0.212965886044436
"J1222 J1093",2,"J1222 J1093",2,"J1093","J1222","naive","naive","naive naive",2,NA,NA,0,"naive",-0.381279752025634,-1.32224958949097,-0.270286137471486,"J1093_J1222","postknowledge","J1093_J1222_postknowledge",0,0,"J1093_postknowledge","J1222_postknowledge",7,0,-0.188097942363753,-0.451405062337721
"J1317 J1093",1,"J1317 J1093",1,"J1093","J1317","naive","naive","naive naive",1,NA,NA,0,"naive",-0.498090256889084,-2.32224958949097,-0.474699993690219,"J1093_J1317","postknowledge","J1093_J1317_postknowledge",0,0,"J1093_postknowledge","J1317_postknowledge",7,0,-0.188097942363753,-0.451405062337721
"J1093 J1351",1,"J1093 J1351",1,"J1093","J1351","naive","naive","naive naive",1,NA,NA,0,"naive",-0.498090256889084,-2.32224958949097,-0.474699993690219,"J1093_J1351","postknowledge","J1093_J1351_postknowledge",0,0,"J1093_postknowledge","J1351_postknowledge",7,24,-0.188097942363753,0.979229995421991
"J1093 J1392",14,"J1093 J1392",14,"J1093","J1392","naive","naive","naive naive",11,NA,NA,0,"naive",0.670014791745412,7.67775041050903,1.56943856849711,"J1093_J1392","postknowledge","J1093_J1392_postknowledge",0,0,"J1093_postknowledge","J1392_postknowledge",7,0,-0.188097942363753,-0.451405062337721
"J1093 J1463",30,"J1093 J1463",30,"J1093","J1463","naive","naive","naive naive",30,NA,NA,0,"naive",2.88941438415095,26.677750410509,5.45330183665305,"J1093_J1463","postknowledge","J1093_J1463_postknowledge",0,0,"J1093_postknowledge","J1463_postknowledge",7,0,-0.188097942363753,-0.451405062337721
"J1627 J1093",20,"J1627 J1093",20,"J1093","J1627","knowledge","naive","knowledge naive",20,NA,NA,0,"knowledge",1.72130933551646,11.75,0.982558740509487,"J1093_J1627","postknowledge","J1093_J1627_postknowledge",0,0,"J1093_postknowledge","J1627_postknowledge",7,0,-0.188097942363753,-0.451405062337721
"J1093 J1916",140,"J1093 J1916",140,"J1093","J1916","naive","naive","naive naive",101,NA,NA,0,"naive",11.1829602294559,97.677750410509,19.9666856281831,"J1093_J1916","postknowledge","J1093_J1916_postknowledge",0,0,"J1093_postknowledge","J1916_postknowledge",7,0,-0.188097942363753,-0.451405062337721
"J1093 J1973",38,"J1093 J1973",38,"J1093","J1973","naive","naive","naive naive",24,NA,NA,0,"naive",2.18855135497026,20.677750410509,4.22681869934065,"J1093_J1973","postknowledge","J1093_J1973_postknowledge",0,0,"J1093_postknowledge","J1973_postknowledge",7,0,-0.188097942363753,-0.451405062337721
"J1093 J2039",7,"J1093 J2039",7,"J1093","J2039","naive","naive","naive naive",5.5,NA,NA,0,"naive",0.0275570149964394,2.17775041050903,0.445162359294081,"J1093_J2039","postknowledge","J1093_J2039_postknowledge",0,0,"J1093_postknowledge","J2039_postknowledge",7,6,-0.188097942363753,-0.0937462978977931
"J1093 J2149",3,"J1093 J2149",3,"J1093","J2149","naive","naive","naive naive",3,NA,NA,0,"naive",-0.264469247162184,-0.322249589490969,-0.0658722812527527,"J1093_J2149","postknowledge","J1093_J2149_postknowledge",0,0,"J1093_postknowledge","J2149_postknowledge",7,0,-0.188097942363753,-0.451405062337721
"J1093 J2168",26,"J1093 J2168",26,"J1093","J2168","naive","naive","naive naive",26,0.0158730158730159,NA,1,"naive",2.42217236469716,22.677750410509,4.63564641177811,"J1093_J2168","postknowledge","J1093_J2168_postknowledge",1,1,"J1093_postknowledge","J2168_postknowledge",7,49,-0.188097942363753,2.46947484725502
"J1093 J2375",7,"J1093 J2375",7,"J1093","J2375","naive","naive","naive naive",7,NA,NA,0,"naive",0.202772772291614,3.67775041050903,0.75178314362218,"J1093_J2375","postknowledge","J1093_J2375_postknowledge",0,0,"J1093_postknowledge","J2375_postknowledge",7,0,-0.188097942363753,-0.451405062337721
"J1093 J2377",6,"J1093 J2377",6,"J1093","J2377","naive","naive","naive naive",6,NA,NA,0,"naive",0.0859622674281642,2.67775041050903,0.547369287403447,"J1093_J2377","postknowledge","J1093_J2377_postknowledge",0,0,"J1093_postknowledge","J2377_postknowledge",7,1,-0.188097942363753,-0.3917952682644
"J1093 J2395",3,"J1093 J2395",3,"J1093","J2395","naive","naive","naive naive",3,NA,NA,0,"naive",-0.264469247162184,-0.322249589490969,-0.0658722812527527,"J1093_J2395","postknowledge","J1093_J2395_postknowledge",0,0,"J1093_postknowledge","J2395_postknowledge",7,0,-0.188097942363753,-0.451405062337721
"J1093 J2621",18,"J1093 J2621",18,"J1093","J2621","naive","naive","naive naive",11.5,NA,NA,0,"naive",0.728420044177137,8.17775041050903,1.67164549660648,"J1093_J2621","postknowledge","J1093_J2621_postknowledge",0,0,"J1093_postknowledge","J2621_postknowledge",7,1,-0.188097942363753,-0.3917952682644
"J1093 J2661",10,"J1093 J2661",10,"J1093","J2661","naive","naive","naive naive",10,NA,NA,0,"naive",0.553204286881962,6.67775041050903,1.36502471227838,"J1093_J2661","postknowledge","J1093_J2661_postknowledge",0,0,"J1093_postknowledge","J2661_postknowledge",7,3,-0.188097942363753,-0.272575680117757
"J1093 J2701",6,"J1093 J2701",6,"J1093","J2701","naive","naive","naive naive",6,NA,NA,0,"naive",0.0859622674281642,2.67775041050903,0.547369287403447,"J1093_J2701","postknowledge","J1093_J2701_postknowledge",0,0,"J1093_postknowledge","J2701_postknowledge",7,0,-0.188097942363753,-0.451405062337721
"J1093 J2969",1,"J1093 J2969",1,"J1093","J2969","naive","naive","naive naive",1,NA,NA,0,"naive",-0.498090256889084,-2.32224958949097,-0.474699993690219,"J1093_J2969","postknowledge","J1093_J2969_postknowledge",0,0,"J1093_postknowledge","J2969_postknowledge",7,8,-0.188097942363753,0.0254732902488495
"J2986 J1093",2,"J2986 J1093",2,"J1093","J2986","naive","naive","naive naive",2,NA,NA,0,"naive",-0.381279752025634,-1.32224958949097,-0.270286137471486,"J1093_J2986","postknowledge","J1093_J2986_postknowledge",0,0,"J1093_postknowledge","J2986_postknowledge",7,0,-0.188097942363753,-0.451405062337721
"J1093 J3148",13,"J1093 J3148",13,"J1093","J3148","naive","naive","naive naive",8.5,NA,NA,0,"naive",0.377988529586788,5.17775041050903,1.05840392795028,"J1093_J3148","postknowledge","J1093_J3148_postknowledge",0,0,"J1093_postknowledge","J3148_postknowledge",7,0,-0.188097942363753,-0.451405062337721
"J1093 J3305",2,"J1093 J3305",2,"J1093","J3305","naive","naive","naive naive",5,NA,NA,0,"naive",-0.0308482374352854,1.67775041050903,0.342955431184714,"J1093_J3305","postknowledge","J1093_J3305_postknowledge",0,0,"J1093_postknowledge","J3305_postknowledge",7,0,-0.188097942363753,-0.451405062337721
"J1093 J3508",3,"J1093 J3508",3,"J1093","J3508","naive","naive","naive naive",2,NA,NA,0,"naive",-0.381279752025634,-1.32224958949097,-0.270286137471486,"J1093_J3508","postknowledge","J1093_J3508_postknowledge",2,1,"J1093_postknowledge","J3508_postknowledge",7,17,-0.188097942363753,0.561961436908741
"J1093 J3631",2,"J1093 J3631",2,"J1093","J3631","naive","naive","naive naive",2,NA,NA,0,"naive",-0.381279752025634,-1.32224958949097,-0.270286137471486,"J1093_J3631","postknowledge","J1093_J3631_postknowledge",0,0,"J1093_postknowledge","J3631_postknowledge",7,0,-0.188097942363753,-0.451405062337721
"J1093 J3714",2,"J1093 J3714",2,"J1093","J3714","naive","naive","naive naive",2,0.0344827586206897,NA,1,"naive",-0.381279752025634,-1.32224958949097,-0.270286137471486,"J1093_J3714","postknowledge","J1093_J3714_postknowledge",1,1,"J1093_postknowledge","J3714_postknowledge",7,19,-0.188097942363753,0.681181025055384
"J1093 J3715",1,"J1093 J3715",1,"J1093","J3715","naive","naive","naive naive",1,NA,NA,0,"naive",-0.498090256889084,-2.32224958949097,-0.474699993690219,"J1093_J3715","postknowledge","J1093_J3715_postknowledge",0,0,"J1093_postknowledge","J3715_postknowledge",7,40,-0.188097942363753,1.93298670059513
"J1093 J3716",3,"J1093 J3716",3,"J1093","J3716","naive","naive","naive naive",3,NA,NA,0,"naive",-0.264469247162184,-0.322249589490969,-0.0658722812527527,"J1093_J3716","postknowledge","J1093_J3716_postknowledge",0,0,"J1093_postknowledge","J3716_postknowledge",7,6,-0.188097942363753,-0.0937462978977931
"J1093 J3745",3,"J1093 J3745",3,"J1093","J3745","naive","naive","naive naive",3,NA,NA,0,"naive",-0.264469247162184,-0.322249589490969,-0.0658722812527527,"J1093_J3745","postknowledge","J1093_J3745_postknowledge",0,0,"J1093_postknowledge","J3745_postknowledge",7,0,-0.188097942363753,-0.451405062337721
"J3769 J1093",16,"J3769 J1093",16,"J1093","J3769","knowledge","naive","knowledge naive",16,NA,NA,0,"knowledge",1.25406731606266,7.75,0.648070658633917,"J1093_J3769","postknowledge","J1093_J3769_postknowledge",0,0,"J1093_postknowledge","J3769_postknowledge",7,0,-0.188097942363753,-0.451405062337721
"J1093 J3884",9,"J1093 J3884",9,"J1093","J3884","naive","naive","naive naive",6.5,NA,NA,0,"naive",0.144367519859889,3.17775041050903,0.649576215512814,"J1093_J3884","postknowledge","J1093_J3884_postknowledge",0,0,"J1093_postknowledge","J3884_postknowledge",7,3,-0.188097942363753,-0.272575680117757
"J1093 J4001",2,"J1093 J4001",2,"J1093","J4001","naive","naive","naive naive",2,0.125,NA,1,"naive",-0.381279752025634,-1.32224958949097,-0.270286137471486,"J1093_J4001","postknowledge","J1093_J4001_postknowledge",1,1,"J1093_postknowledge","J4001_postknowledge",7,1,-0.188097942363753,-0.3917952682644
"J1093 J4011",23,"J1093 J4011",23,"J1093","J4011","naive","naive","naive naive",23,NA,NA,0,"naive",2.07174085010681,19.677750410509,4.02240484312191,"J1093_J4011","postknowledge","J1093_J4011_postknowledge",0,0,"J1093_postknowledge","J4011_postknowledge",7,0,-0.188097942363753,-0.451405062337721
"J1093 J4112",4,"J1093 J4112",4,"J1093","J4112","naive","naive","naive naive",4,NA,NA,0,"naive",-0.147658742298735,0.677750410509031,0.138541574965981,"J1093_J4112","postknowledge","J1093_J4112_postknowledge",0,0,"J1093_postknowledge","J4112_postknowledge",7,0,-0.188097942363753,-0.451405062337721
"J1093 J4126",2,"J1093 J4126",2,"J1093","J4126","naive","naive","naive naive",2,NA,NA,0,"naive",-0.381279752025634,-1.32224958949097,-0.270286137471486,"J1093_J4126","postknowledge","J1093_J4126_postknowledge",0,0,"J1093_postknowledge","J4126_postknowledge",7,91,-0.188097942363753,4.97308619833452
"J4151 J1093",1,"J4151 J1093",1,"J1093","J4151","naive","naive","naive naive",1,NA,NA,0,"naive",-0.498090256889084,-2.32224958949097,-0.474699993690219,"J1093_J4151","postknowledge","J1093_J4151_postknowledge",0,0,"J1093_postknowledge","J4151_postknowledge",7,26,-0.188097942363753,1.09844958356863
"J1093 J4161",2,"J1093 J4161",2,"J1093","J4161","naive","naive","naive naive",2,NA,NA,0,"naive",-0.381279752025634,-1.32224958949097,-0.270286137471486,"J1093_J4161","postknowledge","J1093_J4161_postknowledge",0,0,"J1093_postknowledge","J4161_postknowledge",7,26,-0.188097942363753,1.09844958356863
"J4162 J1093",2,"J4162 J1093",2,"J1093","J4162","knowledge","naive","knowledge naive",2,NA,NA,0,"knowledge",-0.381279752025634,-6.25,-0.522637627930578,"J1093_J4162","postknowledge","J1093_J4162_postknowledge",0,0,"J1093_postknowledge","J4162_postknowledge",7,3,-0.188097942363753,-0.272575680117757
"J42 J1093",3,"J42 J1093",3,"J1093","J42","naive","naive","naive naive",3,NA,NA,0,"naive",-0.264469247162184,-0.322249589490969,-0.0658722812527527,"J1093_J42","postknowledge","J1093_J42_postknowledge",0,0,"J1093_postknowledge","J42_postknowledge",7,0,-0.188097942363753,-0.451405062337721
"J4315 J1093",31,"J4315 J1093",31,"J1093","J4315","knowledge","naive","knowledge naive",31,NA,NA,0,"knowledge",3.0062248890144,22.75,1.9024009656673,"J1093_J4315","postknowledge","J1093_J4315_postknowledge",0,0,"J1093_postknowledge","J4315_postknowledge",7,9,-0.188097942363753,0.0850830843221708
"J4514 J1093",6,"J4514 J1093",6,"J1093","J4514","knowledge","naive","knowledge naive",6,0.0434782608695652,NA,1,"knowledge",0.0859622674281642,-2.25,-0.188149546055008,"J1093_J4514","postknowledge","J1093_J4514_postknowledge",2,1,"J1093_postknowledge","J4514_postknowledge",7,18,-0.188097942363753,0.621571230982063
"J1093 J4651",2,"J1093 J4651",2,"J1093","J4651","naive","naive","naive naive",2,NA,NA,0,"naive",-0.381279752025634,-1.32224958949097,-0.270286137471486,"J1093_J4651","postknowledge","J1093_J4651_postknowledge",0,0,"J1093_postknowledge","J4651_postknowledge",7,34,-0.188097942363753,1.5753279361552
"J1093 J4654",1,"J1093 J4654",1,"J1093","J4654","naive","naive","naive naive",1,NA,NA,0,"naive",-0.498090256889084,-2.32224958949097,-0.474699993690219,"J1093_J4654","postknowledge","J1093_J4654_postknowledge",0,0,"J1093_postknowledge","J4654_postknowledge",7,4,-0.188097942363753,-0.212965886044436
"J1093 J4684",2,"J1093 J4684",2,"J1093","J4684","naive","naive","naive naive",2,NA,NA,0,"naive",-0.381279752025634,-1.32224958949097,-0.270286137471486,"J1093_J4684","postknowledge","J1093_J4684_postknowledge",0,0,"J1093_postknowledge","J4684_postknowledge",7,0,-0.188097942363753,-0.451405062337721
"J1093 J4747",14,"J1093 J4747",14,"J1093","J4747","naive","naive","naive naive",14,0.010989010989011,NA,1,"naive",1.02044630633576,10.677750410509,2.18268013715331,"J1093_J4747","postknowledge","J1093_J4747_postknowledge",2,1,"J1093_postknowledge","J4747_postknowledge",7,77,-0.188097942363753,4.13854908130802
"J4836 J1093",2,"J4836 J1093",2,"J1093","J4836","naive","naive","naive naive",2,NA,NA,0,"naive",-0.381279752025634,-1.32224958949097,-0.270286137471486,"J1093_J4836","postknowledge","J1093_J4836_postknowledge",0,0,"J1093_postknowledge","J4836_postknowledge",7,0,-0.188097942363753,-0.451405062337721
"J4954 J1093",2,"J4954 J1093",2,"J1093","J4954","naive","naive","naive naive",2,NA,NA,0,"naive",-0.381279752025634,-1.32224958949097,-0.270286137471486,"J1093_J4954","postknowledge","J1093_J4954_postknowledge",0,0,"J1093_postknowledge","J4954_postknowledge",7,76,-0.188097942363753,4.0789392872347
"J4961 J1093",1,"J4961 J1093",1,"J1093","J4961","naive","naive","naive naive",1,NA,NA,0,"naive",-0.498090256889084,-2.32224958949097,-0.474699993690219,"J1093_J4961","postknowledge","J1093_J4961_postknowledge",0,0,"J1093_postknowledge","J4961_postknowledge",7,0,-0.188097942363753,-0.451405062337721
"J4967 J1093",32,"J4967 J1093",32,"J1093","J4967","knowledge","naive","knowledge naive",32,NA,NA,0,"knowledge",3.12303539387785,23.75,1.9860229861362,"J1093_J4967","postknowledge","J1093_J4967_postknowledge",0,0,"J1093_postknowledge","J4967_postknowledge",7,3,-0.188097942363753,-0.272575680117757
"J1093 J4982",5,"J1093 J4982",5,"J1093","J4982","naive","naive","naive naive",5,NA,NA,0,"naive",-0.0308482374352854,1.67775041050903,0.342955431184714,"J1093_J4982","postknowledge","J1093_J4982_postknowledge",0,0,"J1093_postknowledge","J4982_postknowledge",7,1,-0.188097942363753,-0.3917952682644
"J1093 J5043",2,"J1093 J5043",2,"J1093","J5043","naive","naive","naive naive",2,NA,NA,0,"naive",-0.381279752025634,-1.32224958949097,-0.270286137471486,"J1093_J5043","postknowledge","J1093_J5043_postknowledge",0,0,"J1093_postknowledge","J5043_postknowledge",7,2,-0.188097942363753,-0.332185474191078
"J5146 J1093",25,"J5146 J1093",25,"J1093","J5146","knowledge","naive","knowledge naive",25,NA,NA,0,"knowledge",2.30536185983371,16.75,1.40066884285395,"J1093_J5146","postknowledge","J1093_J5146_postknowledge",0,0,"J1093_postknowledge","J5146_postknowledge",7,4,-0.188097942363753,-0.212965886044436
"J1093 J5167",10,"J1093 J5167",10,"J1093","J5167","naive","naive","naive naive",10,NA,NA,0,"naive",0.553204286881962,6.67775041050903,1.36502471227838,"J1093_J5167","postknowledge","J1093_J5167_postknowledge",0,0,"J1093_postknowledge","J5167_postknowledge",7,0,-0.188097942363753,-0.451405062337721
"J1093 J5215",2,"J1093 J5215",2,"J1093","J5215","naive","naive","naive naive",2,NA,NA,0,"naive",-0.381279752025634,-1.32224958949097,-0.270286137471486,"J1093_J5215","postknowledge","J1093_J5215_postknowledge",0,0,"J1093_postknowledge","J5215_postknowledge",7,10,-0.188097942363753,0.144692878395492
"J1093 J5309",9,"J1093 J5309",9,"J1093","J5309","naive","naive","naive naive",9,NA,NA,0,"naive",0.436393782018513,5.67775041050903,1.16061085605965,"J1093_J5309","postknowledge","J1093_J5309_postknowledge",0,0,"J1093_postknowledge","J5309_postknowledge",7,18,-0.188097942363753,0.621571230982063
"J1093 J5316",3,"J1093 J5316",3,"J1093","J5316","naive","naive","naive naive",2.5,NA,NA,0,"naive",-0.322874499593909,-0.822249589490969,-0.168079209362119,"J1093_J5316","postknowledge","J1093_J5316_postknowledge",0,0,"J1093_postknowledge","J5316_postknowledge",7,37,-0.188097942363753,1.75415731837517
"J1093 J5475",7,"J1093 J5475",7,"J1093","J5475","naive","naive","naive naive",7,NA,NA,0,"naive",0.202772772291614,3.67775041050903,0.75178314362218,"J1093_J5475","postknowledge","J1093_J5475_postknowledge",0,0,"J1093_postknowledge","J5475_postknowledge",7,0,-0.188097942363753,-0.451405062337721
"J1093 J5477",33,"J1093 J5477",33,"J1093","J5477","naive","naive","naive naive",33,NA,NA,0,"naive",3.2398458987413,29.677750410509,6.06654340530925,"J1093_J5477","postknowledge","J1093_J5477_postknowledge",1,1,"J1093_postknowledge","J5477_postknowledge",7,36,-0.188097942363753,1.69454752430185
"J1093 J5489",3,"J1093 J5489",3,"J1093","J5489","naive","naive","naive naive",3,NA,NA,0,"naive",-0.264469247162184,-0.322249589490969,-0.0658722812527527,"J1093_J5489","postknowledge","J1093_J5489_postknowledge",0,0,"J1093_postknowledge","J5489_postknowledge",7,1,-0.188097942363753,-0.3917952682644
"J1093 J5498",2,"J1093 J5498",2,"J1093","J5498","naive","naive","naive naive",2,NA,NA,0,"naive",-0.381279752025634,-1.32224958949097,-0.270286137471486,"J1093_J5498","postknowledge","J1093_J5498_postknowledge",0,0,"J1093_postknowledge","J5498_postknowledge",7,5,-0.188097942363753,-0.153356091971114
"J1093 J5582",2,"J1093 J5582",2,"J1093","J5582","naive","naive","naive naive",2,NA,NA,0,"naive",-0.381279752025634,-1.32224958949097,-0.270286137471486,"J1093_J5582","postknowledge","J1093_J5582_postknowledge",0,0,"J1093_postknowledge","J5582_postknowledge",7,0,-0.188097942363753,-0.451405062337721
"J1093 J5607",2,"J1093 J5607",2,"J1093","J5607","naive","naive","naive naive",2,0.0263157894736842,NA,1,"naive",-0.381279752025634,-1.32224958949097,-0.270286137471486,"J1093_J5607","postknowledge","J1093_J5607_postknowledge",0,0,"J1093_postknowledge","J5607_postknowledge",7,26,-0.188097942363753,1.09844958356863
"J1093 J5645",4,"J1093 J5645",4,"J1093","J5645","naive","naive","naive naive",2.5,NA,NA,0,"naive",-0.322874499593909,-0.822249589490969,-0.168079209362119,"J1093_J5645","postknowledge","J1093_J5645_postknowledge",0,0,"J1093_postknowledge","J5645_postknowledge",7,0,-0.188097942363753,-0.451405062337721
"J1093 J5651",9,"J1093 J5651",9,"J1093","J5651","naive","naive","naive naive",9,NA,NA,0,"naive",0.436393782018513,5.67775041050903,1.16061085605965,"J1093_J5651","postknowledge","J1093_J5651_postknowledge",0,0,"J1093_postknowledge","J5651_postknowledge",7,0,-0.188097942363753,-0.451405062337721
"J1093 J5740",9,"J1093 J5740",9,"J1093","J5740","naive","naive","naive naive",9,NA,NA,0,"naive",0.436393782018513,5.67775041050903,1.16061085605965,"J1093_J5740","postknowledge","J1093_J5740_postknowledge",0,0,"J1093_postknowledge","J5740_postknowledge",7,0,-0.188097942363753,-0.451405062337721
"J1093 J5778",1,"J1093 J5778",1,"J1093","J5778","naive","naive","naive naive",1,NA,NA,0,"naive",-0.498090256889084,-2.32224958949097,-0.474699993690219,"J1093_J5778","postknowledge","J1093_J5778_postknowledge",0,0,"J1093_postknowledge","J5778_postknowledge",7,0,-0.188097942363753,-0.451405062337721
"J1093 J5809",6,"J1093 J5809",6,"J1093","J5809","naive","naive","naive naive",6,NA,NA,0,"naive",0.0859622674281642,2.67775041050903,0.547369287403447,"J1093_J5809","postknowledge","J1093_J5809_postknowledge",0,0,"J1093_postknowledge","J5809_postknowledge",7,0,-0.188097942363753,-0.451405062337721
"J5810 J1093",9,"J5810 J1093",9,"J1093","J5810","knowledge","naive","knowledge naive",9,NA,NA,0,"knowledge",0.436393782018513,0.75,0.0627165153516694,"J1093_J5810","postknowledge","J1093_J5810_postknowledge",0,0,"J1093_postknowledge","J5810_postknowledge",7,0,-0.188097942363753,-0.451405062337721
"J1093 J5827",2,"J1093 J5827",2,"J1093","J5827","naive","naive","naive naive",2,NA,NA,0,"naive",-0.381279752025634,-1.32224958949097,-0.270286137471486,"J1093_J5827","postknowledge","J1093_J5827_postknowledge",0,0,"J1093_postknowledge","J5827_postknowledge",7,0,-0.188097942363753,-0.451405062337721
"J1093 J5874",26,"J1093 J5874",26,"J1093","J5874","naive","naive","naive naive",15,NA,NA,0,"naive",1.13725681119921,11.677750410509,2.38709399337205,"J1093_J5874","postknowledge","J1093_J5874_postknowledge",0,0,"J1093_postknowledge","J5874_postknowledge",7,0,-0.188097942363753,-0.451405062337721
"J1093 J5922",5,"J1093 J5922",5,"J1093","J5922","naive","naive","naive naive",14.5,NA,NA,0,"naive",1.07885155876749,11.177750410509,2.28488706526268,"J1093_J5922","postknowledge","J1093_J5922_postknowledge",0,0,"J1093_postknowledge","J5922_postknowledge",7,0,-0.188097942363753,-0.451405062337721
"J5926 J1093",9,"J5926 J1093",9,"J1093","J5926","naive","naive","naive naive",9,0.125,NA,1,"naive",0.436393782018513,5.67775041050903,1.16061085605965,"J1093_J5926","postknowledge","J1093_J5926_postknowledge",0,0,"J1093_postknowledge","J5926_postknowledge",7,0,-0.188097942363753,-0.451405062337721
"J1093 J5939",17,"J1093 J5939",17,"J1093","J5939","naive","naive","naive naive",11,NA,NA,0,"naive",0.670014791745412,7.67775041050903,1.56943856849711,"J1093_J5939","postknowledge","J1093_J5939_postknowledge",0,0,"J1093_postknowledge","J5939_postknowledge",7,0,-0.188097942363753,-0.451405062337721
"J1093 J5963",30,"J1093 J5963",30,"J1093","J5963","naive","naive","naive naive",15.5,NA,NA,0,"naive",1.19566206363093,12.177750410509,2.48930092148141,"J1093_J5963","postknowledge","J1093_J5963_postknowledge",0,0,"J1093_postknowledge","J5963_postknowledge",7,0,-0.188097942363753,-0.451405062337721
"J1093 J5964",4,"J1093 J5964",4,"J1093","J5964","naive","naive","naive naive",2.5,NA,NA,0,"naive",-0.322874499593909,-0.822249589490969,-0.168079209362119,"J1093_J5964","postknowledge","J1093_J5964_postknowledge",0,0,"J1093_postknowledge","J5964_postknowledge",7,0,-0.188097942363753,-0.451405062337721
"J1093 J5970",2,"J1093 J5970",2,"J1093","J5970","naive","naive","naive naive",2,NA,NA,0,"naive",-0.381279752025634,-1.32224958949097,-0.270286137471486,"J1093_J5970","postknowledge","J1093_J5970_postknowledge",NA,NA,"J1093_postknowledge","J5970_postknowledge",7,NA,-0.188097942363753,NA
"J1093 J5999",4,"J1093 J5999",4,"J1093","J5999","naive","naive","naive naive",2.5,NA,NA,0,"naive",-0.322874499593909,-0.822249589490969,-0.168079209362119,"J1093_J5999","postknowledge","J1093_J5999_postknowledge",0,0,"J1093_postknowledge","J5999_postknowledge",7,0,-0.188097942363753,-0.451405062337721
"J1093 J6000",2,"J1093 J6000",2,"J1093","J6000","naive","naive","naive naive",2,0.0333333333333333,NA,1,"naive",-0.381279752025634,-1.32224958949097,-0.270286137471486,"J1093_J6000","postknowledge","J1093_J6000_postknowledge",0,0,"J1093_postknowledge","J6000_postknowledge",7,0,-0.188097942363753,-0.451405062337721
"J1093 J6017",22,"J1093 J6017",22,"J1093","J6017","naive","naive","naive naive",11.5,NA,NA,0,"naive",0.728420044177137,8.17775041050903,1.67164549660648,"J1093_J6017","postknowledge","J1093_J6017_postknowledge",0,0,"J1093_postknowledge","J6017_postknowledge",7,0,-0.188097942363753,-0.451405062337721
"J664 J1093",11,"J664 J1093",11,"J1093","J664","knowledge","naive","knowledge naive",11,NA,NA,0,"knowledge",0.670014791745412,2.75,0.229960556289454,"J1093_J664","postknowledge","J1093_J664_postknowledge",0,0,"J1093_postknowledge","J664_postknowledge",7,0,-0.188097942363753,-0.451405062337721
"J831 J1093",2,"J831 J1093",2,"J1093","J831","knowledge","naive","knowledge naive",2,NA,NA,0,"knowledge",-0.381279752025634,-6.25,-0.522637627930578,"J1093_J831","postknowledge","J1093_J831_postknowledge",0,0,"J1093_postknowledge","J831_postknowledge",7,0,-0.188097942363753,-0.451405062337721
"J1096 J1973",10,"J1096 J1973",10,"J1096","J1973","naive","naive","naive naive",8,NA,NA,0,"naive",0.319583277155063,4.67775041050903,0.956196999840914,"J1096_J1973","postknowledge","J1096_J1973_postknowledge",0,0,"J1096_postknowledge","J1973_postknowledge",0,0,-0.499376761210493,-0.451405062337721
"J2375 J1096",2,"J2375 J1096",2,"J1096","J2375","naive","naive","naive naive",2,0.0212765957446809,NA,1,"naive",-0.381279752025634,-1.32224958949097,-0.270286137471486,"J1096_J2375","postknowledge","J1096_J2375_postknowledge",0,0,"J1096_postknowledge","J2375_postknowledge",0,0,-0.499376761210493,-0.451405062337721
"J2415 J1096",1,"J2415 J1096",1,"J1096","J2415","naive","naive","naive naive",1,NA,NA,0,"naive",-0.498090256889084,-2.32224958949097,-0.474699993690219,"J1096_J2415","postknowledge","J1096_J2415_postknowledge",0,0,"J1096_postknowledge","J2415_postknowledge",0,0,-0.499376761210493,-0.451405062337721
"J1096 J2621",3,"J1096 J2621",3,"J1096","J2621","naive","naive","naive naive",3,NA,NA,0,"naive",-0.264469247162184,-0.322249589490969,-0.0658722812527527,"J1096_J2621","postknowledge","J1096_J2621_postknowledge",0,0,"J1096_postknowledge","J2621_postknowledge",0,1,-0.499376761210493,-0.3917952682644
"J3305 J1096",3,"J3305 J1096",3,"J1096","J3305","naive","naive","naive naive",3,NA,NA,0,"naive",-0.264469247162184,-0.322249589490969,-0.0658722812527527,"J1096_J3305","postknowledge","J1096_J3305_postknowledge",0,0,"J1096_postknowledge","J3305_postknowledge",0,0,-0.499376761210493,-0.451405062337721
"J1096 J4112",1,"J1096 J4112",1,"J1096","J4112","naive","naive","naive naive",1,0.0454545454545455,NA,1,"naive",-0.498090256889084,-2.32224958949097,-0.474699993690219,"J1096_J4112","postknowledge","J1096_J4112_postknowledge",0,0,"J1096_postknowledge","J4112_postknowledge",0,0,-0.499376761210493,-0.451405062337721
"J4162 J1096",4,"J4162 J1096",4,"J1096","J4162","knowledge","naive","knowledge naive",4,NA,NA,0,"knowledge",-0.147658742298735,-4.25,-0.355393586992793,"J1096_J4162","postknowledge","J1096_J4162_postknowledge",0,0,"J1096_postknowledge","J4162_postknowledge",0,3,-0.499376761210493,-0.272575680117757
"J4967 J1096",8,"J4967 J1096",8,"J1096","J4967","knowledge","naive","knowledge naive",8,NA,NA,0,"knowledge",0.319583277155063,-0.25,-0.0209055051172231,"J1096_J4967","postknowledge","J1096_J4967_postknowledge",0,0,"J1096_postknowledge","J4967_postknowledge",0,3,-0.499376761210493,-0.272575680117757
"J5568 J1096",1,"J5568 J1096",1,"J1096","J5568","knowledge","naive","knowledge naive",1,NA,NA,0,"knowledge",-0.498090256889084,-7.25,-0.606259648399471,"J1096_J5568","postknowledge","J1096_J5568_postknowledge",0,0,"J1096_postknowledge","J5568_postknowledge",0,30,-0.499376761210493,1.33688875986192
"J1096 J5740",3,"J1096 J5740",3,"J1096","J5740","naive","naive","naive naive",3,NA,NA,0,"naive",-0.264469247162184,-0.322249589490969,-0.0658722812527527,"J1096_J5740","postknowledge","J1096_J5740_postknowledge",0,0,"J1096_postknowledge","J5740_postknowledge",0,0,-0.499376761210493,-0.451405062337721
"J5939 J1096",4,"J5939 J1096",4,"J1096","J5939","naive","naive","naive naive",4,NA,NA,0,"naive",-0.147658742298735,0.677750410509031,0.138541574965981,"J1096_J5939","postknowledge","J1096_J5939_postknowledge",0,0,"J1096_postknowledge","J5939_postknowledge",0,0,-0.499376761210493,-0.451405062337721
"J1916 J1154",1,"J1916 J1154",1,"J1154","J1916","naive","naive","naive naive",1,NA,NA,0,"naive",-0.498090256889084,-2.32224958949097,-0.474699993690219,"J1154_J1916","postknowledge","J1154_J1916_postknowledge",0,0,"J1154_postknowledge","J1916_postknowledge",4,0,-0.321503150440928,-0.451405062337721
"J1973 J1154",2,"J1973 J1154",2,"J1154","J1973","naive","naive","naive naive",2,NA,NA,0,"naive",-0.381279752025634,-1.32224958949097,-0.270286137471486,"J1154_J1973","postknowledge","J1154_J1973_postknowledge",0,0,"J1154_postknowledge","J1973_postknowledge",4,0,-0.321503150440928,-0.451405062337721
"J3769 J1154",2,"J3769 J1154",2,"J1154","J3769","knowledge","naive","knowledge naive",2,NA,NA,0,"knowledge",-0.381279752025634,-6.25,-0.522637627930578,"J1154_J3769","postknowledge","J1154_J3769_postknowledge",0,0,"J1154_postknowledge","J3769_postknowledge",4,0,-0.321503150440928,-0.451405062337721
"J1154 J4112",1,"J1154 J4112",1,"J1154","J4112","naive","naive","naive naive",1,NA,NA,0,"naive",-0.498090256889084,-2.32224958949097,-0.474699993690219,"J1154_J4112","postknowledge","J1154_J4112_postknowledge",0,0,"J1154_postknowledge","J4112_postknowledge",4,0,-0.321503150440928,-0.451405062337721
"J4162 J1154",2,"J4162 J1154",2,"J1154","J4162","knowledge","naive","knowledge naive",2,NA,NA,0,"knowledge",-0.381279752025634,-6.25,-0.522637627930578,"J1154_J4162","postknowledge","J1154_J4162_postknowledge",0,0,"J1154_postknowledge","J4162_postknowledge",4,3,-0.321503150440928,-0.272575680117757
"J4315 J1222",1,"J4315 J1222",1,"J1222","J4315","knowledge","naive","knowledge naive",1,NA,NA,0,"knowledge",-0.498090256889084,-7.25,-0.606259648399471,"J1222_J4315","postknowledge","J1222_J4315_postknowledge",0,0,"J1222_postknowledge","J4315_postknowledge",0,9,-0.499376761210493,0.0850830843221708
"J1222 J4840",4,"J1222 J4840",4,"J1222","J4840","naive","naive","naive naive",4,NA,NA,0,"naive",-0.147658742298735,0.677750410509031,0.138541574965981,"J1222_J4840","postknowledge","J1222_J4840_postknowledge",0,0,"J1222_postknowledge","J4840_postknowledge",0,4,-0.499376761210493,-0.212965886044436
"J5658 J1222",2,"J5658 J1222",2,"J1222","J5658","naive","naive","naive naive",2,NA,NA,0,"naive",-0.381279752025634,-1.32224958949097,-0.270286137471486,"J1222_J5658","postknowledge","J1222_J5658_postknowledge",0,0,"J1222_postknowledge","J5658_postknowledge",0,0,-0.499376761210493,-0.451405062337721
"J1222 J5833",1,"J1222 J5833",1,"J1222","J5833","naive","naive","naive naive",1,NA,NA,0,"naive",-0.498090256889084,-2.32224958949097,-0.474699993690219,"J1222_J5833","postknowledge","J1222_J5833_postknowledge",0,0,"J1222_postknowledge","J5833_postknowledge",0,0,-0.499376761210493,-0.451405062337721
"J1317 J1368",1,"J1317 J1368",1,"J1317","J1368","naive","naive","naive naive",1.5,0.0280373831775701,NA,1,"naive",-0.439685004457359,-1.82224958949097,-0.372493065580853,"J1317_J1368","postknowledge","J1317_J1368_postknowledge",0,0,"J1317_postknowledge","J1368_postknowledge",0,0,-0.499376761210493,-0.451405062337721
"J1480 J1317",9,"J1480 J1317",9,"J1317","J1480","knowledge","naive","knowledge naive",9,NA,NA,0,"knowledge",0.436393782018513,0.75,0.0627165153516694,"J1317_J1480","postknowledge","J1317_J1480_postknowledge",0,0,"J1317_postknowledge","J1480_postknowledge",0,0,-0.499376761210493,-0.451405062337721
"J1317 J1623",5,"J1317 J1623",5,"J1317","J1623","naive","naive","naive naive",3.5,NA,NA,0,"naive",-0.20606399473046,0.177750410509031,0.0363346468566139,"J1317_J1623","postknowledge","J1317_J1623_postknowledge",0,0,"J1317_postknowledge","J1623_postknowledge",0,10,-0.499376761210493,0.144692878395492
"J1317 J2039",3,"J1317 J2039",3,"J1317","J2039","naive","naive","naive naive",3,NA,NA,0,"naive",-0.264469247162184,-0.322249589490969,-0.0658722812527527,"J1317_J2039","postknowledge","J1317_J2039_postknowledge",0,0,"J1317_postknowledge","J2039_postknowledge",0,6,-0.499376761210493,-0.0937462978977931
"J2128 J1317",25,"J2128 J1317",25,"J1317","J2128","knowledge","naive","knowledge naive",25,NA,NA,0,"knowledge",2.30536185983371,16.75,1.40066884285395,"J1317_J2128","postknowledge","J1317_J2128_postknowledge",0,0,"J1317_postknowledge","J2128_postknowledge",0,0,-0.499376761210493,-0.451405062337721
"J1317 J2168",12,"J1317 J2168",12,"J1317","J2168","naive","naive","naive naive",12,NA,NA,0,"naive",0.786825296608862,8.67775041050903,1.77385242471585,"J1317_J2168","postknowledge","J1317_J2168_postknowledge",0,0,"J1317_postknowledge","J2168_postknowledge",0,49,-0.499376761210493,2.46947484725502
"J2196 J1317",4,"J2196 J1317",4,"J1317","J2196","naive","naive","naive naive",4,0.00934579439252336,NA,1,"naive",-0.147658742298735,0.677750410509031,0.138541574965981,"J1317_J2196","postknowledge","J1317_J2196_postknowledge",0,0,"J1317_postknowledge","J2196_postknowledge",0,58,-0.499376761210493,3.00596299391492
"J1317 J2392",7,"J1317 J2392",7,"J1317","J2392","naive","naive","naive naive",7,0.0144927536231884,NA,1,"naive",0.202772772291614,3.67775041050903,0.75178314362218,"J1317_J2392","postknowledge","J1317_J2392_postknowledge",0,0,"J1317_postknowledge","J2392_postknowledge",0,76,-0.499376761210493,4.0789392872347
"J1317 J2941",9,"J1317 J2941",9,"J1317","J2941","naive","naive","naive naive",10.5,0.0131578947368421,NA,1,"naive",0.611609539313687,7.17775041050903,1.46723164038775,"J1317_J2941","postknowledge","J1317_J2941_postknowledge",0,0,"J1317_postknowledge","J2941_postknowledge",0,0,-0.499376761210493,-0.451405062337721
"J295 J1317",1,"J295 J1317",1,"J1317","J295","naive","naive","naive naive",1,NA,NA,0,"naive",-0.498090256889084,-2.32224958949097,-0.474699993690219,"J1317_J295","postknowledge","J1317_J295_postknowledge",0,0,"J1317_postknowledge","J295_postknowledge",0,2,-0.499376761210493,-0.332185474191078
"J1317 J2952",6,"J1317 J2952",6,"J1317","J2952","naive","naive","naive naive",4,NA,NA,0,"naive",-0.147658742298735,0.677750410509031,0.138541574965981,"J1317_J2952","postknowledge","J1317_J2952_postknowledge",0,0,"J1317_postknowledge","J2952_postknowledge",0,0,-0.499376761210493,-0.451405062337721
"J2961 J1317",3,"J2961 J1317",3,"J1317","J2961","naive","naive","naive naive",3,NA,NA,0,"naive",-0.264469247162184,-0.322249589490969,-0.0658722812527527,"J1317_J2961","postknowledge","J1317_J2961_postknowledge",0,0,"J1317_postknowledge","J2961_postknowledge",0,0,-0.499376761210493,-0.451405062337721
"J1317 J3462",2,"J1317 J3462",2,"J1317","J3462","naive","naive","naive naive",2,NA,NA,0,"naive",-0.381279752025634,-1.32224958949097,-0.270286137471486,"J1317_J3462","postknowledge","J1317_J3462_postknowledge",0,0,"J1317_postknowledge","J3462_postknowledge",0,0,-0.499376761210493,-0.451405062337721
"J1317 J3702",1,"J1317 J3702",1,"J1317","J3702","naive","naive","naive naive",1,NA,NA,0,"naive",-0.498090256889084,-2.32224958949097,-0.474699993690219,"J1317_J3702","postknowledge","J1317_J3702_postknowledge",0,0,"J1317_postknowledge","J3702_postknowledge",0,0,-0.499376761210493,-0.451405062337721
"J3753 J1317",6,"J3753 J1317",6,"J1317","J3753","naive","naive","naive naive",6,0.0175438596491228,NA,1,"naive",0.0859622674281642,2.67775041050903,0.547369287403447,"J1317_J3753","postknowledge","J1317_J3753_postknowledge",0,0,"J1317_postknowledge","J3753_postknowledge",0,17,-0.499376761210493,0.561961436908741
"J3987 J1317",5,"J3987 J1317",5,"J1317","J3987","knowledge","naive","knowledge naive",5,NA,NA,0,"knowledge",-0.0308482374352854,-3.25,-0.271771566523901,"J1317_J3987","postknowledge","J1317_J3987_postknowledge",0,0,"J1317_postknowledge","J3987_postknowledge",0,11,-0.499376761210493,0.204302672468813
"J1317 J4044",6,"J1317 J4044",6,"J1317","J4044","naive","naive","naive naive",3.5,NA,NA,0,"naive",-0.20606399473046,0.177750410509031,0.0363346468566139,"J1317_J4044","postknowledge","J1317_J4044_postknowledge",0,0,"J1317_postknowledge","J4044_postknowledge",0,0,-0.499376761210493,-0.451405062337721
"J1317 J4104",4,"J1317 J4104",4,"J1317","J4104","naive","naive","naive naive",6,NA,NA,0,"naive",0.0859622674281642,2.67775041050903,0.547369287403447,"J1317_J4104","postknowledge","J1317_J4104_postknowledge",0,0,"J1317_postknowledge","J4104_postknowledge",0,0,-0.499376761210493,-0.451405062337721
"J42 J1317",4,"J42 J1317",4,"J1317","J42","naive","naive","naive naive",4,NA,NA,0,"naive",-0.147658742298735,0.677750410509031,0.138541574965981,"J1317_J42","postknowledge","J1317_J42_postknowledge",0,0,"J1317_postknowledge","J42_postknowledge",0,0,-0.499376761210493,-0.451405062337721
"J4304 J1317",31,"J4304 J1317",31,"J1317","J4304","knowledge","naive","knowledge naive",31,0.0563380281690141,NA,1,"knowledge",3.0062248890144,22.75,1.9024009656673,"J1317_J4304","postknowledge","J1317_J4304_postknowledge",0,0,"J1317_postknowledge","J4304_postknowledge",0,0,-0.499376761210493,-0.451405062337721
"J1317 J4569",4,"J1317 J4569",4,"J1317","J4569","naive","naive","naive naive",4,NA,NA,0,"naive",-0.147658742298735,0.677750410509031,0.138541574965981,"J1317_J4569","postknowledge","J1317_J4569_postknowledge",0,0,"J1317_postknowledge","J4569_postknowledge",0,0,-0.499376761210493,-0.451405062337721
"J4715 J1317",3,"J4715 J1317",3,"J1317","J4715","naive","naive","naive naive",3,NA,NA,0,"naive",-0.264469247162184,-0.322249589490969,-0.0658722812527527,"J1317_J4715","postknowledge","J1317_J4715_postknowledge",0,0,"J1317_postknowledge","J4715_postknowledge",0,3,-0.499376761210493,-0.272575680117757
"J4770 J1317",2,"J4770 J1317",2,"J1317","J4770","naive","naive","naive naive",2,NA,NA,0,"naive",-0.381279752025634,-1.32224958949097,-0.270286137471486,"J1317_J4770","postknowledge","J1317_J4770_postknowledge",0,0,"J1317_postknowledge","J4770_postknowledge",0,1,-0.499376761210493,-0.3917952682644
"J1317 J4776",3,"J1317 J4776",3,"J1317","J4776","naive","naive","naive naive",2,NA,NA,0,"naive",-0.381279752025634,-1.32224958949097,-0.270286137471486,"J1317_J4776","postknowledge","J1317_J4776_postknowledge",0,0,"J1317_postknowledge","J4776_postknowledge",0,3,-0.499376761210493,-0.272575680117757
"J1317 J4951",18,"J1317 J4951",18,"J1317","J4951","naive","naive","naive naive",12,NA,NA,0,"naive",0.786825296608862,8.67775041050903,1.77385242471585,"J1317_J4951","postknowledge","J1317_J4951_postknowledge",0,0,"J1317_postknowledge","J4951_postknowledge",0,0,-0.499376761210493,-0.451405062337721
"J1317 J4954",1,"J1317 J4954",1,"J1317","J4954","naive","naive","naive naive",3,NA,NA,0,"naive",-0.264469247162184,-0.322249589490969,-0.0658722812527527,"J1317_J4954","postknowledge","J1317_J4954_postknowledge",0,0,"J1317_postknowledge","J4954_postknowledge",0,76,-0.499376761210493,4.0789392872347
"J1317 J4961",1,"J1317 J4961",1,"J1317","J4961","naive","naive","naive naive",3.5,NA,NA,0,"naive",-0.20606399473046,0.177750410509031,0.0363346468566139,"J1317_J4961","postknowledge","J1317_J4961_postknowledge",0,0,"J1317_postknowledge","J4961_postknowledge",0,0,-0.499376761210493,-0.451405062337721
"J1317 J4968",1,"J1317 J4968",1,"J1317","J4968","naive","naive","naive naive",1,NA,NA,0,"naive",-0.498090256889084,-2.32224958949097,-0.474699993690219,"J1317_J4968","postknowledge","J1317_J4968_postknowledge",0,0,"J1317_postknowledge","J4968_postknowledge",0,0,-0.499376761210493,-0.451405062337721
"J5006 J1317",3,"J5006 J1317",3,"J1317","J5006","naive","naive","naive naive",3,NA,NA,0,"naive",-0.264469247162184,-0.322249589490969,-0.0658722812527527,"J1317_J5006","postknowledge","J1317_J5006_postknowledge",0,0,"J1317_postknowledge","J5006_postknowledge",0,16,-0.499376761210493,0.50235164283542
"J1317 J5012",2,"J1317 J5012",2,"J1317","J5012","naive","naive","naive naive",2,NA,NA,0,"naive",-0.381279752025634,-1.32224958949097,-0.270286137471486,"J1317_J5012","postknowledge","J1317_J5012_postknowledge",0,0,"J1317_postknowledge","J5012_postknowledge",0,21,-0.499376761210493,0.800400613202027
"J1317 J505",5,"J1317 J505",5,"J1317","J505","naive","naive","naive naive",3.5,NA,NA,0,"naive",-0.20606399473046,0.177750410509031,0.0363346468566139,"J1317_J505","postknowledge","J1317_J505_postknowledge",0,0,"J1317_postknowledge","J505_postknowledge",0,22,-0.499376761210493,0.860010407275348
"J5053 J1317",8,"J5053 J1317",8,"J1317","J5053","knowledge","naive","knowledge naive",8,NA,NA,0,"knowledge",0.319583277155063,-0.25,-0.0209055051172231,"J1317_J5053","postknowledge","J1317_J5053_postknowledge",0,0,"J1317_postknowledge","J5053_postknowledge",0,56,-0.499376761210493,2.88674340576827
"J5056 J1317",1,"J5056 J1317",1,"J1317","J5056","naive","naive","naive naive",1,0.0142857142857143,NA,1,"naive",-0.498090256889084,-2.32224958949097,-0.474699993690219,"J1317_J5056","postknowledge","J1317_J5056_postknowledge",0,0,"J1317_postknowledge","J5056_postknowledge",0,0,-0.499376761210493,-0.451405062337721
"J1317 J5087",3,"J1317 J5087",3,"J1317","J5087","naive","naive","naive naive",2,NA,NA,0,"naive",-0.381279752025634,-1.32224958949097,-0.270286137471486,"J1317_J5087","postknowledge","J1317_J5087_postknowledge",0,0,"J1317_postknowledge","J5087_postknowledge",0,0,-0.499376761210493,-0.451405062337721
"J5089 J1317",26,"J5089 J1317",26,"J1317","J5089","knowledge","naive","knowledge naive",26,0.0116279069767442,NA,1,"knowledge",2.42217236469716,17.75,1.48429086332284,"J1317_J5089","postknowledge","J1317_J5089_postknowledge",0,0,"J1317_postknowledge","J5089_postknowledge",0,0,-0.499376761210493,-0.451405062337721
"J5121 J1317",21,"J5121 J1317",21,"J1317","J5121","knowledge","naive","knowledge naive",21,NA,NA,0,"knowledge",1.83811984037991,12.75,1.06618076097838,"J1317_J5121","postknowledge","J1317_J5121_postknowledge",0,0,"J1317_postknowledge","J5121_postknowledge",0,25,-0.499376761210493,1.03883978949531
"J5546 J1317",1,"J5546 J1317",1,"J1317","J5546","naive","naive","naive naive",1,NA,NA,0,"naive",-0.498090256889084,-2.32224958949097,-0.474699993690219,"J1317_J5546","postknowledge","J1317_J5546_postknowledge",0,0,"J1317_postknowledge","J5546_postknowledge",0,0,-0.499376761210493,-0.451405062337721
"J5645 J1317",1,"J5645 J1317",1,"J1317","J5645","naive","naive","naive naive",1,0.0150375939849624,NA,1,"naive",-0.498090256889084,-2.32224958949097,-0.474699993690219,"J1317_J5645","postknowledge","J1317_J5645_postknowledge",0,0,"J1317_postknowledge","J5645_postknowledge",0,0,-0.499376761210493,-0.451405062337721
"J5657A J1317",1,"J5657A J1317",1,"J1317","J5657A","naive","naive","naive naive",1,NA,NA,0,"naive",-0.498090256889084,-2.32224958949097,-0.474699993690219,"J1317_J5657A","postknowledge","J1317_J5657A_postknowledge",0,0,"J1317_postknowledge","J5657A_postknowledge",0,0,-0.499376761210493,-0.451405062337721
"J5675B J1317",2,"J5675B J1317",2,"J1317","J5675B","naive","naive","naive naive",2,NA,NA,0,"naive",-0.381279752025634,-1.32224958949097,-0.270286137471486,"J1317_J5675B","postknowledge","J1317_J5675B_postknowledge",0,0,"J1317_postknowledge","J5675B_postknowledge",0,0,-0.499376761210493,-0.451405062337721
"J5694 J1317",3,"J5694 J1317",3,"J1317","J5694","knowledge","naive","knowledge naive",3,NA,NA,0,"knowledge",-0.264469247162184,-5.25,-0.439015607461686,"J1317_J5694","postknowledge","J1317_J5694_postknowledge",0,0,"J1317_postknowledge","J5694_postknowledge",0,0,-0.499376761210493,-0.451405062337721
"J5695 J1317",7,"J5695 J1317",7,"J1317","J5695","knowledge","naive","knowledge naive",7,NA,NA,0,"knowledge",0.202772772291614,-1.25,-0.104527525586116,"J1317_J5695","postknowledge","J1317_J5695_postknowledge",0,0,"J1317_postknowledge","J5695_postknowledge",0,0,-0.499376761210493,-0.451405062337721
"J5724 J1317",2,"J5724 J1317",2,"J1317","J5724","naive","naive","naive naive",2,NA,NA,0,"naive",-0.381279752025634,-1.32224958949097,-0.270286137471486,"J1317_J5724","postknowledge","J1317_J5724_postknowledge",0,0,"J1317_postknowledge","J5724_postknowledge",0,0,-0.499376761210493,-0.451405062337721
"J5728B J1317",1,"J5728B J1317",1,"J1317","J5728B","naive","naive","naive naive",1,NA,NA,0,"naive",-0.498090256889084,-2.32224958949097,-0.474699993690219,"J1317_J5728B","postknowledge","J1317_J5728B_postknowledge",0,0,"J1317_postknowledge","J5728B_postknowledge",0,0,-0.499376761210493,-0.451405062337721
"J5730 J1317",6,"J5730 J1317",6,"J1317","J5730","knowledge","naive","knowledge naive",6,NA,NA,0,"knowledge",0.0859622674281642,-2.25,-0.188149546055008,"J1317_J5730","postknowledge","J1317_J5730_postknowledge",0,0,"J1317_postknowledge","J5730_postknowledge",0,0,-0.499376761210493,-0.451405062337721
"J5763 J1317",2,"J5763 J1317",2,"J1317","J5763","naive","naive","naive naive",2,NA,NA,0,"naive",-0.381279752025634,-1.32224958949097,-0.270286137471486,"J1317_J5763","postknowledge","J1317_J5763_postknowledge",0,0,"J1317_postknowledge","J5763_postknowledge",0,0,-0.499376761210493,-0.451405062337721
"J5766 J1317",4,"J5766 J1317",4,"J1317","J5766","naive","naive","naive naive",4,NA,NA,0,"naive",-0.147658742298735,0.677750410509031,0.138541574965981,"J1317_J5766","postknowledge","J1317_J5766_postknowledge",0,0,"J1317_postknowledge","J5766_postknowledge",0,0,-0.499376761210493,-0.451405062337721
"J1317 J5888",3,"J1317 J5888",3,"J1317","J5888","naive","naive","naive naive",6.5,NA,NA,0,"naive",0.144367519859889,3.17775041050903,0.649576215512814,"J1317_J5888","postknowledge","J1317_J5888_postknowledge",0,0,"J1317_postknowledge","J5888_postknowledge",0,0,-0.499376761210493,-0.451405062337721
"J1317 J595",4,"J1317 J595",4,"J1317","J595","naive","naive","naive naive",6,NA,NA,0,"naive",0.0859622674281642,2.67775041050903,0.547369287403447,"J1317_J595","postknowledge","J1317_J595_postknowledge",0,0,"J1317_postknowledge","J595_postknowledge",0,1,-0.499376761210493,-0.3917952682644
"J1317 J972",7,"J1317 J972",7,"J1317","J972","naive","naive","naive naive",7,NA,NA,0,"naive",0.202772772291614,3.67775041050903,0.75178314362218,"J1317_J972","postknowledge","J1317_J972_postknowledge",0,0,"J1317_postknowledge","J972_postknowledge",0,0,-0.499376761210493,-0.451405062337721
"J1480 J1323",1,"J1480 J1323",1,"J1323","J1480","knowledge","naive","knowledge naive",1,NA,NA,0,"knowledge",-0.498090256889084,-7.25,-0.606259648399471,"J1323_J1480","postknowledge","J1323_J1480_postknowledge",0,0,"J1323_postknowledge","J1480_postknowledge",0,0,-0.499376761210493,-0.451405062337721
"J1323 J2961",6,"J1323 J2961",6,"J1323","J2961","naive","naive","naive naive",5.5,NA,NA,0,"naive",0.0275570149964394,2.17775041050903,0.445162359294081,"J1323_J2961","postknowledge","J1323_J2961_postknowledge",0,0,"J1323_postknowledge","J2961_postknowledge",0,0,-0.499376761210493,-0.451405062337721
"J4601 J1323",3,"J4601 J1323",3,"J1323","J4601","knowledge","naive","knowledge naive",3,NA,NA,0,"knowledge",-0.264469247162184,-5.25,-0.439015607461686,"J1323_J4601","postknowledge","J1323_J4601_postknowledge",0,0,"J1323_postknowledge","J4601_postknowledge",0,0,-0.499376761210493,-0.451405062337721
"J5006 J1323",6,"J5006 J1323",6,"J1323","J5006","naive","naive","naive naive",6,NA,NA,0,"naive",0.0859622674281642,2.67775041050903,0.547369287403447,"J1323_J5006","postknowledge","J1323_J5006_postknowledge",0,0,"J1323_postknowledge","J5006_postknowledge",0,16,-0.499376761210493,0.50235164283542
"J972 J1323",4,"J972 J1323",4,"J1323","J972","naive","naive","naive naive",4,NA,NA,0,"naive",-0.147658742298735,0.677750410509031,0.138541574965981,"J1323_J972","postknowledge","J1323_J972_postknowledge",0,0,"J1323_postknowledge","J972_postknowledge",0,0,-0.499376761210493,-0.451405062337721
"J1973 J1345",1,"J1973 J1345",1,"J1345","J1973","naive","naive","naive naive",1,NA,NA,0,"naive",-0.498090256889084,-2.32224958949097,-0.474699993690219,"J1345_J1973","postknowledge","J1345_J1973_postknowledge",0,0,"J1345_postknowledge","J1973_postknowledge",13,0,0.0787124737905954,-0.451405062337721
"J2415 J1345",1,"J2415 J1345",1,"J1345","J2415","naive","naive","naive naive",1,NA,NA,0,"naive",-0.498090256889084,-2.32224958949097,-0.474699993690219,"J1345_J2415","postknowledge","J1345_J2415_postknowledge",0,0,"J1345_postknowledge","J2415_postknowledge",13,0,0.0787124737905954,-0.451405062337721
"J1345 J3884",1,"J1345 J3884",1,"J1345","J3884","naive","naive","naive naive",1,NA,NA,0,"naive",-0.498090256889084,-2.32224958949097,-0.474699993690219,"J1345_J3884","postknowledge","J1345_J3884_postknowledge",0,0,"J1345_postknowledge","J3884_postknowledge",13,3,0.0787124737905954,-0.272575680117757
"J1345 J5874",2,"J1345 J5874",2,"J1345","J5874","naive","naive","naive naive",2,NA,NA,0,"naive",-0.381279752025634,-1.32224958949097,-0.270286137471486,"J1345_J5874","postknowledge","J1345_J5874_postknowledge",0,0,"J1345_postknowledge","J5874_postknowledge",13,0,0.0787124737905954,-0.451405062337721
"J664 J1345",2,"J664 J1345",2,"J1345","J664","knowledge","naive","knowledge naive",2,NA,NA,0,"knowledge",-0.381279752025634,-6.25,-0.522637627930578,"J1345_J664","postknowledge","J1345_J664_postknowledge",0,0,"J1345_postknowledge","J664_postknowledge",13,0,0.0787124737905954,-0.451405062337721
"J1916 J1351",4,"J1916 J1351",4,"J1351","J1916","naive","naive","naive naive",4,NA,NA,0,"naive",-0.147658742298735,0.677750410509031,0.138541574965981,"J1351_J1916","postknowledge","J1351_J1916_postknowledge",0,0,"J1351_postknowledge","J1916_postknowledge",24,0,0.567864903406901,-0.451405062337721
"J2661 J1351",2,"J2661 J1351",2,"J1351","J2661","naive","naive","naive naive",2,NA,NA,0,"naive",-0.381279752025634,-1.32224958949097,-0.270286137471486,"J1351_J2661","postknowledge","J1351_J2661_postknowledge",0,0,"J1351_postknowledge","J2661_postknowledge",24,3,0.567864903406901,-0.272575680117757
"J1351 J2941",4,"J1351 J2941",4,"J1351","J2941","naive","naive","naive naive",4,0.0169491525423729,NA,1,"naive",-0.147658742298735,0.677750410509031,0.138541574965981,"J1351_J2941","postknowledge","J1351_J2941_postknowledge",0,0,"J1351_postknowledge","J2941_postknowledge",24,0,0.567864903406901,-0.451405062337721
"J42 J1351",5,"J42 J1351",5,"J1351","J42","naive","naive","naive naive",5,NA,NA,0,"naive",-0.0308482374352854,1.67775041050903,0.342955431184714,"J1351_J42","postknowledge","J1351_J42_postknowledge",0,0,"J1351_postknowledge","J42_postknowledge",24,0,0.567864903406901,-0.451405062337721
"J4304 J1351",2,"J4304 J1351",2,"J1351","J4304","knowledge","naive","knowledge naive",2,0.0545454545454545,NA,1,"knowledge",-0.381279752025634,-6.25,-0.522637627930578,"J1351_J4304","postknowledge","J1351_J4304_postknowledge",0,0,"J1351_postknowledge","J4304_postknowledge",24,0,0.567864903406901,-0.451405062337721
"J505 J1351",8,"J505 J1351",8,"J1351","J505","naive","naive","naive naive",8,NA,NA,0,"naive",0.319583277155063,4.67775041050903,0.956196999840914,"J1351_J505","postknowledge","J1351_J505_postknowledge",0,0,"J1351_postknowledge","J505_postknowledge",24,22,0.567864903406901,0.860010407275348
"J1480 J1368",1,"J1480 J1368",1,"J1368","J1480","knowledge","naive","knowledge naive",1,0.0102040816326531,NA,1,"knowledge",-0.498090256889084,-7.25,-0.606259648399471,"J1368_J1480","postknowledge","J1368_J1480_postknowledge",0,0,"J1368_postknowledge","J1480_postknowledge",0,0,-0.499376761210493,-0.451405062337721
"J1529 J1368",13,"J1529 J1368",13,"J1368","J1529","knowledge","naive","knowledge naive",13,0.0615384615384615,NA,1,"knowledge",0.903635801472311,4.75,0.397204597227239,"J1368_J1529","postknowledge","J1368_J1529_postknowledge",0,0,"J1368_postknowledge","J1529_postknowledge",0,95,-0.499376761210493,5.2115253746278
"J1368 J1902",9,"J1368 J1902",9,"J1368","J1902","naive","naive","naive naive",13,0.2,NA,1,"naive",0.903635801472311,9.67775041050903,1.97826628093458,"J1368_J1902","postknowledge","J1368_J1902_postknowledge",0,0,"J1368_postknowledge","J1902_postknowledge",0,48,-0.499376761210493,2.4098650531817
"J2128 J1368",2,"J2128 J1368",2,"J1368","J2128","knowledge","naive","knowledge naive",2,NA,NA,0,"knowledge",-0.381279752025634,-6.25,-0.522637627930578,"J1368_J2128","postknowledge","J1368_J2128_postknowledge",0,0,"J1368_postknowledge","J2128_postknowledge",0,0,-0.499376761210493,-0.451405062337721
"J1368 J2196",1,"J1368 J2196",1,"J1368","J2196","naive","naive","naive naive",1,0.0144927536231884,NA,1,"naive",-0.498090256889084,-2.32224958949097,-0.474699993690219,"J1368_J2196","postknowledge","J1368_J2196_postknowledge",0,0,"J1368_postknowledge","J2196_postknowledge",0,58,-0.499376761210493,3.00596299391492
"J1368 J2392",1,"J1368 J2392",1,"J1368","J2392","naive","naive","naive naive",1,0.036144578313253,NA,1,"naive",-0.498090256889084,-2.32224958949097,-0.474699993690219,"J1368_J2392","postknowledge","J1368_J2392_postknowledge",0,0,"J1368_postknowledge","J2392_postknowledge",0,76,-0.499376761210493,4.0789392872347
"J1368 J2759",1,"J1368 J2759",1,"J1368","J2759","naive","naive","naive naive",1,NA,NA,0,"naive",-0.498090256889084,-2.32224958949097,-0.474699993690219,"J1368_J2759","postknowledge","J1368_J2759_postknowledge",0,0,"J1368_postknowledge","J2759_postknowledge",0,0,-0.499376761210493,-0.451405062337721
"J1368 J2941",5,"J1368 J2941",5,"J1368","J2941","naive","naive","naive naive",9.5,0.00925925925925926,NA,1,"naive",0.494799034450238,6.17775041050903,1.26281778416901,"J1368_J2941","postknowledge","J1368_J2941_postknowledge",0,0,"J1368_postknowledge","J2941_postknowledge",0,0,-0.499376761210493,-0.451405062337721
"J2961 J1368",8,"J2961 J1368",8,"J1368","J2961","naive","naive","naive naive",8,0.036036036036036,NA,1,"naive",0.319583277155063,4.67775041050903,0.956196999840914,"J1368_J2961","postknowledge","J1368_J2961_postknowledge",0,0,"J1368_postknowledge","J2961_postknowledge",0,0,-0.499376761210493,-0.451405062337721
"J1368 J4044",8,"J1368 J4044",8,"J1368","J4044","naive","naive","naive naive",8,0.0104166666666667,NA,1,"naive",0.319583277155063,4.67775041050903,0.956196999840914,"J1368_J4044","postknowledge","J1368_J4044_postknowledge",0,0,"J1368_postknowledge","J4044_postknowledge",0,0,-0.499376761210493,-0.451405062337721
"J1368 J4104",9,"J1368 J4104",9,"J1368","J4104","naive","naive","naive naive",9,0.012987012987013,NA,1,"naive",0.436393782018513,5.67775041050903,1.16061085605965,"J1368_J4104","postknowledge","J1368_J4104_postknowledge",0,0,"J1368_postknowledge","J4104_postknowledge",0,0,-0.499376761210493,-0.451405062337721
"J1368 J4151",5,"J1368 J4151",5,"J1368","J4151","naive","naive","naive naive",3.5,0.00900900900900901,NA,1,"naive",-0.20606399473046,0.177750410509031,0.0363346468566139,"J1368_J4151","postknowledge","J1368_J4151_postknowledge",0,0,"J1368_postknowledge","J4151_postknowledge",0,26,-0.499376761210493,1.09844958356863
"J4304 J1368",14,"J4304 J1368",14,"J1368","J4304","knowledge","naive","knowledge naive",14,0.019047619047619,NA,1,"knowledge",1.02044630633576,5.75,0.480826617696132,"J1368_J4304","postknowledge","J1368_J4304_postknowledge",0,0,"J1368_postknowledge","J4304_postknowledge",0,0,-0.499376761210493,-0.451405062337721
"J4601 J1368",10,"J4601 J1368",10,"J1368","J4601","knowledge","naive","knowledge naive",10,0.0555555555555556,NA,1,"knowledge",0.553204286881962,1.75,0.146338535820562,"J1368_J4601","postknowledge","J1368_J4601_postknowledge",0,0,"J1368_postknowledge","J4601_postknowledge",0,0,-0.499376761210493,-0.451405062337721
"J1368 J4776",8,"J1368 J4776",8,"J1368","J4776","naive","naive","naive naive",5,NA,NA,0,"naive",-0.0308482374352854,1.67775041050903,0.342955431184714,"J1368_J4776","postknowledge","J1368_J4776_postknowledge",0,0,"J1368_postknowledge","J4776_postknowledge",0,3,-0.499376761210493,-0.272575680117757
"J1368 J4782",1,"J1368 J4782",1,"J1368","J4782","naive","naive","naive naive",3,NA,NA,0,"naive",-0.264469247162184,-0.322249589490969,-0.0658722812527527,"J1368_J4782","postknowledge","J1368_J4782_postknowledge",0,0,"J1368_postknowledge","J4782_postknowledge",0,10,-0.499376761210493,0.144692878395492
"J1368 J4951",2,"J1368 J4951",2,"J1368","J4951","naive","naive","naive naive",2,0.0112359550561798,NA,1,"naive",-0.381279752025634,-1.32224958949097,-0.270286137471486,"J1368_J4951","postknowledge","J1368_J4951_postknowledge",0,0,"J1368_postknowledge","J4951_postknowledge",0,0,-0.499376761210493,-0.451405062337721
"J1368 J4961",1,"J1368 J4961",1,"J1368","J4961","naive","naive","naive naive",1,NA,NA,0,"naive",-0.498090256889084,-2.32224958949097,-0.474699993690219,"J1368_J4961","postknowledge","J1368_J4961_postknowledge",0,0,"J1368_postknowledge","J4961_postknowledge",0,0,-0.499376761210493,-0.451405062337721
"J1368 J5012",2,"J1368 J5012",2,"J1368","J5012","naive","naive","naive naive",2,0.0112359550561798,NA,1,"naive",-0.381279752025634,-1.32224958949097,-0.270286137471486,"J1368_J5012","postknowledge","J1368_J5012_postknowledge",0,0,"J1368_postknowledge","J5012_postknowledge",0,21,-0.499376761210493,0.800400613202027
"J1368 J5056",4,"J1368 J5056",4,"J1368","J5056","naive","naive","naive naive",2.5,0.03,NA,1,"naive",-0.322874499593909,-0.822249589490969,-0.168079209362119,"J1368_J5056","postknowledge","J1368_J5056_postknowledge",0,0,"J1368_postknowledge","J5056_postknowledge",0,0,-0.499376761210493,-0.451405062337721
"J1368 J5087",2,"J1368 J5087",2,"J1368","J5087","naive","naive","naive naive",2,NA,NA,0,"naive",-0.381279752025634,-1.32224958949097,-0.270286137471486,"J1368_J5087","postknowledge","J1368_J5087_postknowledge",0,0,"J1368_postknowledge","J5087_postknowledge",0,0,-0.499376761210493,-0.451405062337721
"J5089 J1368",4,"J5089 J1368",4,"J1368","J5089","knowledge","naive","knowledge naive",4,0.0170940170940171,NA,1,"knowledge",-0.147658742298735,-4.25,-0.355393586992793,"J1368_J5089","postknowledge","J1368_J5089_postknowledge",0,0,"J1368_postknowledge","J5089_postknowledge",0,0,-0.499376761210493,-0.451405062337721
"J5476 J1368",2,"J5476 J1368",2,"J1368","J5476","naive","naive","naive naive",2,0.0263157894736842,NA,1,"naive",-0.381279752025634,-1.32224958949097,-0.270286137471486,"J1368_J5476","postknowledge","J1368_J5476_postknowledge",0,0,"J1368_postknowledge","J5476_postknowledge",0,36,-0.499376761210493,1.69454752430185
"J1368 J5477",2,"J1368 J5477",2,"J1368","J5477","naive","naive","naive naive",2,NA,NA,0,"naive",-0.381279752025634,-1.32224958949097,-0.270286137471486,"J1368_J5477","postknowledge","J1368_J5477_postknowledge",0,0,"J1368_postknowledge","J5477_postknowledge",0,36,-0.499376761210493,1.69454752430185
"J1368 J5583",2,"J1368 J5583",2,"J1368","J5583","naive","naive","naive naive",2,0.0108695652173913,NA,1,"naive",-0.381279752025634,-1.32224958949097,-0.270286137471486,"J1368_J5583","postknowledge","J1368_J5583_postknowledge",0,0,"J1368_postknowledge","J5583_postknowledge",0,28,-0.499376761210493,1.21766917171528
"J5694 J1368",7,"J5694 J1368",7,"J1368","J5694","knowledge","naive","knowledge naive",7,NA,NA,0,"knowledge",0.202772772291614,-1.25,-0.104527525586116,"J1368_J5694","postknowledge","J1368_J5694_postknowledge",0,0,"J1368_postknowledge","J5694_postknowledge",0,0,-0.499376761210493,-0.451405062337721
"J5695 J1368",2,"J5695 J1368",2,"J1368","J5695","knowledge","naive","knowledge naive",2,0.0104166666666667,NA,1,"knowledge",-0.381279752025634,-6.25,-0.522637627930578,"J1368_J5695","postknowledge","J1368_J5695_postknowledge",0,0,"J1368_postknowledge","J5695_postknowledge",0,0,-0.499376761210493,-0.451405062337721
"J5730 J1368",4,"J5730 J1368",4,"J1368","J5730","knowledge","naive","knowledge naive",4,NA,NA,0,"knowledge",-0.147658742298735,-4.25,-0.355393586992793,"J1368_J5730","postknowledge","J1368_J5730_postknowledge",0,0,"J1368_postknowledge","J5730_postknowledge",0,0,-0.499376761210493,-0.451405062337721
"J1368 J5766",3,"J1368 J5766",3,"J1368","J5766","naive","naive","naive naive",2.5,NA,NA,0,"naive",-0.322874499593909,-0.822249589490969,-0.168079209362119,"J1368_J5766","postknowledge","J1368_J5766_postknowledge",0,0,"J1368_postknowledge","J5766_postknowledge",0,0,-0.499376761210493,-0.451405062337721
"J1368 J5804",2,"J1368 J5804",2,"J1368","J5804","naive","naive","naive naive",2.5,NA,NA,0,"naive",-0.322874499593909,-0.822249589490969,-0.168079209362119,"J1368_J5804","postknowledge","J1368_J5804_postknowledge",NA,NA,"J1368_postknowledge","J5804_postknowledge",0,NA,-0.499376761210493,NA
"J5821 J1368",1,"J5821 J1368",1,"J1368","J5821","naive","naive","naive naive",1,NA,NA,0,"naive",-0.498090256889084,-2.32224958949097,-0.474699993690219,"J1368_J5821","postknowledge","J1368_J5821_postknowledge",0,0,"J1368_postknowledge","J5821_postknowledge",0,0,-0.499376761210493,-0.451405062337721
"J1368 J6056",7,"J1368 J6056",7,"J1368","J6056","naive","naive","naive naive",7,NA,NA,0,"naive",0.202772772291614,3.67775041050903,0.75178314362218,"J1368_J6056","postknowledge","J1368_J6056_postknowledge",0,0,"J1368_postknowledge","J6056_postknowledge",0,0,-0.499376761210493,-0.451405062337721
"J1368 J972",1,"J1368 J972",1,"J1368","J972","naive","naive","naive naive",1,NA,NA,0,"naive",-0.498090256889084,-2.32224958949097,-0.474699993690219,"J1368_J972","postknowledge","J1368_J972_postknowledge",0,0,"J1368_postknowledge","J972_postknowledge",0,0,-0.499376761210493,-0.451405062337721
"J1973 J1392",1,"J1973 J1392",1,"J1392","J1973","naive","naive","naive naive",1,NA,NA,0,"naive",-0.498090256889084,-2.32224958949097,-0.474699993690219,"J1392_J1973","postknowledge","J1392_J1973_postknowledge",0,0,"J1392_postknowledge","J1973_postknowledge",0,0,-0.499376761210493,-0.451405062337721
"J1392 J2168",2,"J1392 J2168",2,"J1392","J2168","naive","naive","naive naive",2,NA,NA,0,"naive",-0.381279752025634,-1.32224958949097,-0.270286137471486,"J1392_J2168","postknowledge","J1392_J2168_postknowledge",0,0,"J1392_postknowledge","J2168_postknowledge",0,49,-0.499376761210493,2.46947484725502
"J1392 J3148",1,"J1392 J3148",1,"J1392","J3148","naive","naive","naive naive",1,NA,NA,0,"naive",-0.498090256889084,-2.32224958949097,-0.474699993690219,"J1392_J3148","postknowledge","J1392_J3148_postknowledge",0,0,"J1392_postknowledge","J3148_postknowledge",0,0,-0.499376761210493,-0.451405062337721
"J3305 J1392",3,"J3305 J1392",3,"J1392","J3305","naive","naive","naive naive",3,NA,NA,0,"naive",-0.264469247162184,-0.322249589490969,-0.0658722812527527,"J1392_J3305","postknowledge","J1392_J3305_postknowledge",0,0,"J1392_postknowledge","J3305_postknowledge",0,0,-0.499376761210493,-0.451405062337721
"J1392 J3508",2,"J1392 J3508",2,"J1392","J3508","naive","naive","naive naive",2,NA,NA,0,"naive",-0.381279752025634,-1.32224958949097,-0.270286137471486,"J1392_J3508","postknowledge","J1392_J3508_postknowledge",0,0,"J1392_postknowledge","J3508_postknowledge",0,17,-0.499376761210493,0.561961436908741
"J3745 J1392",3,"J3745 J1392",3,"J1392","J3745","naive","naive","naive naive",3,NA,NA,0,"naive",-0.264469247162184,-0.322249589490969,-0.0658722812527527,"J1392_J3745","postknowledge","J1392_J3745_postknowledge",0,0,"J1392_postknowledge","J3745_postknowledge",0,0,-0.499376761210493,-0.451405062337721
"J3769 J1392",3,"J3769 J1392",3,"J1392","J3769","knowledge","naive","knowledge naive",3,NA,NA,0,"knowledge",-0.264469247162184,-5.25,-0.439015607461686,"J1392_J3769","postknowledge","J1392_J3769_postknowledge",0,0,"J1392_postknowledge","J3769_postknowledge",0,0,-0.499376761210493,-0.451405062337721
"J4315 J1392",10,"J4315 J1392",10,"J1392","J4315","knowledge","naive","knowledge naive",10,NA,NA,0,"knowledge",0.553204286881962,1.75,0.146338535820562,"J1392_J4315","postknowledge","J1392_J4315_postknowledge",0,0,"J1392_postknowledge","J4315_postknowledge",0,9,-0.499376761210493,0.0850830843221708
"J1392 J4651",1,"J1392 J4651",1,"J1392","J4651","naive","naive","naive naive",1,0.0333333333333333,NA,1,"naive",-0.498090256889084,-2.32224958949097,-0.474699993690219,"J1392_J4651","postknowledge","J1392_J4651_postknowledge",0,0,"J1392_postknowledge","J4651_postknowledge",0,34,-0.499376761210493,1.5753279361552
"J1392 J4654",2,"J1392 J4654",2,"J1392","J4654","naive","naive","naive naive",2,NA,NA,0,"naive",-0.381279752025634,-1.32224958949097,-0.270286137471486,"J1392_J4654","postknowledge","J1392_J4654_postknowledge",0,0,"J1392_postknowledge","J4654_postknowledge",0,4,-0.499376761210493,-0.212965886044436
"J4752 J1392",2,"J4752 J1392",2,"J1392","J4752","naive","naive","naive naive",2,NA,NA,0,"naive",-0.381279752025634,-1.32224958949097,-0.270286137471486,"J1392_J4752","postknowledge","J1392_J4752_postknowledge",0,0,"J1392_postknowledge","J4752_postknowledge",0,2,-0.499376761210493,-0.332185474191078
"J4967 J1392",1,"J4967 J1392",1,"J1392","J4967","knowledge","naive","knowledge naive",1,NA,NA,0,"knowledge",-0.498090256889084,-7.25,-0.606259648399471,"J1392_J4967","postknowledge","J1392_J4967_postknowledge",0,0,"J1392_postknowledge","J4967_postknowledge",0,3,-0.499376761210493,-0.272575680117757
"J5146 J1392",10,"J5146 J1392",10,"J1392","J5146","knowledge","naive","knowledge naive",10,NA,NA,0,"knowledge",0.553204286881962,1.75,0.146338535820562,"J1392_J5146","postknowledge","J1392_J5146_postknowledge",0,0,"J1392_postknowledge","J5146_postknowledge",0,4,-0.499376761210493,-0.212965886044436
"J5316 J1392",2,"J5316 J1392",2,"J1392","J5316","naive","naive","naive naive",2,NA,NA,0,"naive",-0.381279752025634,-1.32224958949097,-0.270286137471486,"J1392_J5316","postknowledge","J1392_J5316_postknowledge",0,0,"J1392_postknowledge","J5316_postknowledge",0,37,-0.499376761210493,1.75415731837517
"J5477 J1392",2,"J5477 J1392",2,"J1392","J5477","naive","naive","naive naive",2,NA,NA,0,"naive",-0.381279752025634,-1.32224958949097,-0.270286137471486,"J1392_J5477","postknowledge","J1392_J5477_postknowledge",0,0,"J1392_postknowledge","J5477_postknowledge",0,36,-0.499376761210493,1.69454752430185
"J5519 J1392",1,"J5519 J1392",1,"J1392","J5519","naive","naive","naive naive",1,NA,NA,0,"naive",-0.498090256889084,-2.32224958949097,-0.474699993690219,"J1392_J5519","postknowledge","J1392_J5519_postknowledge",0,0,"J1392_postknowledge","J5519_postknowledge",0,53,-0.499376761210493,2.70791402354831
"J1392 J5963",3,"J1392 J5963",3,"J1392","J5963","naive","naive","naive naive",3,NA,NA,0,"naive",-0.264469247162184,-0.322249589490969,-0.0658722812527527,"J1392_J5963","postknowledge","J1392_J5963_postknowledge",0,0,"J1392_postknowledge","J5963_postknowledge",0,0,-0.499376761210493,-0.451405062337721
"J1392 J6017",1,"J1392 J6017",1,"J1392","J6017","naive","naive","naive naive",1,NA,NA,0,"naive",-0.498090256889084,-2.32224958949097,-0.474699993690219,"J1392_J6017","postknowledge","J1392_J6017_postknowledge",0,0,"J1392_postknowledge","J6017_postknowledge",0,0,-0.499376761210493,-0.451405062337721
"J1458 J2168",1,"J1458 J2168",1,"J1458","J2168","naive","naive","naive naive",1,0.0158730158730159,NA,1,"naive",-0.498090256889084,-2.32224958949097,-0.474699993690219,"J1458_J2168","postknowledge","J1458_J2168_postknowledge",2,1,"J1458_postknowledge","J2168_postknowledge",0,49,-0.499376761210493,2.46947484725502
"J2395 J1458",2,"J2395 J1458",2,"J1458","J2395","naive","naive","naive naive",2,NA,NA,0,"naive",-0.381279752025634,-1.32224958949097,-0.270286137471486,"J1458_J2395","postknowledge","J1458_J2395_postknowledge",0,0,"J1458_postknowledge","J2395_postknowledge",0,0,-0.499376761210493,-0.451405062337721
"J1458 J2621",3,"J1458 J2621",3,"J1458","J2621","naive","naive","naive naive",2,NA,NA,0,"naive",-0.381279752025634,-1.32224958949097,-0.270286137471486,"J1458_J2621","postknowledge","J1458_J2621_postknowledge",0,0,"J1458_postknowledge","J2621_postknowledge",0,1,-0.499376761210493,-0.3917952682644
"J1458 J3305",1,"J1458 J3305",1,"J1458","J3305","naive","naive","naive naive",1,NA,NA,0,"naive",-0.498090256889084,-2.32224958949097,-0.474699993690219,"J1458_J3305","postknowledge","J1458_J3305_postknowledge",0,0,"J1458_postknowledge","J3305_postknowledge",0,0,-0.499376761210493,-0.451405062337721
"J1458 J3508",3,"J1458 J3508",3,"J1458","J3508","naive","naive","naive naive",2.5,NA,NA,0,"naive",-0.322874499593909,-0.822249589490969,-0.168079209362119,"J1458_J3508","postknowledge","J1458_J3508_postknowledge",1,1,"J1458_postknowledge","J3508_postknowledge",0,17,-0.499376761210493,0.561961436908741
"J1458 J4634",2,"J1458 J4634",2,"J1458","J4634","naive","naive","naive naive",2,NA,NA,0,"naive",-0.381279752025634,-1.32224958949097,-0.270286137471486,"J1458_J4634","postknowledge","J1458_J4634_postknowledge",0,0,"J1458_postknowledge","J4634_postknowledge",0,0,-0.499376761210493,-0.451405062337721
"J1458 J4747",2,"J1458 J4747",2,"J1458","J4747","naive","naive","naive naive",2,NA,NA,0,"naive",-0.381279752025634,-1.32224958949097,-0.270286137471486,"J1458_J4747","postknowledge","J1458_J4747_postknowledge",1,1,"J1458_postknowledge","J4747_postknowledge",0,77,-0.499376761210493,4.13854908130802
"J4967 J1458",2,"J4967 J1458",2,"J1458","J4967","knowledge","naive","knowledge naive",2,NA,NA,0,"knowledge",-0.381279752025634,-6.25,-0.522637627930578,"J1458_J4967","postknowledge","J1458_J4967_postknowledge",0,0,"J1458_postknowledge","J4967_postknowledge",0,3,-0.499376761210493,-0.272575680117757
"J5309 J1458",2,"J5309 J1458",2,"J1458","J5309","naive","naive","naive naive",2,NA,NA,0,"naive",-0.381279752025634,-1.32224958949097,-0.270286137471486,"J1458_J5309","postknowledge","J1458_J5309_postknowledge",0,0,"J1458_postknowledge","J5309_postknowledge",0,18,-0.499376761210493,0.621571230982063
"J1627 J1463",25,"J1627 J1463",25,"J1463","J1627","knowledge","naive","knowledge naive",25,NA,NA,0,"knowledge",2.30536185983371,16.75,1.40066884285395,"J1463_J1627","postknowledge","J1463_J1627_postknowledge",0,0,"J1463_postknowledge","J1627_postknowledge",0,0,-0.499376761210493,-0.451405062337721
"J1463 J1973",26,"J1463 J1973",26,"J1463","J1973","naive","naive","naive naive",14.5,NA,NA,0,"naive",1.07885155876749,11.177750410509,2.28488706526268,"J1463_J1973","postknowledge","J1463_J1973_postknowledge",0,0,"J1463_postknowledge","J1973_postknowledge",0,0,-0.499376761210493,-0.451405062337721
"J1463 J2039",10,"J1463 J2039",10,"J1463","J2039","naive","naive","naive naive",7,NA,NA,0,"naive",0.202772772291614,3.67775041050903,0.75178314362218,"J1463_J2039","postknowledge","J1463_J2039_postknowledge",0,0,"J1463_postknowledge","J2039_postknowledge",0,6,-0.499376761210493,-0.0937462978977931
"J1463 J2168",12,"J1463 J2168",12,"J1463","J2168","naive","naive","naive naive",12,NA,NA,0,"naive",0.786825296608862,8.67775041050903,1.77385242471585,"J1463_J2168","postknowledge","J1463_J2168_postknowledge",0,0,"J1463_postknowledge","J2168_postknowledge",0,49,-0.499376761210493,2.46947484725502
"J1463 J2377",55,"J1463 J2377",55,"J1463","J2377","naive","naive","naive naive",31.5,NA,NA,0,"naive",3.06463014144613,28.177750410509,5.75992262098115,"J1463_J2377","postknowledge","J1463_J2377_postknowledge",0,0,"J1463_postknowledge","J2377_postknowledge",0,1,-0.499376761210493,-0.3917952682644
"J1463 J2395",2,"J1463 J2395",2,"J1463","J2395","naive","naive","naive naive",2,NA,NA,0,"naive",-0.381279752025634,-1.32224958949097,-0.270286137471486,"J1463_J2395","postknowledge","J1463_J2395_postknowledge",0,0,"J1463_postknowledge","J2395_postknowledge",0,0,-0.499376761210493,-0.451405062337721
"J1463 J2621",2,"J1463 J2621",2,"J1463","J2621","naive","naive","naive naive",2,NA,NA,0,"naive",-0.381279752025634,-1.32224958949097,-0.270286137471486,"J1463_J2621","postknowledge","J1463_J2621_postknowledge",0,0,"J1463_postknowledge","J2621_postknowledge",0,1,-0.499376761210493,-0.3917952682644
"J1463 J2661",14,"J1463 J2661",14,"J1463","J2661","naive","naive","naive naive",14,NA,NA,0,"naive",1.02044630633576,10.677750410509,2.18268013715331,"J1463_J2661","postknowledge","J1463_J2661_postknowledge",0,0,"J1463_postknowledge","J2661_postknowledge",0,3,-0.499376761210493,-0.272575680117757
"J1463 J2701",1,"J1463 J2701",1,"J1463","J2701","naive","naive","naive naive",2.5,NA,NA,0,"naive",-0.322874499593909,-0.822249589490969,-0.168079209362119,"J1463_J2701","postknowledge","J1463_J2701_postknowledge",0,0,"J1463_postknowledge","J2701_postknowledge",0,0,-0.499376761210493,-0.451405062337721
"J3228 J1463",1,"J3228 J1463",1,"J1463","J3228","naive","naive","naive naive",1,NA,NA,0,"naive",-0.498090256889084,-2.32224958949097,-0.474699993690219,"J1463_J3228","postknowledge","J1463_J3228_postknowledge",0,0,"J1463_postknowledge","J3228_postknowledge",0,0,-0.499376761210493,-0.451405062337721
"J1463 J3508",1,"J1463 J3508",1,"J1463","J3508","naive","naive","naive naive",1,NA,NA,0,"naive",-0.498090256889084,-2.32224958949097,-0.474699993690219,"J1463_J3508","postknowledge","J1463_J3508_postknowledge",0,0,"J1463_postknowledge","J3508_postknowledge",0,17,-0.499376761210493,0.561961436908741
"J1463 J3716",4,"J1463 J3716",4,"J1463","J3716","naive","naive","naive naive",4,NA,NA,0,"naive",-0.147658742298735,0.677750410509031,0.138541574965981,"J1463_J3716","postknowledge","J1463_J3716_postknowledge",0,0,"J1463_postknowledge","J3716_postknowledge",0,6,-0.499376761210493,-0.0937462978977931
"J1463 J41",1,"J1463 J41",1,"J1463","J41","naive","naive","naive naive",1.5,NA,NA,0,"naive",-0.439685004457359,-1.82224958949097,-0.372493065580853,"J1463_J41","postknowledge","J1463_J41_postknowledge",0,0,"J1463_postknowledge","J41_postknowledge",0,0,-0.499376761210493,-0.451405062337721
"J4161 J1463",1,"J4161 J1463",1,"J1463","J4161","naive","naive","naive naive",1,NA,NA,0,"naive",-0.498090256889084,-2.32224958949097,-0.474699993690219,"J1463_J4161","postknowledge","J1463_J4161_postknowledge",0,0,"J1463_postknowledge","J4161_postknowledge",0,26,-0.499376761210493,1.09844958356863
"J4162 J1463",12,"J4162 J1463",12,"J1463","J4162","knowledge","naive","knowledge naive",12,NA,NA,0,"knowledge",0.786825296608862,3.75,0.313582576758347,"J1463_J4162","postknowledge","J1463_J4162_postknowledge",0,0,"J1463_postknowledge","J4162_postknowledge",0,3,-0.499376761210493,-0.272575680117757
"J42 J1463",4,"J42 J1463",4,"J1463","J42","naive","naive","naive naive",4,NA,NA,0,"naive",-0.147658742298735,0.677750410509031,0.138541574965981,"J1463_J42","postknowledge","J1463_J42_postknowledge",0,0,"J1463_postknowledge","J42_postknowledge",0,0,-0.499376761210493,-0.451405062337721
"J4315 J1463",25,"J4315 J1463",25,"J1463","J4315","knowledge","naive","knowledge naive",25,NA,NA,0,"knowledge",2.30536185983371,16.75,1.40066884285395,"J1463_J4315","postknowledge","J1463_J4315_postknowledge",0,0,"J1463_postknowledge","J4315_postknowledge",0,9,-0.499376761210493,0.0850830843221708
"J4514 J1463",1,"J4514 J1463",1,"J1463","J4514","knowledge","naive","knowledge naive",1,NA,NA,0,"knowledge",-0.498090256889084,-7.25,-0.606259648399471,"J1463_J4514","postknowledge","J1463_J4514_postknowledge",0,0,"J1463_postknowledge","J4514_postknowledge",0,18,-0.499376761210493,0.621571230982063
"J4601 J1463",8,"J4601 J1463",8,"J1463","J4601","knowledge","naive","knowledge naive",8,NA,NA,0,"knowledge",0.319583277155063,-0.25,-0.0209055051172231,"J1463_J4601","postknowledge","J1463_J4601_postknowledge",0,0,"J1463_postknowledge","J4601_postknowledge",0,0,-0.499376761210493,-0.451405062337721
"J4634 J1463",2,"J4634 J1463",2,"J1463","J4634","naive","naive","naive naive",2,NA,NA,0,"naive",-0.381279752025634,-1.32224958949097,-0.270286137471486,"J1463_J4634","postknowledge","J1463_J4634_postknowledge",0,0,"J1463_postknowledge","J4634_postknowledge",0,0,-0.499376761210493,-0.451405062337721
"J4967 J1463",18,"J4967 J1463",18,"J1463","J4967","knowledge","naive","knowledge naive",18,NA,NA,0,"knowledge",1.48768832578956,9.75,0.815314699571702,"J1463_J4967","postknowledge","J1463_J4967_postknowledge",0,0,"J1463_postknowledge","J4967_postknowledge",0,3,-0.499376761210493,-0.272575680117757
"J1463 J5017",2,"J1463 J5017",2,"J1463","J5017","naive","naive","naive naive",2,NA,NA,0,"naive",-0.381279752025634,-1.32224958949097,-0.270286137471486,"J1463_J5017","postknowledge","J1463_J5017_postknowledge",0,0,"J1463_postknowledge","J5017_postknowledge",0,0,-0.499376761210493,-0.451405062337721
"J1463 J5043",19,"J1463 J5043",19,"J1463","J5043","naive","naive","naive naive",19,NA,NA,0,"naive",1.60449883065301,15.677750410509,3.20474941824698,"J1463_J5043","postknowledge","J1463_J5043_postknowledge",0,0,"J1463_postknowledge","J5043_postknowledge",0,2,-0.499376761210493,-0.332185474191078
"J5146 J1463",9,"J5146 J1463",9,"J1463","J5146","knowledge","naive","knowledge naive",9,NA,NA,0,"knowledge",0.436393782018513,0.75,0.0627165153516694,"J1463_J5146","postknowledge","J1463_J5146_postknowledge",0,0,"J1463_postknowledge","J5146_postknowledge",0,4,-0.499376761210493,-0.212965886044436
"J1463 J5316",5,"J1463 J5316",5,"J1463","J5316","naive","naive","naive naive",3.5,NA,NA,0,"naive",-0.20606399473046,0.177750410509031,0.0363346468566139,"J1463_J5316","postknowledge","J1463_J5316_postknowledge",0,0,"J1463_postknowledge","J5316_postknowledge",0,37,-0.499376761210493,1.75415731837517
"J1463 J5379",2,"J1463 J5379",2,"J1463","J5379","naive","naive","naive naive",2,NA,NA,0,"naive",-0.381279752025634,-1.32224958949097,-0.270286137471486,"J1463_J5379","postknowledge","J1463_J5379_postknowledge",0,0,"J1463_postknowledge","J5379_postknowledge",0,7,-0.499376761210493,-0.0341365038244718
"J1463 J5477",4,"J1463 J5477",4,"J1463","J5477","naive","naive","naive naive",5,NA,NA,0,"naive",-0.0308482374352854,1.67775041050903,0.342955431184714,"J1463_J5477","postknowledge","J1463_J5477_postknowledge",0,0,"J1463_postknowledge","J5477_postknowledge",0,36,-0.499376761210493,1.69454752430185
"J1463 J5582",3,"J1463 J5582",3,"J1463","J5582","naive","naive","naive naive",3,NA,NA,0,"naive",-0.264469247162184,-0.322249589490969,-0.0658722812527527,"J1463_J5582","postknowledge","J1463_J5582_postknowledge",0,0,"J1463_postknowledge","J5582_postknowledge",0,0,-0.499376761210493,-0.451405062337721
"J1463 J5584",3,"J1463 J5584",3,"J1463","J5584","naive","naive","naive naive",3,NA,NA,0,"naive",-0.264469247162184,-0.322249589490969,-0.0658722812527527,"J1463_J5584","postknowledge","J1463_J5584_postknowledge",0,0,"J1463_postknowledge","J5584_postknowledge",0,0,-0.499376761210493,-0.451405062337721
"J1463 J5645",4,"J1463 J5645",4,"J1463","J5645","naive","naive","naive naive",4,NA,NA,0,"naive",-0.147658742298735,0.677750410509031,0.138541574965981,"J1463_J5645","postknowledge","J1463_J5645_postknowledge",0,0,"J1463_postknowledge","J5645_postknowledge",0,0,-0.499376761210493,-0.451405062337721
"J1463 J5651",6,"J1463 J5651",6,"J1463","J5651","naive","naive","naive naive",6,NA,NA,0,"naive",0.0859622674281642,2.67775041050903,0.547369287403447,"J1463_J5651","postknowledge","J1463_J5651_postknowledge",0,0,"J1463_postknowledge","J5651_postknowledge",0,0,-0.499376761210493,-0.451405062337721
"J5740 J1463",2,"J5740 J1463",2,"J1463","J5740","naive","naive","naive naive",2,NA,NA,0,"naive",-0.381279752025634,-1.32224958949097,-0.270286137471486,"J1463_J5740","postknowledge","J1463_J5740_postknowledge",0,0,"J1463_postknowledge","J5740_postknowledge",0,0,-0.499376761210493,-0.451405062337721
"J5806 J1463",2,"J5806 J1463",2,"J1463","J5806","naive","naive","naive naive",2,NA,NA,0,"naive",-0.381279752025634,-1.32224958949097,-0.270286137471486,"J1463_J5806","postknowledge","J1463_J5806_postknowledge",0,0,"J1463_postknowledge","J5806_postknowledge",0,0,-0.499376761210493,-0.451405062337721
"J5810 J1463",20,"J5810 J1463",20,"J1463","J5810","knowledge","naive","knowledge naive",20,NA,NA,0,"knowledge",1.72130933551646,11.75,0.982558740509487,"J1463_J5810","postknowledge","J1463_J5810_postknowledge",0,0,"J1463_postknowledge","J5810_postknowledge",0,0,-0.499376761210493,-0.451405062337721
"J5827 J1463",1,"J5827 J1463",1,"J1463","J5827","naive","naive","naive naive",1,NA,NA,0,"naive",-0.498090256889084,-2.32224958949097,-0.474699993690219,"J1463_J5827","postknowledge","J1463_J5827_postknowledge",0,0,"J1463_postknowledge","J5827_postknowledge",0,0,-0.499376761210493,-0.451405062337721
"J5836 J1463",1,"J5836 J1463",1,"J1463","J5836","naive","naive","naive naive",1,NA,NA,0,"naive",-0.498090256889084,-2.32224958949097,-0.474699993690219,"J1463_J5836","postknowledge","J1463_J5836_postknowledge",0,0,"J1463_postknowledge","J5836_postknowledge",0,0,-0.499376761210493,-0.451405062337721
"J1463 J5874",6,"J1463 J5874",6,"J1463","J5874","naive","naive","naive naive",4,NA,NA,0,"naive",-0.147658742298735,0.677750410509031,0.138541574965981,"J1463_J5874","postknowledge","J1463_J5874_postknowledge",0,0,"J1463_postknowledge","J5874_postknowledge",0,0,-0.499376761210493,-0.451405062337721
"J1463 J5922",6,"J1463 J5922",6,"J1463","J5922","naive","naive","naive naive",5.5,NA,NA,0,"naive",0.0275570149964394,2.17775041050903,0.445162359294081,"J1463_J5922","postknowledge","J1463_J5922_postknowledge",0,0,"J1463_postknowledge","J5922_postknowledge",0,0,-0.499376761210493,-0.451405062337721
"J1463 J5939",8,"J1463 J5939",8,"J1463","J5939","naive","naive","naive naive",4.5,NA,NA,0,"naive",-0.0892534898670101,1.17775041050903,0.240748503075347,"J1463_J5939","postknowledge","J1463_J5939_postknowledge",0,0,"J1463_postknowledge","J5939_postknowledge",0,0,-0.499376761210493,-0.451405062337721
"J1463 J5963",1,"J1463 J5963",1,"J1463","J5963","naive","naive","naive naive",1,NA,NA,0,"naive",-0.498090256889084,-2.32224958949097,-0.474699993690219,"J1463_J5963","postknowledge","J1463_J5963_postknowledge",0,0,"J1463_postknowledge","J5963_postknowledge",0,0,-0.499376761210493,-0.451405062337721
"J1463 J5999",1,"J1463 J5999",1,"J1463","J5999","naive","naive","naive naive",1,NA,NA,0,"naive",-0.498090256889084,-2.32224958949097,-0.474699993690219,"J1463_J5999","postknowledge","J1463_J5999_postknowledge",0,0,"J1463_postknowledge","J5999_postknowledge",0,0,-0.499376761210493,-0.451405062337721
"J6000 J1463",2,"J6000 J1463",2,"J1463","J6000","naive","naive","naive naive",2,NA,NA,0,"naive",-0.381279752025634,-1.32224958949097,-0.270286137471486,"J1463_J6000","postknowledge","J1463_J6000_postknowledge",0,0,"J1463_postknowledge","J6000_postknowledge",0,0,-0.499376761210493,-0.451405062337721
"J664 J1463",6,"J664 J1463",6,"J1463","J664","knowledge","naive","knowledge naive",6,NA,NA,0,"knowledge",0.0859622674281642,-2.25,-0.188149546055008,"J1463_J664","postknowledge","J1463_J664_postknowledge",0,0,"J1463_postknowledge","J664_postknowledge",0,0,-0.499376761210493,-0.451405062337721
"J831 J1463",2,"J831 J1463",2,"J1463","J831","knowledge","naive","knowledge naive",2,NA,NA,0,"knowledge",-0.381279752025634,-6.25,-0.522637627930578,"J1463_J831","postknowledge","J1463_J831_postknowledge",0,0,"J1463_postknowledge","J831_postknowledge",0,0,-0.499376761210493,-0.451405062337721
"J1480 J1902",1,"J1480 J1902",1,"J1480","J1902","knowledge","naive","knowledge naive",1,NA,NA,0,"knowledge",-0.498090256889084,-7.25,-0.606259648399471,"J1480_J1902","postknowledge","J1480_J1902_postknowledge",0,0,"J1480_postknowledge","J1902_postknowledge",0,48,-0.499376761210493,2.4098650531817
"J1480 J2124",1,"J1480 J2124",1,"J1480","J2124","knowledge","naive","knowledge naive",1,NA,NA,0,"knowledge",-0.498090256889084,-7.25,-0.606259648399471,"J1480_J2124","postknowledge","J1480_J2124_postknowledge",0,0,"J1480_postknowledge","J2124_postknowledge",0,50,-0.499376761210493,2.52908464132835
"J1480 J2128",5,"J1480 J2128",5,"J1480","J2128","knowledge","knowledge","knowledge knowledge",7.5,NA,NA,0,"knowledge",0.261178024723339,1.65865384615385,0.336762097038937,"J1480_J2128","postknowledge","J1480_J2128_postknowledge",0,0,"J1480_postknowledge","J2128_postknowledge",0,0,-0.499376761210493,-0.451405062337721
"J1480 J2196",2,"J1480 J2196",2,"J1480","J2196","knowledge","naive","knowledge naive",2,NA,NA,0,"knowledge",-0.381279752025634,-6.25,-0.522637627930578,"J1480_J2196","postknowledge","J1480_J2196_postknowledge",0,0,"J1480_postknowledge","J2196_postknowledge",0,58,-0.499376761210493,3.00596299391492
"J1480 J2392",1,"J1480 J2392",1,"J1480","J2392","knowledge","naive","knowledge naive",1,NA,NA,0,"knowledge",-0.498090256889084,-7.25,-0.606259648399471,"J1480_J2392","postknowledge","J1480_J2392_postknowledge",0,0,"J1480_postknowledge","J2392_postknowledge",0,76,-0.499376761210493,4.0789392872347
"J1480 J2941",14,"J1480 J2941",14,"J1480","J2941","knowledge","naive","knowledge naive",14,0.03125,NA,1,"knowledge",1.02044630633576,5.75,0.480826617696132,"J1480_J2941","postknowledge","J1480_J2941_postknowledge",0,0,"J1480_postknowledge","J2941_postknowledge",0,0,-0.499376761210493,-0.451405062337721
"J1480 J2961",5,"J1480 J2961",5,"J1480","J2961","knowledge","naive","knowledge naive",5,0.0285714285714286,NA,1,"knowledge",-0.0308482374352854,-3.25,-0.271771566523901,"J1480_J2961","postknowledge","J1480_J2961_postknowledge",0,0,"J1480_postknowledge","J2961_postknowledge",0,0,-0.499376761210493,-0.451405062337721
"J1480 J3526",2,"J1480 J3526",2,"J1480","J3526","knowledge","naive","knowledge naive",2,0.0147058823529412,NA,1,"knowledge",-0.381279752025634,-6.25,-0.522637627930578,"J1480_J3526","postknowledge","J1480_J3526_postknowledge",0,0,"J1480_postknowledge","J3526_postknowledge",0,0,-0.499376761210493,-0.451405062337721
"J1480 J3753",2,"J1480 J3753",2,"J1480","J3753","knowledge","naive","knowledge naive",2,NA,NA,0,"knowledge",-0.381279752025634,-6.25,-0.522637627930578,"J1480_J3753","postknowledge","J1480_J3753_postknowledge",0,0,"J1480_postknowledge","J3753_postknowledge",0,17,-0.499376761210493,0.561961436908741
"J1480 J3987",1,"J1480 J3987",1,"J1480","J3987","knowledge","knowledge","knowledge knowledge",5.5,NA,NA,0,"knowledge",0.0275570149964394,-0.341346153846154,-0.0693046634485929,"J1480_J3987","postknowledge","J1480_J3987_postknowledge",0,0,"J1480_postknowledge","J3987_postknowledge",0,11,-0.499376761210493,0.204302672468813
"J1480 J4044",8,"J1480 J4044",8,"J1480","J4044","knowledge","naive","knowledge naive",8,NA,NA,0,"knowledge",0.319583277155063,-0.25,-0.0209055051172231,"J1480_J4044","postknowledge","J1480_J4044_postknowledge",0,0,"J1480_postknowledge","J4044_postknowledge",0,0,-0.499376761210493,-0.451405062337721
"J1480 J4104",5,"J1480 J4104",5,"J1480","J4104","knowledge","naive","knowledge naive",5,NA,NA,0,"knowledge",-0.0308482374352854,-3.25,-0.271771566523901,"J1480_J4104","postknowledge","J1480_J4104_postknowledge",0,0,"J1480_postknowledge","J4104_postknowledge",0,0,-0.499376761210493,-0.451405062337721
"J1480 J4151",9,"J1480 J4151",9,"J1480","J4151","knowledge","naive","knowledge naive",9,NA,NA,0,"knowledge",0.436393782018513,0.75,0.0627165153516694,"J1480_J4151","postknowledge","J1480_J4151_postknowledge",0,0,"J1480_postknowledge","J4151_postknowledge",0,26,-0.499376761210493,1.09844958356863
"J1480 J4304",7,"J1480 J4304",7,"J1480","J4304","knowledge","knowledge","knowledge knowledge",7.5,NA,NA,0,"knowledge",0.261178024723339,1.65865384615385,0.336762097038937,"J1480_J4304","postknowledge","J1480_J4304_postknowledge",0,0,"J1480_postknowledge","J4304_postknowledge",0,0,-0.499376761210493,-0.451405062337721
"J1480 J4951",13,"J1480 J4951",13,"J1480","J4951","knowledge","naive","knowledge naive",13,NA,NA,0,"knowledge",0.903635801472311,4.75,0.397204597227239,"J1480_J4951","postknowledge","J1480_J4951_postknowledge",0,0,"J1480_postknowledge","J4951_postknowledge",0,0,-0.499376761210493,-0.451405062337721
"J1480 J4961",1,"J1480 J4961",1,"J1480","J4961","knowledge","naive","knowledge naive",1,NA,NA,0,"knowledge",-0.498090256889084,-7.25,-0.606259648399471,"J1480_J4961","postknowledge","J1480_J4961_postknowledge",0,0,"J1480_postknowledge","J4961_postknowledge",0,0,-0.499376761210493,-0.451405062337721
"J1480 J5006",1,"J1480 J5006",1,"J1480","J5006","knowledge","naive","knowledge naive",1,NA,NA,0,"knowledge",-0.498090256889084,-7.25,-0.606259648399471,"J1480_J5006","postknowledge","J1480_J5006_postknowledge",0,0,"J1480_postknowledge","J5006_postknowledge",0,16,-0.499376761210493,0.50235164283542
"J1480 J505",116,"J1480 J505",116,"J1480","J505","knowledge","naive","knowledge naive",116,0.0714285714285714,NA,1,"knowledge",12.9351178024076,107.75,9.01027270552317,"J1480_J505","postknowledge","J1480_J505_postknowledge",0,0,"J1480_postknowledge","J505_postknowledge",0,22,-0.499376761210493,0.860010407275348
"J1480 J5056",3,"J1480 J5056",3,"J1480","J5056","knowledge","naive","knowledge naive",3,0.0169491525423729,NA,1,"knowledge",-0.264469247162184,-5.25,-0.439015607461686,"J1480_J5056","postknowledge","J1480_J5056_postknowledge",0,0,"J1480_postknowledge","J5056_postknowledge",0,0,-0.499376761210493,-0.451405062337721
"J1480 J5074",1,"J1480 J5074",1,"J1480","J5074","knowledge","knowledge","knowledge knowledge",1,NA,NA,0,"knowledge",-0.498090256889084,-4.84134615384615,-0.982954874545535,"J1480_J5074","postknowledge","J1480_J5074_postknowledge",0,0,"J1480_postknowledge","J5074_postknowledge",0,59,-0.499376761210493,3.06557278798824
"J1480 J5087",4,"J1480 J5087",4,"J1480","J5087","knowledge","naive","knowledge naive",4,NA,NA,0,"knowledge",-0.147658742298735,-4.25,-0.355393586992793,"J1480_J5087","postknowledge","J1480_J5087_postknowledge",0,0,"J1480_postknowledge","J5087_postknowledge",0,0,-0.499376761210493,-0.451405062337721
"J1480 J5089",9,"J1480 J5089",9,"J1480","J5089","knowledge","knowledge","knowledge knowledge",6.5,0.0133333333333333,NA,1,"knowledge",0.144367519859889,0.658653846153846,0.133728716795172,"J1480_J5089","postknowledge","J1480_J5089_postknowledge",0,0,"J1480_postknowledge","J5089_postknowledge",0,0,-0.499376761210493,-0.451405062337721
"J1480 J5222",3,"J1480 J5222",3,"J1480","J5222","knowledge","naive","knowledge naive",3,NA,NA,0,"knowledge",-0.264469247162184,-5.25,-0.439015607461686,"J1480_J5222","postknowledge","J1480_J5222_postknowledge",0,0,"J1480_postknowledge","J5222_postknowledge",0,11,-0.499376761210493,0.204302672468813
"J1480 J5595",1,"J1480 J5595",1,"J1480","J5595","knowledge","naive","knowledge naive",1,0.0161290322580645,NA,1,"knowledge",-0.498090256889084,-7.25,-0.606259648399471,"J1480_J5595","postknowledge","J1480_J5595_postknowledge",0,0,"J1480_postknowledge","J5595_postknowledge",0,45,-0.499376761210493,2.23103567096174
"J1480 J5645",5,"J1480 J5645",5,"J1480","J5645","knowledge","naive","knowledge naive",5,0.0163934426229508,NA,1,"knowledge",-0.0308482374352854,-3.25,-0.271771566523901,"J1480_J5645","postknowledge","J1480_J5645_postknowledge",0,0,"J1480_postknowledge","J5645_postknowledge",0,0,-0.499376761210493,-0.451405062337721
"J1480 J5694",2,"J1480 J5694",2,"J1480","J5694","knowledge","knowledge","knowledge knowledge",2,NA,NA,0,"knowledge",-0.381279752025634,-3.84134615384615,-0.77992149430177,"J1480_J5694","postknowledge","J1480_J5694_postknowledge",0,0,"J1480_postknowledge","J5694_postknowledge",0,0,-0.499376761210493,-0.451405062337721
"J1480 J5695",19,"J1480 J5695",19,"J1480","J5695","knowledge","knowledge","knowledge knowledge",11,0.0188679245283019,NA,1,"knowledge",0.670014791745412,5.15865384615385,1.04737892789211,"J1480_J5695","postknowledge","J1480_J5695_postknowledge",0,0,"J1480_postknowledge","J5695_postknowledge",0,0,-0.499376761210493,-0.451405062337721
"J1480 J5723A",2,"J1480 J5723A",2,"J1480","J5723A","knowledge","naive","knowledge naive",2,NA,NA,0,"knowledge",-0.381279752025634,-6.25,-0.522637627930578,"J1480_J5723A","postknowledge","J1480_J5723A_postknowledge",0,0,"J1480_postknowledge","J5723A_postknowledge",0,0,-0.499376761210493,-0.451405062337721
"J5730 J1480",2,"J5730 J1480",2,"J1480","J5730","knowledge","knowledge","knowledge knowledge",2,NA,NA,0,"knowledge",-0.381279752025634,-3.84134615384615,-0.77992149430177,"J1480_J5730","postknowledge","J1480_J5730_postknowledge",0,0,"J1480_postknowledge","J5730_postknowledge",0,0,-0.499376761210493,-0.451405062337721
"J1480 J5763",3,"J1480 J5763",3,"J1480","J5763","knowledge","naive","knowledge naive",3,0.0106382978723404,NA,1,"knowledge",-0.264469247162184,-5.25,-0.439015607461686,"J1480_J5763","postknowledge","J1480_J5763_postknowledge",0,0,"J1480_postknowledge","J5763_postknowledge",0,0,-0.499376761210493,-0.451405062337721
"J1480 J5766",2,"J1480 J5766",2,"J1480","J5766","knowledge","naive","knowledge naive",2,NA,NA,0,"knowledge",-0.381279752025634,-6.25,-0.522637627930578,"J1480_J5766","postknowledge","J1480_J5766_postknowledge",0,0,"J1480_postknowledge","J5766_postknowledge",0,0,-0.499376761210493,-0.451405062337721
"J1480 J6036",2,"J1480 J6036",2,"J1480","J6036","knowledge","naive","knowledge naive",2,NA,NA,0,"knowledge",-0.381279752025634,-6.25,-0.522637627930578,"J1480_J6036","postknowledge","J1480_J6036_postknowledge",0,0,"J1480_postknowledge","J6036_postknowledge",0,0,-0.499376761210493,-0.451405062337721
"J1480 J6043",3,"J1480 J6043",3,"J1480","J6043","knowledge","naive","knowledge naive",3,NA,NA,0,"knowledge",-0.264469247162184,-5.25,-0.439015607461686,"J1480_J6043","postknowledge","J1480_J6043_postknowledge",0,0,"J1480_postknowledge","J6043_postknowledge",0,0,-0.499376761210493,-0.451405062337721
"J1480 J6056",1,"J1480 J6056",1,"J1480","J6056","knowledge","naive","knowledge naive",1,NA,NA,0,"knowledge",-0.498090256889084,-7.25,-0.606259648399471,"J1480_J6056","postknowledge","J1480_J6056_postknowledge",0,0,"J1480_postknowledge","J6056_postknowledge",0,0,-0.499376761210493,-0.451405062337721
"J1480 J972",1,"J1480 J972",1,"J1480","J972","knowledge","naive","knowledge naive",1,NA,NA,0,"knowledge",-0.498090256889084,-7.25,-0.606259648399471,"J1480_J972","postknowledge","J1480_J972_postknowledge",0,0,"J1480_postknowledge","J972_postknowledge",0,0,-0.499376761210493,-0.451405062337721
"J1529 J2128",2,"J1529 J2128",2,"J1529","J2128","knowledge","knowledge","knowledge knowledge",2,NA,NA,0,"knowledge",-0.381279752025634,-3.84134615384615,-0.77992149430177,"J1529_J2128","postknowledge","J1529_J2128_postknowledge",0,0,"J1529_postknowledge","J2128_postknowledge",95,0,3.72512149456669,-0.451405062337721
"J1529 J2941",21,"J1529 J2941",21,"J1529","J2941","knowledge","naive","knowledge naive",21,0.0116279069767442,NA,1,"knowledge",1.83811984037991,12.75,1.06618076097838,"J1529_J2941","postknowledge","J1529_J2941_postknowledge",0,0,"J1529_postknowledge","J2941_postknowledge",95,0,3.72512149456669,-0.451405062337721
"J1529 J2961",1,"J1529 J2961",1,"J1529","J2961","knowledge","naive","knowledge naive",1,0.00558659217877095,NA,1,"knowledge",-0.498090256889084,-7.25,-0.606259648399471,"J1529_J2961","postknowledge","J1529_J2961_postknowledge",0,0,"J1529_postknowledge","J2961_postknowledge",95,0,3.72512149456669,-0.451405062337721
"J1529 J3526",1,"J1529 J3526",1,"J1529","J3526","knowledge","naive","knowledge naive",1,0.0114285714285714,NA,1,"knowledge",-0.498090256889084,-7.25,-0.606259648399471,"J1529_J3526","postknowledge","J1529_J3526_postknowledge",0,0,"J1529_postknowledge","J3526_postknowledge",95,0,3.72512149456669,-0.451405062337721
"J1529 J3718",2,"J1529 J3718",2,"J1529","J3718","knowledge","naive","knowledge naive",2,NA,NA,0,"knowledge",-0.381279752025634,-6.25,-0.522637627930578,"J1529_J3718","postknowledge","J1529_J3718_postknowledge",0,0,"J1529_postknowledge","J3718_postknowledge",95,0,3.72512149456669,-0.451405062337721
"J1529 J3753",7,"J1529 J3753",7,"J1529","J3753","knowledge","naive","knowledge naive",7,NA,NA,0,"knowledge",0.202772772291614,-1.25,-0.104527525586116,"J1529_J3753","postknowledge","J1529_J3753_postknowledge",0,0,"J1529_postknowledge","J3753_postknowledge",95,17,3.72512149456669,0.561961436908741
"J1529 J3899",1,"J1529 J3899",1,"J1529","J3899","knowledge","naive","knowledge naive",1,NA,NA,0,"knowledge",-0.498090256889084,-7.25,-0.606259648399471,"J1529_J3899","postknowledge","J1529_J3899_postknowledge",0,0,"J1529_postknowledge","J3899_postknowledge",95,13,3.72512149456669,0.323522260615456
"J1529 J3987",9,"J1529 J3987",9,"J1529","J3987","knowledge","knowledge","knowledge knowledge",5.5,NA,NA,0,"knowledge",0.0275570149964394,-0.341346153846154,-0.0693046634485929,"J1529_J3987","postknowledge","J1529_J3987_postknowledge",1,1,"J1529_postknowledge","J3987_postknowledge",95,11,3.72512149456669,0.204302672468813
"J1529 J4104",15,"J1529 J4104",15,"J1529","J4104","knowledge","naive","knowledge naive",15,0.00704225352112676,NA,1,"knowledge",1.13725681119921,6.75,0.564448638165024,"J1529_J4104","postknowledge","J1529_J4104_postknowledge",0,0,"J1529_postknowledge","J4104_postknowledge",95,0,3.72512149456669,-0.451405062337721
"J1529 J4715",6,"J1529 J4715",6,"J1529","J4715","knowledge","naive","knowledge naive",6,NA,NA,0,"knowledge",0.0859622674281642,-2.25,-0.188149546055008,"J1529_J4715","postknowledge","J1529_J4715_postknowledge",0,0,"J1529_postknowledge","J4715_postknowledge",95,3,3.72512149456669,-0.272575680117757
"J1529 J4776",2,"J1529 J4776",2,"J1529","J4776","knowledge","naive","knowledge naive",2,NA,NA,0,"knowledge",-0.381279752025634,-6.25,-0.522637627930578,"J1529_J4776","postknowledge","J1529_J4776_postknowledge",0,0,"J1529_postknowledge","J4776_postknowledge",95,3,3.72512149456669,-0.272575680117757
"J1529 J4951",9,"J1529 J4951",9,"J1529","J4951","knowledge","naive","knowledge naive",9,NA,NA,0,"knowledge",0.436393782018513,0.75,0.0627165153516694,"J1529_J4951","postknowledge","J1529_J4951_postknowledge",0,0,"J1529_postknowledge","J4951_postknowledge",95,0,3.72512149456669,-0.451405062337721
"J1529 J5087",13,"J1529 J5087",13,"J1529","J5087","knowledge","naive","knowledge naive",13,NA,NA,0,"knowledge",0.903635801472311,4.75,0.397204597227239,"J1529_J5087","postknowledge","J1529_J5087_postknowledge",0,0,"J1529_postknowledge","J5087_postknowledge",95,0,3.72512149456669,-0.451405062337721
"J1529 J5121",1,"J1529 J5121",1,"J1529","J5121","knowledge","knowledge","knowledge knowledge",2,NA,NA,0,"knowledge",-0.381279752025634,-3.84134615384615,-0.77992149430177,"J1529_J5121","postknowledge","J1529_J5121_postknowledge",0,0,"J1529_postknowledge","J5121_postknowledge",95,25,3.72512149456669,1.03883978949531
"J1529 J5222",3,"J1529 J5222",3,"J1529","J5222","knowledge","naive","knowledge naive",3,NA,NA,0,"knowledge",-0.264469247162184,-5.25,-0.439015607461686,"J1529_J5222","postknowledge","J1529_J5222_postknowledge",0,0,"J1529_postknowledge","J5222_postknowledge",95,11,3.72512149456669,0.204302672468813
"J1529 J5271",4,"J1529 J5271",4,"J1529","J5271","knowledge","naive","knowledge naive",4,NA,NA,0,"knowledge",-0.147658742298735,-4.25,-0.355393586992793,"J1529_J5271","postknowledge","J1529_J5271_postknowledge",0,0,"J1529_postknowledge","J5271_postknowledge",95,9,3.72512149456669,0.0850830843221708
"J1529 J5595",2,"J1529 J5595",2,"J1529","J5595","knowledge","naive","knowledge naive",2,0.00588235294117647,NA,1,"knowledge",-0.381279752025634,-6.25,-0.522637627930578,"J1529_J5595","postknowledge","J1529_J5595_postknowledge",3,1,"J1529_postknowledge","J5595_postknowledge",95,45,3.72512149456669,2.23103567096174
"J1529 J5694",3,"J1529 J5694",3,"J1529","J5694","knowledge","knowledge","knowledge knowledge",3,NA,NA,0,"knowledge",-0.264469247162184,-2.84134615384615,-0.576888114058005,"J1529_J5694","postknowledge","J1529_J5694_postknowledge",0,0,"J1529_postknowledge","J5694_postknowledge",95,0,3.72512149456669,-0.451405062337721
"J1529 J5695",3,"J1529 J5695",3,"J1529","J5695","knowledge","knowledge","knowledge knowledge",6,0.0125,NA,1,"knowledge",0.0859622674281642,0.158653846153846,0.0322120266732896,"J1529_J5695","postknowledge","J1529_J5695_postknowledge",0,0,"J1529_postknowledge","J5695_postknowledge",95,0,3.72512149456669,-0.451405062337721
"J1529 J5723A",2,"J1529 J5723A",2,"J1529","J5723A","knowledge","naive","knowledge naive",2,NA,NA,0,"knowledge",-0.381279752025634,-6.25,-0.522637627930578,"J1529_J5723A","postknowledge","J1529_J5723A_postknowledge",0,0,"J1529_postknowledge","J5723A_postknowledge",95,0,3.72512149456669,-0.451405062337721
"J1529 J5724",3,"J1529 J5724",3,"J1529","J5724","knowledge","naive","knowledge naive",3,NA,NA,0,"knowledge",-0.264469247162184,-5.25,-0.439015607461686,"J1529_J5724","postknowledge","J1529_J5724_postknowledge",0,0,"J1529_postknowledge","J5724_postknowledge",95,0,3.72512149456669,-0.451405062337721
"J1529 J5766",7,"J1529 J5766",7,"J1529","J5766","knowledge","naive","knowledge naive",7,NA,NA,0,"knowledge",0.202772772291614,-1.25,-0.104527525586116,"J1529_J5766","postknowledge","J1529_J5766_postknowledge",0,0,"J1529_postknowledge","J5766_postknowledge",95,0,3.72512149456669,-0.451405062337721
"J1529 J5804",15,"J1529 J5804",15,"J1529","J5804","knowledge","naive","knowledge naive",15,NA,NA,0,"knowledge",1.13725681119921,6.75,0.564448638165024,"J1529_J5804","postknowledge","J1529_J5804_postknowledge",NA,NA,"J1529_postknowledge","J5804_postknowledge",95,NA,3.72512149456669,NA
"J1529 J6036",1,"J1529 J6036",1,"J1529","J6036","knowledge","naive","knowledge naive",1,NA,NA,0,"knowledge",-0.498090256889084,-7.25,-0.606259648399471,"J1529_J6036","postknowledge","J1529_J6036_postknowledge",0,0,"J1529_postknowledge","J6036_postknowledge",95,0,3.72512149456669,-0.451405062337721
"J1529 J6042",2,"J1529 J6042",2,"J1529","J6042","knowledge","naive","knowledge naive",2,NA,NA,0,"knowledge",-0.381279752025634,-6.25,-0.522637627930578,"J1529_J6042","postknowledge","J1529_J6042_postknowledge",0,0,"J1529_postknowledge","J6042_postknowledge",95,0,3.72512149456669,-0.451405062337721
"J1529 J6057",2,"J1529 J6057",2,"J1529","J6057","knowledge","naive","knowledge naive",2,NA,NA,0,"knowledge",-0.381279752025634,-6.25,-0.522637627930578,"J1529_J6057","postknowledge","J1529_J6057_postknowledge",0,0,"J1529_postknowledge","J6057_postknowledge",95,0,3.72512149456669,-0.451405062337721
"J1529 J972",4,"J1529 J972",4,"J1529","J972","knowledge","naive","knowledge naive",4,NA,NA,0,"knowledge",-0.147658742298735,-4.25,-0.355393586992793,"J1529_J972","postknowledge","J1529_J972_postknowledge",0,0,"J1529_postknowledge","J972_postknowledge",95,0,3.72512149456669,-0.451405062337721
"J1618 J5056",2,"J1618 J5056",2,"J1618","J5056","naive","naive","naive naive",4,0.120689655172414,NA,1,"naive",-0.147658742298735,0.677750410509031,0.138541574965981,"J1618_J5056","postknowledge","J1618_J5056_postknowledge",0,0,"J1618_postknowledge","J5056_postknowledge",35,0,1.05701733302321,-0.451405062337721
"J5694 J1618",2,"J5694 J1618",2,"J1618","J5694","knowledge","naive","knowledge naive",2,NA,NA,0,"knowledge",-0.381279752025634,-6.25,-0.522637627930578,"J1618_J5694","postknowledge","J1618_J5694_postknowledge",0,0,"J1618_postknowledge","J5694_postknowledge",35,0,1.05701733302321,-0.451405062337721
"J5716B J1618",2,"J5716B J1618",2,"J1618","J5716B","naive","naive","naive naive",2,NA,NA,0,"naive",-0.381279752025634,-1.32224958949097,-0.270286137471486,"J1618_J5716B","postknowledge","J1618_J5716B_postknowledge",0,0,"J1618_postknowledge","J5716B_postknowledge",35,0,1.05701733302321,-0.451405062337721
"J1623 J1902",1,"J1623 J1902",1,"J1623","J1902","naive","naive","naive naive",1,NA,NA,0,"naive",-0.498090256889084,-2.32224958949097,-0.474699993690219,"J1623_J1902","postknowledge","J1623_J1902_postknowledge",0,0,"J1623_postknowledge","J1902_postknowledge",10,48,-0.0546927342865789,2.4098650531817
"J2039 J1623",2,"J2039 J1623",2,"J1623","J2039","naive","naive","naive naive",2,NA,NA,0,"naive",-0.381279752025634,-1.32224958949097,-0.270286137471486,"J1623_J2039","postknowledge","J1623_J2039_postknowledge",0,0,"J1623_postknowledge","J2039_postknowledge",10,6,-0.0546927342865789,-0.0937462978977931
"J1623 J2168",1,"J1623 J2168",1,"J1623","J2168","naive","naive","naive naive",1,NA,NA,0,"naive",-0.498090256889084,-2.32224958949097,-0.474699993690219,"J1623_J2168","postknowledge","J1623_J2168_postknowledge",0,0,"J1623_postknowledge","J2168_postknowledge",10,49,-0.0546927342865789,2.46947484725502
"J3759 J1623",2,"J3759 J1623",2,"J1623","J3759","knowledge","naive","knowledge naive",2,NA,NA,0,"knowledge",-0.381279752025634,-6.25,-0.522637627930578,"J1623_J3759","postknowledge","J1623_J3759_postknowledge",3,1,"J1623_postknowledge","J3759_postknowledge",10,44,-0.0546927342865789,2.17142587688842
"J3987 J1623",2,"J3987 J1623",2,"J1623","J3987","knowledge","naive","knowledge naive",2,NA,NA,0,"knowledge",-0.381279752025634,-6.25,-0.522637627930578,"J1623_J3987","postknowledge","J1623_J3987_postknowledge",0,0,"J1623_postknowledge","J3987_postknowledge",10,11,-0.0546927342865789,0.204302672468813
"J4304 J1623",10,"J4304 J1623",10,"J1623","J4304","knowledge","naive","knowledge naive",10,NA,NA,0,"knowledge",0.553204286881962,1.75,0.146338535820562,"J1623_J4304","postknowledge","J1623_J4304_postknowledge",0,0,"J1623_postknowledge","J4304_postknowledge",10,0,-0.0546927342865789,-0.451405062337721
"J4715 J1623",2,"J4715 J1623",2,"J1623","J4715","naive","naive","naive naive",2,NA,NA,0,"naive",-0.381279752025634,-1.32224958949097,-0.270286137471486,"J1623_J4715","postknowledge","J1623_J4715_postknowledge",0,0,"J1623_postknowledge","J4715_postknowledge",10,3,-0.0546927342865789,-0.272575680117757
"J595 J1623",10,"J595 J1623",10,"J1623","J595","naive","naive","naive naive",10,NA,NA,0,"naive",0.553204286881962,6.67775041050903,1.36502471227838,"J1623_J595","postknowledge","J1623_J595_postknowledge",0,0,"J1623_postknowledge","J595_postknowledge",10,1,-0.0546927342865789,-0.3917952682644
"J1627 J1916",9,"J1627 J1916",9,"J1627","J1916","knowledge","naive","knowledge naive",9,NA,NA,0,"knowledge",0.436393782018513,0.75,0.0627165153516694,"J1627_J1916","postknowledge","J1627_J1916_postknowledge",0,0,"J1627_postknowledge","J1916_postknowledge",0,0,-0.499376761210493,-0.451405062337721
"J1627 J1973",18,"J1627 J1973",18,"J1627","J1973","knowledge","naive","knowledge naive",18,NA,NA,0,"knowledge",1.48768832578956,9.75,0.815314699571702,"J1627_J1973","postknowledge","J1627_J1973_postknowledge",0,0,"J1627_postknowledge","J1973_postknowledge",0,0,-0.499376761210493,-0.451405062337721
"J1627 J2377",16,"J1627 J2377",16,"J1627","J2377","knowledge","naive","knowledge naive",16,NA,NA,0,"knowledge",1.25406731606266,7.75,0.648070658633917,"J1627_J2377","postknowledge","J1627_J2377_postknowledge",0,0,"J1627_postknowledge","J2377_postknowledge",0,1,-0.499376761210493,-0.3917952682644
"J1627 J2701",5,"J1627 J2701",5,"J1627","J2701","knowledge","naive","knowledge naive",5,NA,NA,0,"knowledge",-0.0308482374352854,-3.25,-0.271771566523901,"J1627_J2701","postknowledge","J1627_J2701_postknowledge",0,0,"J1627_postknowledge","J2701_postknowledge",0,0,-0.499376761210493,-0.451405062337721
"J1627 J3884",6,"J1627 J3884",6,"J1627","J3884","knowledge","naive","knowledge naive",6,NA,NA,0,"knowledge",0.0859622674281642,-2.25,-0.188149546055008,"J1627_J3884","postknowledge","J1627_J3884_postknowledge",0,0,"J1627_postknowledge","J3884_postknowledge",0,3,-0.499376761210493,-0.272575680117757
"J1627 J4001",2,"J1627 J4001",2,"J1627","J4001","knowledge","naive","knowledge naive",2,NA,NA,0,"knowledge",-0.381279752025634,-6.25,-0.522637627930578,"J1627_J4001","postknowledge","J1627_J4001_postknowledge",0,0,"J1627_postknowledge","J4001_postknowledge",0,1,-0.499376761210493,-0.3917952682644
"J1627 J4011",8,"J1627 J4011",8,"J1627","J4011","knowledge","naive","knowledge naive",8,NA,NA,0,"knowledge",0.319583277155063,-0.25,-0.0209055051172231,"J1627_J4011","postknowledge","J1627_J4011_postknowledge",0,0,"J1627_postknowledge","J4011_postknowledge",0,0,-0.499376761210493,-0.451405062337721
"J4162 J1627",1,"J4162 J1627",1,"J1627","J4162","knowledge","knowledge","knowledge knowledge",1,NA,NA,0,"knowledge",-0.498090256889084,-4.84134615384615,-0.982954874545535,"J1627_J4162","postknowledge","J1627_J4162_postknowledge",0,0,"J1627_postknowledge","J4162_postknowledge",0,3,-0.499376761210493,-0.272575680117757
"J1627 J4315",4,"J1627 J4315",4,"J1627","J4315","knowledge","knowledge","knowledge knowledge",4,NA,NA,0,"knowledge",-0.147658742298735,-1.84134615384615,-0.37385473381424,"J1627_J4315","postknowledge","J1627_J4315_postknowledge",0,0,"J1627_postknowledge","J4315_postknowledge",0,9,-0.499376761210493,0.0850830843221708
"J1627 J4514",1,"J1627 J4514",1,"J1627","J4514","knowledge","knowledge","knowledge knowledge",1,NA,NA,0,"knowledge",-0.498090256889084,-4.84134615384615,-0.982954874545535,"J1627_J4514","postknowledge","J1627_J4514_postknowledge",0,0,"J1627_postknowledge","J4514_postknowledge",0,18,-0.499376761210493,0.621571230982063
"J1627 J4967",5,"J1627 J4967",5,"J1627","J4967","knowledge","knowledge","knowledge knowledge",3.5,NA,NA,0,"knowledge",-0.20606399473046,-2.34134615384615,-0.475371423936123,"J1627_J4967","postknowledge","J1627_J4967_postknowledge",0,0,"J1627_postknowledge","J4967_postknowledge",0,3,-0.499376761210493,-0.272575680117757
"J1627 J5017",2,"J1627 J5017",2,"J1627","J5017","knowledge","naive","knowledge naive",2,NA,NA,0,"knowledge",-0.381279752025634,-6.25,-0.522637627930578,"J1627_J5017","postknowledge","J1627_J5017_postknowledge",0,0,"J1627_postknowledge","J5017_postknowledge",0,0,-0.499376761210493,-0.451405062337721
"J1627 J5043",22,"J1627 J5043",22,"J1627","J5043","knowledge","naive","knowledge naive",22,NA,NA,0,"knowledge",1.95493034524336,13.75,1.14980278144727,"J1627_J5043","postknowledge","J1627_J5043_postknowledge",0,0,"J1627_postknowledge","J5043_postknowledge",0,2,-0.499376761210493,-0.332185474191078
"J1627 J5068",1,"J1627 J5068",1,"J1627","J5068","knowledge","naive","knowledge naive",1,NA,NA,0,"knowledge",-0.498090256889084,-7.25,-0.606259648399471,"J1627_J5068","postknowledge","J1627_J5068_postknowledge",0,0,"J1627_postknowledge","J5068_postknowledge",0,0,-0.499376761210493,-0.451405062337721
"J1627 J5146",12,"J1627 J5146",12,"J1627","J5146","knowledge","knowledge","knowledge knowledge",12,NA,NA,0,"knowledge",0.786825296608862,6.15865384615385,1.25041230813588,"J1627_J5146","postknowledge","J1627_J5146_postknowledge",0,0,"J1627_postknowledge","J5146_postknowledge",0,4,-0.499376761210493,-0.212965886044436
"J1627 J5309",8,"J1627 J5309",8,"J1627","J5309","knowledge","naive","knowledge naive",8,NA,NA,0,"knowledge",0.319583277155063,-0.25,-0.0209055051172231,"J1627_J5309","postknowledge","J1627_J5309_postknowledge",0,0,"J1627_postknowledge","J5309_postknowledge",0,18,-0.499376761210493,0.621571230982063
"J1627 J5477",12,"J1627 J5477",12,"J1627","J5477","knowledge","naive","knowledge naive",12,NA,NA,0,"knowledge",0.786825296608862,3.75,0.313582576758347,"J1627_J5477","postknowledge","J1627_J5477_postknowledge",0,0,"J1627_postknowledge","J5477_postknowledge",0,36,-0.499376761210493,1.69454752430185
"J1627 J5582",6,"J1627 J5582",6,"J1627","J5582","knowledge","naive","knowledge naive",6,NA,NA,0,"knowledge",0.0859622674281642,-2.25,-0.188149546055008,"J1627_J5582","postknowledge","J1627_J5582_postknowledge",0,0,"J1627_postknowledge","J5582_postknowledge",0,0,-0.499376761210493,-0.451405062337721
"J1627 J5607",4,"J1627 J5607",4,"J1627","J5607","knowledge","naive","knowledge naive",4,NA,NA,0,"knowledge",-0.147658742298735,-4.25,-0.355393586992793,"J1627_J5607","postknowledge","J1627_J5607_postknowledge",0,0,"J1627_postknowledge","J5607_postknowledge",0,26,-0.499376761210493,1.09844958356863
"J1627 J5651",9,"J1627 J5651",9,"J1627","J5651","knowledge","naive","knowledge naive",9,NA,NA,0,"knowledge",0.436393782018513,0.75,0.0627165153516694,"J1627_J5651","postknowledge","J1627_J5651_postknowledge",0,0,"J1627_postknowledge","J5651_postknowledge",0,0,-0.499376761210493,-0.451405062337721
"J1627 J5658",6,"J1627 J5658",6,"J1627","J5658","knowledge","naive","knowledge naive",6,NA,NA,0,"knowledge",0.0859622674281642,-2.25,-0.188149546055008,"J1627_J5658","postknowledge","J1627_J5658_postknowledge",0,0,"J1627_postknowledge","J5658_postknowledge",0,0,-0.499376761210493,-0.451405062337721
"J1627 J5694",5,"J1627 J5694",5,"J1627","J5694","knowledge","knowledge","knowledge knowledge",5,NA,NA,0,"knowledge",-0.0308482374352854,-0.841346153846154,-0.170821353570475,"J1627_J5694","postknowledge","J1627_J5694_postknowledge",0,0,"J1627_postknowledge","J5694_postknowledge",0,0,-0.499376761210493,-0.451405062337721
"J1627 J5697",1,"J1627 J5697",1,"J1627","J5697","knowledge","naive","knowledge naive",1,NA,NA,0,"knowledge",-0.498090256889084,-7.25,-0.606259648399471,"J1627_J5697","postknowledge","J1627_J5697_postknowledge",0,0,"J1627_postknowledge","J5697_postknowledge",0,0,-0.499376761210493,-0.451405062337721
"J1627 J5740",13,"J1627 J5740",13,"J1627","J5740","knowledge","naive","knowledge naive",13,NA,NA,0,"knowledge",0.903635801472311,4.75,0.397204597227239,"J1627_J5740","postknowledge","J1627_J5740_postknowledge",0,0,"J1627_postknowledge","J5740_postknowledge",0,0,-0.499376761210493,-0.451405062337721
"J1627 J5809",5,"J1627 J5809",5,"J1627","J5809","knowledge","naive","knowledge naive",5,NA,NA,0,"knowledge",-0.0308482374352854,-3.25,-0.271771566523901,"J1627_J5809","postknowledge","J1627_J5809_postknowledge",0,0,"J1627_postknowledge","J5809_postknowledge",0,0,-0.499376761210493,-0.451405062337721
"J1627 J5810",25,"J1627 J5810",25,"J1627","J5810","knowledge","knowledge","knowledge knowledge",13.5,NA,NA,0,"knowledge",0.962041053904036,7.65865384615385,1.55496237850153,"J1627_J5810","postknowledge","J1627_J5810_postknowledge",0,0,"J1627_postknowledge","J5810_postknowledge",0,0,-0.499376761210493,-0.451405062337721
"J1627 J5827",5,"J1627 J5827",5,"J1627","J5827","knowledge","naive","knowledge naive",5,NA,NA,0,"knowledge",-0.0308482374352854,-3.25,-0.271771566523901,"J1627_J5827","postknowledge","J1627_J5827_postknowledge",0,0,"J1627_postknowledge","J5827_postknowledge",0,0,-0.499376761210493,-0.451405062337721
"J1627 J5874",3,"J1627 J5874",3,"J1627","J5874","knowledge","naive","knowledge naive",3,NA,NA,0,"knowledge",-0.264469247162184,-5.25,-0.439015607461686,"J1627_J5874","postknowledge","J1627_J5874_postknowledge",0,0,"J1627_postknowledge","J5874_postknowledge",0,0,-0.499376761210493,-0.451405062337721
"J1627 J5939",9,"J1627 J5939",9,"J1627","J5939","knowledge","naive","knowledge naive",9,NA,NA,0,"knowledge",0.436393782018513,0.75,0.0627165153516694,"J1627_J5939","postknowledge","J1627_J5939_postknowledge",0,0,"J1627_postknowledge","J5939_postknowledge",0,0,-0.499376761210493,-0.451405062337721
"J1627 J5986",1,"J1627 J5986",1,"J1627","J5986","knowledge","naive","knowledge naive",1,NA,NA,0,"knowledge",-0.498090256889084,-7.25,-0.606259648399471,"J1627_J5986","postknowledge","J1627_J5986_postknowledge",0,0,"J1627_postknowledge","J5986_postknowledge",0,0,-0.499376761210493,-0.451405062337721
"J1627 J5999",2,"J1627 J5999",2,"J1627","J5999","knowledge","naive","knowledge naive",2,NA,NA,0,"knowledge",-0.381279752025634,-6.25,-0.522637627930578,"J1627_J5999","postknowledge","J1627_J5999_postknowledge",0,0,"J1627_postknowledge","J5999_postknowledge",0,0,-0.499376761210493,-0.451405062337721
"J1627 J831",2,"J1627 J831",2,"J1627","J831","knowledge","knowledge","knowledge knowledge",2,NA,NA,0,"knowledge",-0.381279752025634,-3.84134615384615,-0.77992149430177,"J1627_J831","postknowledge","J1627_J831_postknowledge",0,0,"J1627_postknowledge","J831_postknowledge",0,0,-0.499376761210493,-0.451405062337721
"J1631 J1916",17,"J1631 J1916",17,"J1631","J1916","knowledge","naive","knowledge naive",17,NA,NA,0,"knowledge",1.37087782092611,8.75,0.731692679102809,"J1631_J1916","postknowledge","J1631_J1916_postknowledge",0,0,"J1631_postknowledge","J1916_postknowledge",17,0,0.256586084560161,-0.451405062337721
"J1631 J2621",3,"J1631 J2621",3,"J1631","J2621","knowledge","naive","knowledge naive",3,NA,NA,0,"knowledge",-0.264469247162184,-5.25,-0.439015607461686,"J1631_J2621","postknowledge","J1631_J2621_postknowledge",0,0,"J1631_postknowledge","J2621_postknowledge",17,1,0.256586084560161,-0.3917952682644
"J1631 J3148",28,"J1631 J3148",28,"J1631","J3148","knowledge","naive","knowledge naive",28,NA,NA,0,"knowledge",2.65579337442405,19.75,1.65153490426063,"J1631_J3148","postknowledge","J1631_J3148_postknowledge",0,0,"J1631_postknowledge","J3148_postknowledge",17,0,0.256586084560161,-0.451405062337721
"J1631 J3305",27,"J1631 J3305",27,"J1631","J3305","knowledge","naive","knowledge naive",27,NA,NA,0,"knowledge",2.53898286956061,18.75,1.56791288379173,"J1631_J3305","postknowledge","J1631_J3305_postknowledge",0,0,"J1631_postknowledge","J3305_postknowledge",17,0,0.256586084560161,-0.451405062337721
"J1631 J338",2,"J1631 J338",2,"J1631","J338","knowledge","naive","knowledge naive",2,NA,NA,0,"knowledge",-0.381279752025634,-6.25,-0.522637627930578,"J1631_J338","postknowledge","J1631_J338_postknowledge",0,0,"J1631_postknowledge","J338_postknowledge",17,2,0.256586084560161,-0.332185474191078
"J1631 J3508",6,"J1631 J3508",6,"J1631","J3508","knowledge","naive","knowledge naive",6,NA,NA,0,"knowledge",0.0859622674281642,-2.25,-0.188149546055008,"J1631_J3508","postknowledge","J1631_J3508_postknowledge",0,0,"J1631_postknowledge","J3508_postknowledge",17,17,0.256586084560161,0.561961436908741
"J1631 J3716",6,"J1631 J3716",6,"J1631","J3716","knowledge","naive","knowledge naive",6,NA,NA,0,"knowledge",0.0859622674281642,-2.25,-0.188149546055008,"J1631_J3716","postknowledge","J1631_J3716_postknowledge",0,0,"J1631_postknowledge","J3716_postknowledge",17,6,0.256586084560161,-0.0937462978977931
"J1631 J3745",7,"J1631 J3745",7,"J1631","J3745","knowledge","naive","knowledge naive",7,NA,NA,0,"knowledge",0.202772772291614,-1.25,-0.104527525586116,"J1631_J3745","postknowledge","J1631_J3745_postknowledge",0,0,"J1631_postknowledge","J3745_postknowledge",17,0,0.256586084560161,-0.451405062337721
"J1631 J3822",1,"J1631 J3822",1,"J1631","J3822","knowledge","naive","knowledge naive",1,NA,NA,0,"knowledge",-0.498090256889084,-7.25,-0.606259648399471,"J1631_J3822","postknowledge","J1631_J3822_postknowledge",0,0,"J1631_postknowledge","J3822_postknowledge",17,0,0.256586084560161,-0.451405062337721
"J1631 J3884",8,"J1631 J3884",8,"J1631","J3884","knowledge","naive","knowledge naive",8,NA,NA,0,"knowledge",0.319583277155063,-0.25,-0.0209055051172231,"J1631_J3884","postknowledge","J1631_J3884_postknowledge",0,0,"J1631_postknowledge","J3884_postknowledge",17,3,0.256586084560161,-0.272575680117757
"J1631 J4011",20,"J1631 J4011",20,"J1631","J4011","knowledge","naive","knowledge naive",20,NA,NA,0,"knowledge",1.72130933551646,11.75,0.982558740509487,"J1631_J4011","postknowledge","J1631_J4011_postknowledge",0,0,"J1631_postknowledge","J4011_postknowledge",17,0,0.256586084560161,-0.451405062337721
"J1631 J42",24,"J1631 J42",24,"J1631","J42","knowledge","naive","knowledge naive",24,NA,NA,0,"knowledge",2.18855135497026,15.75,1.31704682238506,"J1631_J42","postknowledge","J1631_J42_postknowledge",0,0,"J1631_postknowledge","J42_postknowledge",17,0,0.256586084560161,-0.451405062337721
"J4514 J1631",4,"J4514 J1631",4,"J1631","J4514","knowledge","knowledge","knowledge knowledge",4,0.0294117647058824,NA,1,"knowledge",-0.147658742298735,-1.84134615384615,-0.37385473381424,"J1631_J4514","postknowledge","J1631_J4514_postknowledge",2,1,"J1631_postknowledge","J4514_postknowledge",17,18,0.256586084560161,0.621571230982063
"J1631 J4654",9,"J1631 J4654",9,"J1631","J4654","knowledge","naive","knowledge naive",9,0.0434782608695652,NA,1,"knowledge",0.436393782018513,0.75,0.0627165153516694,"J1631_J4654","postknowledge","J1631_J4654_postknowledge",1,1,"J1631_postknowledge","J4654_postknowledge",17,4,0.256586084560161,-0.212965886044436
"J1631 J4819",1,"J1631 J4819",1,"J1631","J4819","knowledge","naive","knowledge naive",1,NA,NA,0,"knowledge",-0.498090256889084,-7.25,-0.606259648399471,"J1631_J4819","postknowledge","J1631_J4819_postknowledge",0,0,"J1631_postknowledge","J4819_postknowledge",17,0,0.256586084560161,-0.451405062337721
"J1631 J4982",9,"J1631 J4982",9,"J1631","J4982","knowledge","naive","knowledge naive",9,NA,NA,0,"knowledge",0.436393782018513,0.75,0.0627165153516694,"J1631_J4982","postknowledge","J1631_J4982_postknowledge",0,0,"J1631_postknowledge","J4982_postknowledge",17,1,0.256586084560161,-0.3917952682644
"J1631 J5017",4,"J1631 J5017",4,"J1631","J5017","knowledge","naive","knowledge naive",4,NA,NA,0,"knowledge",-0.147658742298735,-4.25,-0.355393586992793,"J1631_J5017","postknowledge","J1631_J5017_postknowledge",0,0,"J1631_postknowledge","J5017_postknowledge",17,0,0.256586084560161,-0.451405062337721
"J1631 J5043",2,"J1631 J5043",2,"J1631","J5043","knowledge","naive","knowledge naive",2,NA,NA,0,"knowledge",-0.381279752025634,-6.25,-0.522637627930578,"J1631_J5043","postknowledge","J1631_J5043_postknowledge",0,0,"J1631_postknowledge","J5043_postknowledge",17,2,0.256586084560161,-0.332185474191078
"J1631 J5167",25,"J1631 J5167",25,"J1631","J5167","knowledge","naive","knowledge naive",25,NA,NA,0,"knowledge",2.30536185983371,16.75,1.40066884285395,"J1631_J5167","postknowledge","J1631_J5167_postknowledge",0,0,"J1631_postknowledge","J5167_postknowledge",17,0,0.256586084560161,-0.451405062337721
"J1631 J5215",14,"J1631 J5215",14,"J1631","J5215","knowledge","naive","knowledge naive",14,NA,NA,0,"knowledge",1.02044630633576,5.75,0.480826617696132,"J1631_J5215","postknowledge","J1631_J5215_postknowledge",0,0,"J1631_postknowledge","J5215_postknowledge",17,10,0.256586084560161,0.144692878395492
"J1631 J5316",2,"J1631 J5316",2,"J1631","J5316","knowledge","naive","knowledge naive",2,0.0161290322580645,NA,1,"knowledge",-0.381279752025634,-6.25,-0.522637627930578,"J1631_J5316","postknowledge","J1631_J5316_postknowledge",2,1,"J1631_postknowledge","J5316_postknowledge",17,37,0.256586084560161,1.75415731837517
"J1631 J5475",14,"J1631 J5475",14,"J1631","J5475","knowledge","naive","knowledge naive",14,NA,NA,0,"knowledge",1.02044630633576,5.75,0.480826617696132,"J1631_J5475","postknowledge","J1631_J5475_postknowledge",0,0,"J1631_postknowledge","J5475_postknowledge",17,0,0.256586084560161,-0.451405062337721
"J1631 J5477",2,"J1631 J5477",2,"J1631","J5477","knowledge","naive","knowledge naive",2,NA,NA,0,"knowledge",-0.381279752025634,-6.25,-0.522637627930578,"J1631_J5477","postknowledge","J1631_J5477_postknowledge",0,0,"J1631_postknowledge","J5477_postknowledge",17,36,0.256586084560161,1.69454752430185
"J1631 J5489",2,"J1631 J5489",2,"J1631","J5489","knowledge","naive","knowledge naive",2,NA,NA,0,"knowledge",-0.381279752025634,-6.25,-0.522637627930578,"J1631_J5489","postknowledge","J1631_J5489_postknowledge",0,0,"J1631_postknowledge","J5489_postknowledge",17,1,0.256586084560161,-0.3917952682644
"J1631 J5728A",2,"J1631 J5728A",2,"J1631","J5728A","knowledge","naive","knowledge naive",2,NA,NA,0,"knowledge",-0.381279752025634,-6.25,-0.522637627930578,"J1631_J5728A","postknowledge","J1631_J5728A_postknowledge",0,0,"J1631_postknowledge","J5728A_postknowledge",17,0,0.256586084560161,-0.451405062337721
"J1631 J5806",3,"J1631 J5806",3,"J1631","J5806","knowledge","naive","knowledge naive",3,NA,NA,0,"knowledge",-0.264469247162184,-5.25,-0.439015607461686,"J1631_J5806","postknowledge","J1631_J5806_postknowledge",0,0,"J1631_postknowledge","J5806_postknowledge",17,0,0.256586084560161,-0.451405062337721
"J1631 J5827",5,"J1631 J5827",5,"J1631","J5827","knowledge","naive","knowledge naive",5,NA,NA,0,"knowledge",-0.0308482374352854,-3.25,-0.271771566523901,"J1631_J5827","postknowledge","J1631_J5827_postknowledge",0,0,"J1631_postknowledge","J5827_postknowledge",17,0,0.256586084560161,-0.451405062337721
"J1631 J5874",5,"J1631 J5874",5,"J1631","J5874","knowledge","naive","knowledge naive",5,NA,NA,0,"knowledge",-0.0308482374352854,-3.25,-0.271771566523901,"J1631_J5874","postknowledge","J1631_J5874_postknowledge",0,0,"J1631_postknowledge","J5874_postknowledge",17,0,0.256586084560161,-0.451405062337721
"J1631 J5939",9,"J1631 J5939",9,"J1631","J5939","knowledge","naive","knowledge naive",9,NA,NA,0,"knowledge",0.436393782018513,0.75,0.0627165153516694,"J1631_J5939","postknowledge","J1631_J5939_postknowledge",0,0,"J1631_postknowledge","J5939_postknowledge",17,0,0.256586084560161,-0.451405062337721
"J1631 J5963",32,"J1631 J5963",32,"J1631","J5963","knowledge","naive","knowledge naive",32,NA,NA,0,"knowledge",3.12303539387785,23.75,1.9860229861362,"J1631_J5963","postknowledge","J1631_J5963_postknowledge",0,0,"J1631_postknowledge","J5963_postknowledge",17,0,0.256586084560161,-0.451405062337721
"J1631 J5964",14,"J1631 J5964",14,"J1631","J5964","knowledge","naive","knowledge naive",14,NA,NA,0,"knowledge",1.02044630633576,5.75,0.480826617696132,"J1631_J5964","postknowledge","J1631_J5964_postknowledge",0,0,"J1631_postknowledge","J5964_postknowledge",17,0,0.256586084560161,-0.451405062337721
"J1631 J831",7,"J1631 J831",7,"J1631","J831","knowledge","knowledge","knowledge knowledge",7,NA,NA,0,"knowledge",0.202772772291614,1.15865384615385,0.235245406917055,"J1631_J831","postknowledge","J1631_J831_postknowledge",0,0,"J1631_postknowledge","J831_postknowledge",17,0,0.256586084560161,-0.451405062337721
"J5146 J1735",2,"J5146 J1735",2,"J1735","J5146","knowledge","naive","knowledge naive",2,NA,NA,0,"knowledge",-0.381279752025634,-6.25,-0.522637627930578,"J1735_J5146","postknowledge","J1735_J5146_postknowledge",0,0,"J1735_postknowledge","J5146_postknowledge",16,4,0.21211768186777,-0.212965886044436
"J5316 J1735",1,"J5316 J1735",1,"J1735","J5316","naive","naive","naive naive",1,NA,NA,0,"naive",-0.498090256889084,-2.32224958949097,-0.474699993690219,"J1735_J5316","postknowledge","J1735_J5316_postknowledge",0,0,"J1735_postknowledge","J5316_postknowledge",16,37,0.21211768186777,1.75415731837517
"J5740 J1735",1,"J5740 J1735",1,"J1735","J5740","naive","naive","naive naive",1,NA,NA,0,"naive",-0.498090256889084,-2.32224958949097,-0.474699993690219,"J1735_J5740","postknowledge","J1735_J5740_postknowledge",0,0,"J1735_postknowledge","J5740_postknowledge",16,0,0.21211768186777,-0.451405062337721
"J2128 J1902",5,"J2128 J1902",5,"J1902","J2128","knowledge","naive","knowledge naive",5,0.0123456790123457,NA,1,"knowledge",-0.0308482374352854,-3.25,-0.271771566523901,"J1902_J2128","postknowledge","J1902_J2128_postknowledge",0,0,"J1902_postknowledge","J2128_postknowledge",48,0,1.6351065680243,-0.451405062337721
"J1902 J2941",8,"J1902 J2941",8,"J1902","J2941","naive","naive","naive naive",5.5,0.0102040816326531,NA,1,"naive",0.0275570149964394,2.17775041050903,0.445162359294081,"J1902_J2941","postknowledge","J1902_J2941_postknowledge",0,0,"J1902_postknowledge","J2941_postknowledge",48,0,1.6351065680243,-0.451405062337721
"J2961 J1902",1,"J2961 J1902",1,"J1902","J2961","naive","naive","naive naive",1,0.00961538461538462,NA,1,"naive",-0.498090256889084,-2.32224958949097,-0.474699993690219,"J1902_J2961","postknowledge","J1902_J2961_postknowledge",0,0,"J1902_postknowledge","J2961_postknowledge",48,0,1.6351065680243,-0.451405062337721
"J1902 J3753",2,"J1902 J3753",2,"J1902","J3753","naive","naive","naive naive",2,0.0126582278481013,NA,1,"naive",-0.381279752025634,-1.32224958949097,-0.270286137471486,"J1902_J3753","postknowledge","J1902_J3753_postknowledge",1,1,"J1902_postknowledge","J3753_postknowledge",48,17,1.6351065680243,0.561961436908741
"J3987 J1902",5,"J3987 J1902",5,"J1902","J3987","knowledge","naive","knowledge naive",5,NA,NA,0,"knowledge",-0.0308482374352854,-3.25,-0.271771566523901,"J1902_J3987","postknowledge","J1902_J3987_postknowledge",0,0,"J1902_postknowledge","J3987_postknowledge",48,11,1.6351065680243,0.204302672468813
"J1902 J4044",5,"J1902 J4044",5,"J1902","J4044","naive","naive","naive naive",6.5,NA,NA,0,"naive",0.144367519859889,3.17775041050903,0.649576215512814,"J1902_J4044","postknowledge","J1902_J4044_postknowledge",0,0,"J1902_postknowledge","J4044_postknowledge",48,0,1.6351065680243,-0.451405062337721
"J1902 J4104",5,"J1902 J4104",5,"J1902","J4104","naive","naive","naive naive",5,0.0149253731343284,NA,1,"naive",-0.0308482374352854,1.67775041050903,0.342955431184714,"J1902_J4104","postknowledge","J1902_J4104_postknowledge",0,0,"J1902_postknowledge","J4104_postknowledge",48,0,1.6351065680243,-0.451405062337721
"J4304 J1902",18,"J4304 J1902",18,"J1902","J4304","knowledge","naive","knowledge naive",18,NA,NA,0,"knowledge",1.48768832578956,9.75,0.815314699571702,"J1902_J4304","postknowledge","J1902_J4304_postknowledge",0,0,"J1902_postknowledge","J4304_postknowledge",48,0,1.6351065680243,-0.451405062337721
"J1902 J4770",1,"J1902 J4770",1,"J1902","J4770","naive","naive","naive naive",1,NA,NA,0,"naive",-0.498090256889084,-2.32224958949097,-0.474699993690219,"J1902_J4770","postknowledge","J1902_J4770_postknowledge",0,0,"J1902_postknowledge","J4770_postknowledge",48,1,1.6351065680243,-0.3917952682644
"J1902 J4776",1,"J1902 J4776",1,"J1902","J4776","naive","naive","naive naive",1,NA,NA,0,"naive",-0.498090256889084,-2.32224958949097,-0.474699993690219,"J1902_J4776","postknowledge","J1902_J4776_postknowledge",0,0,"J1902_postknowledge","J4776_postknowledge",48,3,1.6351065680243,-0.272575680117757
"J1902 J4951",6,"J1902 J4951",6,"J1902","J4951","naive","naive","naive naive",6,0.0126582278481013,NA,1,"naive",0.0859622674281642,2.67775041050903,0.547369287403447,"J1902_J4951","postknowledge","J1902_J4951_postknowledge",0,0,"J1902_postknowledge","J4951_postknowledge",48,0,1.6351065680243,-0.451405062337721
"J1902 J4954",4,"J1902 J4954",4,"J1902","J4954","naive","naive","naive naive",4,NA,NA,0,"naive",-0.147658742298735,0.677750410509031,0.138541574965981,"J1902_J4954","postknowledge","J1902_J4954_postknowledge",0,0,"J1902_postknowledge","J4954_postknowledge",48,76,1.6351065680243,4.0789392872347
"J1902 J4961",1,"J1902 J4961",1,"J1902","J4961","naive","naive","naive naive",1,NA,NA,0,"naive",-0.498090256889084,-2.32224958949097,-0.474699993690219,"J1902_J4961","postknowledge","J1902_J4961_postknowledge",0,0,"J1902_postknowledge","J4961_postknowledge",48,0,1.6351065680243,-0.451405062337721
"J1902 J505",6,"J1902 J505",6,"J1902","J505","naive","naive","naive naive",5,NA,NA,0,"naive",-0.0308482374352854,1.67775041050903,0.342955431184714,"J1902_J505","postknowledge","J1902_J505_postknowledge",0,0,"J1902_postknowledge","J505_postknowledge",48,22,1.6351065680243,0.860010407275348
"J1902 J5087",2,"J1902 J5087",2,"J1902","J5087","naive","naive","naive naive",1.5,NA,NA,0,"naive",-0.439685004457359,-1.82224958949097,-0.372493065580853,"J1902_J5087","postknowledge","J1902_J5087_postknowledge",0,0,"J1902_postknowledge","J5087_postknowledge",48,0,1.6351065680243,-0.451405062337721
"J1902 J5595",2,"J1902 J5595",2,"J1902","J5595","naive","naive","naive naive",2,0.0105263157894737,NA,1,"naive",-0.381279752025634,-1.32224958949097,-0.270286137471486,"J1902_J5595","postknowledge","J1902_J5595_postknowledge",1,1,"J1902_postknowledge","J5595_postknowledge",48,45,1.6351065680243,2.23103567096174
"J5694 J1902",3,"J5694 J1902",3,"J1902","J5694","knowledge","naive","knowledge naive",3,NA,NA,0,"knowledge",-0.264469247162184,-5.25,-0.439015607461686,"J1902_J5694","postknowledge","J1902_J5694_postknowledge",0,0,"J1902_postknowledge","J5694_postknowledge",48,0,1.6351065680243,-0.451405062337721
"J5695 J1902",12,"J5695 J1902",12,"J1902","J5695","knowledge","naive","knowledge naive",12,NA,NA,0,"knowledge",0.786825296608862,3.75,0.313582576758347,"J1902_J5695","postknowledge","J1902_J5695_postknowledge",0,0,"J1902_postknowledge","J5695_postknowledge",48,0,1.6351065680243,-0.451405062337721
"J1902 J5723A",4,"J1902 J5723A",4,"J1902","J5723A","naive","naive","naive naive",4,NA,NA,0,"naive",-0.147658742298735,0.677750410509031,0.138541574965981,"J1902_J5723A","postknowledge","J1902_J5723A_postknowledge",0,0,"J1902_postknowledge","J5723A_postknowledge",48,0,1.6351065680243,-0.451405062337721
"J5724 J1902",2,"J5724 J1902",2,"J1902","J5724","naive","naive","naive naive",2,NA,NA,0,"naive",-0.381279752025634,-1.32224958949097,-0.270286137471486,"J1902_J5724","postknowledge","J1902_J5724_postknowledge",0,0,"J1902_postknowledge","J5724_postknowledge",48,0,1.6351065680243,-0.451405062337721
"J5730 J1902",2,"J5730 J1902",2,"J1902","J5730","knowledge","naive","knowledge naive",2,NA,NA,0,"knowledge",-0.381279752025634,-6.25,-0.522637627930578,"J1902_J5730","postknowledge","J1902_J5730_postknowledge",0,0,"J1902_postknowledge","J5730_postknowledge",48,0,1.6351065680243,-0.451405062337721
"J1902 J5763",2,"J1902 J5763",2,"J1902","J5763","naive","naive","naive naive",2,NA,NA,0,"naive",-0.381279752025634,-1.32224958949097,-0.270286137471486,"J1902_J5763","postknowledge","J1902_J5763_postknowledge",0,0,"J1902_postknowledge","J5763_postknowledge",48,0,1.6351065680243,-0.451405062337721
"J1902 J5766",1,"J1902 J5766",1,"J1902","J5766","naive","naive","naive naive",1.5,NA,NA,0,"naive",-0.439685004457359,-1.82224958949097,-0.372493065580853,"J1902_J5766","postknowledge","J1902_J5766_postknowledge",0,0,"J1902_postknowledge","J5766_postknowledge",48,0,1.6351065680243,-0.451405062337721
"J5769 J1902",2,"J5769 J1902",2,"J1902","J5769","naive","naive","naive naive",2,NA,NA,0,"naive",-0.381279752025634,-1.32224958949097,-0.270286137471486,"J1902_J5769","postknowledge","J1902_J5769_postknowledge",0,0,"J1902_postknowledge","J5769_postknowledge",48,0,1.6351065680243,-0.451405062337721
"J1902 J5888",5,"J1902 J5888",5,"J1902","J5888","naive","naive","naive naive",5,NA,NA,0,"naive",-0.0308482374352854,1.67775041050903,0.342955431184714,"J1902_J5888","postknowledge","J1902_J5888_postknowledge",0,0,"J1902_postknowledge","J5888_postknowledge",48,0,1.6351065680243,-0.451405062337721
"J1902 J6056",1,"J1902 J6056",1,"J1902","J6056","naive","naive","naive naive",1,NA,NA,0,"naive",-0.498090256889084,-2.32224958949097,-0.474699993690219,"J1902_J6056","postknowledge","J1902_J6056_postknowledge",0,0,"J1902_postknowledge","J6056_postknowledge",48,0,1.6351065680243,-0.451405062337721
"J1902 J972",2,"J1902 J972",2,"J1902","J972","naive","naive","naive naive",2,NA,NA,0,"naive",-0.381279752025634,-1.32224958949097,-0.270286137471486,"J1902_J972","postknowledge","J1902_J972_postknowledge",0,0,"J1902_postknowledge","J972_postknowledge",48,0,1.6351065680243,-0.451405062337721
"J1916 J1973",21,"J1916 J1973",21,"J1916","J1973","naive","naive","naive naive",15.5,NA,NA,0,"naive",1.19566206363093,12.177750410509,2.48930092148141,"J1916_J1973","postknowledge","J1916_J1973_postknowledge",0,0,"J1916_postknowledge","J1973_postknowledge",0,0,-0.499376761210493,-0.451405062337721
"J1916 J2039",2,"J1916 J2039",2,"J1916","J2039","naive","naive","naive naive",2,NA,NA,0,"naive",-0.381279752025634,-1.32224958949097,-0.270286137471486,"J1916_J2039","postknowledge","J1916_J2039_postknowledge",0,0,"J1916_postknowledge","J2039_postknowledge",0,6,-0.499376761210493,-0.0937462978977931
"J1916 J2149",1,"J1916 J2149",1,"J1916","J2149","naive","naive","naive naive",1,NA,NA,0,"naive",-0.498090256889084,-2.32224958949097,-0.474699993690219,"J1916_J2149","postknowledge","J1916_J2149_postknowledge",0,0,"J1916_postknowledge","J2149_postknowledge",0,0,-0.499376761210493,-0.451405062337721
"J1916 J2375",9,"J1916 J2375",9,"J1916","J2375","naive","naive","naive naive",9,NA,NA,0,"naive",0.436393782018513,5.67775041050903,1.16061085605965,"J1916_J2375","postknowledge","J1916_J2375_postknowledge",0,0,"J1916_postknowledge","J2375_postknowledge",0,0,-0.499376761210493,-0.451405062337721
"J1916 J2377",2,"J1916 J2377",2,"J1916","J2377","naive","naive","naive naive",2,NA,NA,0,"naive",-0.381279752025634,-1.32224958949097,-0.270286137471486,"J1916_J2377","postknowledge","J1916_J2377_postknowledge",0,0,"J1916_postknowledge","J2377_postknowledge",0,1,-0.499376761210493,-0.3917952682644
"J2395 J1916",1,"J2395 J1916",1,"J1916","J2395","naive","naive","naive naive",1,NA,NA,0,"naive",-0.498090256889084,-2.32224958949097,-0.474699993690219,"J1916_J2395","postknowledge","J1916_J2395_postknowledge",0,0,"J1916_postknowledge","J2395_postknowledge",0,0,-0.499376761210493,-0.451405062337721
"J1916 J2396",1,"J1916 J2396",1,"J1916","J2396","naive","naive","naive naive",1,NA,NA,0,"naive",-0.498090256889084,-2.32224958949097,-0.474699993690219,"J1916_J2396","postknowledge","J1916_J2396_postknowledge",0,0,"J1916_postknowledge","J2396_postknowledge",0,0,-0.499376761210493,-0.451405062337721
"J1916 J2621",4,"J1916 J2621",4,"J1916","J2621","naive","naive","naive naive",3.5,NA,NA,0,"naive",-0.20606399473046,0.177750410509031,0.0363346468566139,"J1916_J2621","postknowledge","J1916_J2621_postknowledge",0,0,"J1916_postknowledge","J2621_postknowledge",0,1,-0.499376761210493,-0.3917952682644
"J1916 J2661",2,"J1916 J2661",2,"J1916","J2661","naive","naive","naive naive",2,NA,NA,0,"naive",-0.381279752025634,-1.32224958949097,-0.270286137471486,"J1916_J2661","postknowledge","J1916_J2661_postknowledge",0,0,"J1916_postknowledge","J2661_postknowledge",0,3,-0.499376761210493,-0.272575680117757
"J1916 J2701",2,"J1916 J2701",2,"J1916","J2701","naive","naive","naive naive",2,NA,NA,0,"naive",-0.381279752025634,-1.32224958949097,-0.270286137471486,"J1916_J2701","postknowledge","J1916_J2701_postknowledge",0,0,"J1916_postknowledge","J2701_postknowledge",0,0,-0.499376761210493,-0.451405062337721
"J1916 J2986",5,"J1916 J2986",5,"J1916","J2986","naive","naive","naive naive",3,NA,NA,0,"naive",-0.264469247162184,-0.322249589490969,-0.0658722812527527,"J1916_J2986","postknowledge","J1916_J2986_postknowledge",0,0,"J1916_postknowledge","J2986_postknowledge",0,0,-0.499376761210493,-0.451405062337721
"J1916 J3148",1,"J1916 J3148",1,"J1916","J3148","naive","naive","naive naive",1,NA,NA,0,"naive",-0.498090256889084,-2.32224958949097,-0.474699993690219,"J1916_J3148","postknowledge","J1916_J3148_postknowledge",0,0,"J1916_postknowledge","J3148_postknowledge",0,0,-0.499376761210493,-0.451405062337721
"J1916 J3305",2,"J1916 J3305",2,"J1916","J3305","naive","naive","naive naive",6,NA,NA,0,"naive",0.0859622674281642,2.67775041050903,0.547369287403447,"J1916_J3305","postknowledge","J1916_J3305_postknowledge",0,0,"J1916_postknowledge","J3305_postknowledge",0,0,-0.499376761210493,-0.451405062337721
"J1916 J3508",7,"J1916 J3508",7,"J1916","J3508","naive","naive","naive naive",5,NA,NA,0,"naive",-0.0308482374352854,1.67775041050903,0.342955431184714,"J1916_J3508","postknowledge","J1916_J3508_postknowledge",0,0,"J1916_postknowledge","J3508_postknowledge",0,17,-0.499376761210493,0.561961436908741
"J3702 J1916",2,"J3702 J1916",2,"J1916","J3702","naive","naive","naive naive",2,0.0185185185185185,NA,1,"naive",-0.381279752025634,-1.32224958949097,-0.270286137471486,"J1916_J3702","postknowledge","J1916_J3702_postknowledge",0,0,"J1916_postknowledge","J3702_postknowledge",0,0,-0.499376761210493,-0.451405062337721
"J1916 J3714",9,"J1916 J3714",9,"J1916","J3714","naive","naive","naive naive",9,NA,NA,0,"naive",0.436393782018513,5.67775041050903,1.16061085605965,"J1916_J3714","postknowledge","J1916_J3714_postknowledge",0,0,"J1916_postknowledge","J3714_postknowledge",0,19,-0.499376761210493,0.681181025055384
"J3769 J1916",8,"J3769 J1916",8,"J1916","J3769","knowledge","naive","knowledge naive",8,NA,NA,0,"knowledge",0.319583277155063,-0.25,-0.0209055051172231,"J1916_J3769","postknowledge","J1916_J3769_postknowledge",0,0,"J1916_postknowledge","J3769_postknowledge",0,0,-0.499376761210493,-0.451405062337721
"J1916 J4001",2,"J1916 J4001",2,"J1916","J4001","naive","naive","naive naive",2,NA,NA,0,"naive",-0.381279752025634,-1.32224958949097,-0.270286137471486,"J1916_J4001","postknowledge","J1916_J4001_postknowledge",0,0,"J1916_postknowledge","J4001_postknowledge",0,1,-0.499376761210493,-0.3917952682644
"J1916 J4112",2,"J1916 J4112",2,"J1916","J4112","naive","naive","naive naive",2,NA,NA,0,"naive",-0.381279752025634,-1.32224958949097,-0.270286137471486,"J1916_J4112","postknowledge","J1916_J4112_postknowledge",0,0,"J1916_postknowledge","J4112_postknowledge",0,0,-0.499376761210493,-0.451405062337721
"J1916 J4161",2,"J1916 J4161",2,"J1916","J4161","naive","naive","naive naive",2,NA,NA,0,"naive",-0.381279752025634,-1.32224958949097,-0.270286137471486,"J1916_J4161","postknowledge","J1916_J4161_postknowledge",0,0,"J1916_postknowledge","J4161_postknowledge",0,26,-0.499376761210493,1.09844958356863
"J4162 J1916",6,"J4162 J1916",6,"J1916","J4162","knowledge","naive","knowledge naive",6,NA,NA,0,"knowledge",0.0859622674281642,-2.25,-0.188149546055008,"J1916_J4162","postknowledge","J1916_J4162_postknowledge",0,0,"J1916_postknowledge","J4162_postknowledge",0,3,-0.499376761210493,-0.272575680117757
"J42 J1916",2,"J42 J1916",2,"J1916","J42","naive","naive","naive naive",2,NA,NA,0,"naive",-0.381279752025634,-1.32224958949097,-0.270286137471486,"J1916_J42","postknowledge","J1916_J42_postknowledge",0,0,"J1916_postknowledge","J42_postknowledge",0,0,-0.499376761210493,-0.451405062337721
"J4315 J1916",47,"J4315 J1916",47,"J1916","J4315","knowledge","naive","knowledge naive",47,NA,NA,0,"knowledge",4.8751929668296,38.75,3.24035329316958,"J1916_J4315","postknowledge","J1916_J4315_postknowledge",0,0,"J1916_postknowledge","J4315_postknowledge",0,9,-0.499376761210493,0.0850830843221708
"J4514 J1916",1,"J4514 J1916",1,"J1916","J4514","knowledge","naive","knowledge naive",1,NA,NA,0,"knowledge",-0.498090256889084,-7.25,-0.606259648399471,"J1916_J4514","postknowledge","J1916_J4514_postknowledge",0,0,"J1916_postknowledge","J4514_postknowledge",0,18,-0.499376761210493,0.621571230982063
"J1916 J4651",1,"J1916 J4651",1,"J1916","J4651","naive","naive","naive naive",1,NA,NA,0,"naive",-0.498090256889084,-2.32224958949097,-0.474699993690219,"J1916_J4651","postknowledge","J1916_J4651_postknowledge",0,0,"J1916_postknowledge","J4651_postknowledge",0,34,-0.499376761210493,1.5753279361552
"J1916 J4747",6,"J1916 J4747",6,"J1916","J4747","naive","naive","naive naive",6,NA,NA,0,"naive",0.0859622674281642,2.67775041050903,0.547369287403447,"J1916_J4747","postknowledge","J1916_J4747_postknowledge",0,0,"J1916_postknowledge","J4747_postknowledge",0,77,-0.499376761210493,4.13854908130802
"J4967 J1916",67,"J4967 J1916",67,"J1916","J4967","knowledge","naive","knowledge naive",67,NA,NA,0,"knowledge",7.21140306409859,58.75,4.91279370254743,"J1916_J4967","postknowledge","J1916_J4967_postknowledge",0,0,"J1916_postknowledge","J4967_postknowledge",0,3,-0.499376761210493,-0.272575680117757
"J1916 J4982",1,"J1916 J4982",1,"J1916","J4982","naive","naive","naive naive",1,NA,NA,0,"naive",-0.498090256889084,-2.32224958949097,-0.474699993690219,"J1916_J4982","postknowledge","J1916_J4982_postknowledge",0,0,"J1916_postknowledge","J4982_postknowledge",0,1,-0.499376761210493,-0.3917952682644
"J5098 J1916",2,"J5098 J1916",2,"J1916","J5098","naive","naive","naive naive",2,NA,NA,0,"naive",-0.381279752025634,-1.32224958949097,-0.270286137471486,"J1916_J5098","postknowledge","J1916_J5098_postknowledge",0,0,"J1916_postknowledge","J5098_postknowledge",0,2,-0.499376761210493,-0.332185474191078
"J5146 J1916",12,"J5146 J1916",12,"J1916","J5146","knowledge","naive","knowledge naive",12,NA,NA,0,"knowledge",0.786825296608862,3.75,0.313582576758347,"J1916_J5146","postknowledge","J1916_J5146_postknowledge",0,0,"J1916_postknowledge","J5146_postknowledge",0,4,-0.499376761210493,-0.212965886044436
"J5607 J1916",1,"J5607 J1916",1,"J1916","J5607","naive","naive","naive naive",1,NA,NA,0,"naive",-0.498090256889084,-2.32224958949097,-0.474699993690219,"J1916_J5607","postknowledge","J1916_J5607_postknowledge",0,0,"J1916_postknowledge","J5607_postknowledge",0,26,-0.499376761210493,1.09844958356863
"J1916 J5645",6,"J1916 J5645",6,"J1916","J5645","naive","naive","naive naive",6,NA,NA,0,"naive",0.0859622674281642,2.67775041050903,0.547369287403447,"J1916_J5645","postknowledge","J1916_J5645_postknowledge",0,0,"J1916_postknowledge","J5645_postknowledge",0,0,-0.499376761210493,-0.451405062337721
"J1916 J5740",8,"J1916 J5740",8,"J1916","J5740","naive","naive","naive naive",8,NA,NA,0,"naive",0.319583277155063,4.67775041050903,0.956196999840914,"J1916_J5740","postknowledge","J1916_J5740_postknowledge",0,0,"J1916_postknowledge","J5740_postknowledge",0,0,-0.499376761210493,-0.451405062337721
"J5810 J1916",19,"J5810 J1916",19,"J1916","J5810","knowledge","naive","knowledge naive",19,NA,NA,0,"knowledge",1.60449883065301,10.75,0.898936720040594,"J1916_J5810","postknowledge","J1916_J5810_postknowledge",0,0,"J1916_postknowledge","J5810_postknowledge",0,0,-0.499376761210493,-0.451405062337721
"J1916 J5874",2,"J1916 J5874",2,"J1916","J5874","naive","naive","naive naive",4,NA,NA,0,"naive",-0.147658742298735,0.677750410509031,0.138541574965981,"J1916_J5874","postknowledge","J1916_J5874_postknowledge",0,0,"J1916_postknowledge","J5874_postknowledge",0,0,-0.499376761210493,-0.451405062337721
"J1916 J5922",3,"J1916 J5922",3,"J1916","J5922","naive","naive","naive naive",10,NA,NA,0,"naive",0.553204286881962,6.67775041050903,1.36502471227838,"J1916_J5922","postknowledge","J1916_J5922_postknowledge",0,0,"J1916_postknowledge","J5922_postknowledge",0,0,-0.499376761210493,-0.451405062337721
"J1916 J5926",2,"J1916 J5926",2,"J1916","J5926","naive","naive","naive naive",5.5,NA,NA,0,"naive",0.0275570149964394,2.17775041050903,0.445162359294081,"J1916_J5926","postknowledge","J1916_J5926_postknowledge",0,0,"J1916_postknowledge","J5926_postknowledge",0,0,-0.499376761210493,-0.451405062337721
"J1916 J5939",4,"J1916 J5939",4,"J1916","J5939","naive","naive","naive naive",5.5,NA,NA,0,"naive",0.0275570149964394,2.17775041050903,0.445162359294081,"J1916_J5939","postknowledge","J1916_J5939_postknowledge",0,0,"J1916_postknowledge","J5939_postknowledge",0,0,-0.499376761210493,-0.451405062337721
"J1916 J5963",1,"J1916 J5963",1,"J1916","J5963","naive","naive","naive naive",1,NA,NA,0,"naive",-0.498090256889084,-2.32224958949097,-0.474699993690219,"J1916_J5963","postknowledge","J1916_J5963_postknowledge",0,0,"J1916_postknowledge","J5963_postknowledge",0,0,-0.499376761210493,-0.451405062337721
"J1916 J6017",21,"J1916 J6017",21,"J1916","J6017","naive","naive","naive naive",21,NA,NA,0,"naive",1.83811984037991,17.677750410509,3.61357713068445,"J1916_J6017","postknowledge","J1916_J6017_postknowledge",0,0,"J1916_postknowledge","J6017_postknowledge",0,0,-0.499376761210493,-0.451405062337721
"J664 J1916",12,"J664 J1916",12,"J1916","J664","knowledge","naive","knowledge naive",12,NA,NA,0,"knowledge",0.786825296608862,3.75,0.313582576758347,"J1916_J664","postknowledge","J1916_J664_postknowledge",0,0,"J1916_postknowledge","J664_postknowledge",0,0,-0.499376761210493,-0.451405062337721
"J831 J1916",1,"J831 J1916",1,"J1916","J831","knowledge","naive","knowledge naive",1,NA,NA,0,"knowledge",-0.498090256889084,-7.25,-0.606259648399471,"J1916_J831","postknowledge","J1916_J831_postknowledge",0,0,"J1916_postknowledge","J831_postknowledge",0,0,-0.499376761210493,-0.451405062337721
"J5017 J1962",3,"J5017 J1962",3,"J1962","J5017","naive","naive","naive naive",3,NA,NA,0,"naive",-0.264469247162184,-0.322249589490969,-0.0658722812527527,"J1962_J5017","postknowledge","J1962_J5017_postknowledge",0,0,"J1962_postknowledge","J5017_postknowledge",0,0,-0.499376761210493,-0.451405062337721
"J1964 J2168",5,"J1964 J2168",5,"J1964","J2168","naive","naive","naive naive",5,NA,NA,0,"naive",-0.0308482374352854,1.67775041050903,0.342955431184714,"J1964_J2168","postknowledge","J1964_J2168_postknowledge",0,0,"J1964_postknowledge","J2168_postknowledge",6,49,-0.232566345056145,2.46947484725502
"J1964 J2196",1,"J1964 J2196",1,"J1964","J2196","naive","naive","naive naive",1,NA,NA,0,"naive",-0.498090256889084,-2.32224958949097,-0.474699993690219,"J1964_J2196","postknowledge","J1964_J2196_postknowledge",0,0,"J1964_postknowledge","J2196_postknowledge",6,58,-0.232566345056145,3.00596299391492
"J1964 J2392",3,"J1964 J2392",3,"J1964","J2392","naive","naive","naive naive",3,NA,NA,0,"naive",-0.264469247162184,-0.322249589490969,-0.0658722812527527,"J1964_J2392","postknowledge","J1964_J2392_postknowledge",0,0,"J1964_postknowledge","J2392_postknowledge",6,76,-0.232566345056145,4.0789392872347
"J1964 J2801",3,"J1964 J2801",3,"J1964","J2801","naive","naive","naive naive",3,NA,NA,0,"naive",-0.264469247162184,-0.322249589490969,-0.0658722812527527,"J1964_J2801","postknowledge","J1964_J2801_postknowledge",0,0,"J1964_postknowledge","J2801_postknowledge",6,0,-0.232566345056145,-0.451405062337721
"J1964 J505",1,"J1964 J505",1,"J1964","J505","naive","naive","naive naive",2.5,NA,NA,0,"naive",-0.322874499593909,-0.822249589490969,-0.168079209362119,"J1964_J505","postknowledge","J1964_J505_postknowledge",0,0,"J1964_postknowledge","J505_postknowledge",6,22,-0.232566345056145,0.860010407275348
"J1973 J2039",1,"J1973 J2039",1,"J1973","J2039","naive","naive","naive naive",2.5,NA,NA,0,"naive",-0.322874499593909,-0.822249589490969,-0.168079209362119,"J1973_J2039","postknowledge","J1973_J2039_postknowledge",0,0,"J1973_postknowledge","J2039_postknowledge",0,6,-0.499376761210493,-0.0937462978977931
"J1973 J2375",4,"J1973 J2375",4,"J1973","J2375","naive","naive","naive naive",4,NA,NA,0,"naive",-0.147658742298735,0.677750410509031,0.138541574965981,"J1973_J2375","postknowledge","J1973_J2375_postknowledge",0,0,"J1973_postknowledge","J2375_postknowledge",0,0,-0.499376761210493,-0.451405062337721
"J1973 J2377",2,"J1973 J2377",2,"J1973","J2377","naive","naive","naive naive",2,NA,NA,0,"naive",-0.381279752025634,-1.32224958949097,-0.270286137471486,"J1973_J2377","postknowledge","J1973_J2377_postknowledge",0,0,"J1973_postknowledge","J2377_postknowledge",0,1,-0.499376761210493,-0.3917952682644
"J1973 J2395",1,"J1973 J2395",1,"J1973","J2395","naive","naive","naive naive",2.5,NA,NA,0,"naive",-0.322874499593909,-0.822249589490969,-0.168079209362119,"J1973_J2395","postknowledge","J1973_J2395_postknowledge",0,0,"J1973_postknowledge","J2395_postknowledge",0,0,-0.499376761210493,-0.451405062337721
"J1973 J2621",12,"J1973 J2621",12,"J1973","J2621","naive","naive","naive naive",6.5,NA,NA,0,"naive",0.144367519859889,3.17775041050903,0.649576215512814,"J1973_J2621","postknowledge","J1973_J2621_postknowledge",0,0,"J1973_postknowledge","J2621_postknowledge",0,1,-0.499376761210493,-0.3917952682644
"J1973 J2661",5,"J1973 J2661",5,"J1973","J2661","naive","naive","naive naive",5,NA,NA,0,"naive",-0.0308482374352854,1.67775041050903,0.342955431184714,"J1973_J2661","postknowledge","J1973_J2661_postknowledge",0,0,"J1973_postknowledge","J2661_postknowledge",0,3,-0.499376761210493,-0.272575680117757
"J1973 J2701",2,"J1973 J2701",2,"J1973","J2701","naive","naive","naive naive",2,NA,NA,0,"naive",-0.381279752025634,-1.32224958949097,-0.270286137471486,"J1973_J2701","postknowledge","J1973_J2701_postknowledge",0,0,"J1973_postknowledge","J2701_postknowledge",0,0,-0.499376761210493,-0.451405062337721
"J1973 J2969",2,"J1973 J2969",2,"J1973","J2969","naive","naive","naive naive",2,NA,NA,0,"naive",-0.381279752025634,-1.32224958949097,-0.270286137471486,"J1973_J2969","postknowledge","J1973_J2969_postknowledge",0,0,"J1973_postknowledge","J2969_postknowledge",0,8,-0.499376761210493,0.0254732902488495
"J2986 J1973",1,"J2986 J1973",1,"J1973","J2986","naive","naive","naive naive",1,NA,NA,0,"naive",-0.498090256889084,-2.32224958949097,-0.474699993690219,"J1973_J2986","postknowledge","J1973_J2986_postknowledge",0,0,"J1973_postknowledge","J2986_postknowledge",0,0,-0.499376761210493,-0.451405062337721
"J3305 J1973",7,"J3305 J1973",7,"J1973","J3305","naive","naive","naive naive",7,NA,NA,0,"naive",0.202772772291614,3.67775041050903,0.75178314362218,"J1973_J3305","postknowledge","J1973_J3305_postknowledge",0,0,"J1973_postknowledge","J3305_postknowledge",0,0,-0.499376761210493,-0.451405062337721
"J1973 J338",5,"J1973 J338",5,"J1973","J338","naive","naive","naive naive",5,NA,NA,0,"naive",-0.0308482374352854,1.67775041050903,0.342955431184714,"J1973_J338","postknowledge","J1973_J338_postknowledge",0,0,"J1973_postknowledge","J338_postknowledge",0,2,-0.499376761210493,-0.332185474191078
"J1973 J3508",5,"J1973 J3508",5,"J1973","J3508","naive","naive","naive naive",5,NA,NA,0,"naive",-0.0308482374352854,1.67775041050903,0.342955431184714,"J1973_J3508","postknowledge","J1973_J3508_postknowledge",0,0,"J1973_postknowledge","J3508_postknowledge",0,17,-0.499376761210493,0.561961436908741
"J1973 J3631",1,"J1973 J3631",1,"J1973","J3631","naive","naive","naive naive",1,NA,NA,0,"naive",-0.498090256889084,-2.32224958949097,-0.474699993690219,"J1973_J3631","postknowledge","J1973_J3631_postknowledge",0,0,"J1973_postknowledge","J3631_postknowledge",0,0,-0.499376761210493,-0.451405062337721
"J1973 J3714",1,"J1973 J3714",1,"J1973","J3714","naive","naive","naive naive",1,NA,NA,0,"naive",-0.498090256889084,-2.32224958949097,-0.474699993690219,"J1973_J3714","postknowledge","J1973_J3714_postknowledge",0,0,"J1973_postknowledge","J3714_postknowledge",0,19,-0.499376761210493,0.681181025055384
"J1973 J3884",11,"J1973 J3884",11,"J1973","J3884","naive","naive","naive naive",7,NA,NA,0,"naive",0.202772772291614,3.67775041050903,0.75178314362218,"J1973_J3884","postknowledge","J1973_J3884_postknowledge",0,0,"J1973_postknowledge","J3884_postknowledge",0,3,-0.499376761210493,-0.272575680117757
"J4162 J1973",3,"J4162 J1973",3,"J1973","J4162","knowledge","naive","knowledge naive",3,NA,NA,0,"knowledge",-0.264469247162184,-5.25,-0.439015607461686,"J1973_J4162","postknowledge","J1973_J4162_postknowledge",0,0,"J1973_postknowledge","J4162_postknowledge",0,3,-0.499376761210493,-0.272575680117757
"J42 J1973",1,"J42 J1973",1,"J1973","J42","naive","naive","naive naive",1,NA,NA,0,"naive",-0.498090256889084,-2.32224958949097,-0.474699993690219,"J1973_J42","postknowledge","J1973_J42_postknowledge",0,0,"J1973_postknowledge","J42_postknowledge",0,0,-0.499376761210493,-0.451405062337721
"J4315 J1973",40,"J4315 J1973",40,"J1973","J4315","knowledge","naive","knowledge naive",40,NA,NA,0,"knowledge",4.05751943278545,31.75,2.65499914988734,"J1973_J4315","postknowledge","J1973_J4315_postknowledge",0,0,"J1973_postknowledge","J4315_postknowledge",0,9,-0.499376761210493,0.0850830843221708
"J1973 J4747",11,"J1973 J4747",11,"J1973","J4747","naive","naive","naive naive",11,NA,NA,0,"naive",0.670014791745412,7.67775041050903,1.56943856849711,"J1973_J4747","postknowledge","J1973_J4747_postknowledge",0,0,"J1973_postknowledge","J4747_postknowledge",0,77,-0.499376761210493,4.13854908130802
"J4840 J1973",4,"J4840 J1973",4,"J1973","J4840","naive","naive","naive naive",4,NA,NA,0,"naive",-0.147658742298735,0.677750410509031,0.138541574965981,"J1973_J4840","postknowledge","J1973_J4840_postknowledge",0,0,"J1973_postknowledge","J4840_postknowledge",0,4,-0.499376761210493,-0.212965886044436
"J4967 J1973",53,"J4967 J1973",53,"J1973","J4967","knowledge","naive","knowledge naive",53,NA,NA,0,"knowledge",5.57605599601029,44.75,3.74208541598294,"J1973_J4967","postknowledge","J1973_J4967_postknowledge",0,0,"J1973_postknowledge","J4967_postknowledge",0,3,-0.499376761210493,-0.272575680117757
"J5017 J1973",4,"J5017 J1973",4,"J1973","J5017","naive","naive","naive naive",4,NA,NA,0,"naive",-0.147658742298735,0.677750410509031,0.138541574965981,"J1973_J5017","postknowledge","J1973_J5017_postknowledge",0,0,"J1973_postknowledge","J5017_postknowledge",0,0,-0.499376761210493,-0.451405062337721
"J5146 J1973",9,"J5146 J1973",9,"J1973","J5146","knowledge","naive","knowledge naive",9,NA,NA,0,"knowledge",0.436393782018513,0.75,0.0627165153516694,"J1973_J5146","postknowledge","J1973_J5146_postknowledge",0,0,"J1973_postknowledge","J5146_postknowledge",0,4,-0.499376761210493,-0.212965886044436
"J5309 J1973",1,"J5309 J1973",1,"J1973","J5309","naive","naive","naive naive",1,NA,NA,0,"naive",-0.498090256889084,-2.32224958949097,-0.474699993690219,"J1973_J5309","postknowledge","J1973_J5309_postknowledge",0,0,"J1973_postknowledge","J5309_postknowledge",0,18,-0.499376761210493,0.621571230982063
"J5316 J1973",5,"J5316 J1973",5,"J1973","J5316","naive","naive","naive naive",5,NA,NA,0,"naive",-0.0308482374352854,1.67775041050903,0.342955431184714,"J1973_J5316","postknowledge","J1973_J5316_postknowledge",0,0,"J1973_postknowledge","J5316_postknowledge",0,37,-0.499376761210493,1.75415731837517
"J1973 J5475",3,"J1973 J5475",3,"J1973","J5475","naive","naive","naive naive",3,NA,NA,0,"naive",-0.264469247162184,-0.322249589490969,-0.0658722812527527,"J1973_J5475","postknowledge","J1973_J5475_postknowledge",0,0,"J1973_postknowledge","J5475_postknowledge",0,0,-0.499376761210493,-0.451405062337721
"J1973 J5477",3,"J1973 J5477",3,"J1973","J5477","naive","naive","naive naive",3,NA,NA,0,"naive",-0.264469247162184,-0.322249589490969,-0.0658722812527527,"J1973_J5477","postknowledge","J1973_J5477_postknowledge",0,0,"J1973_postknowledge","J5477_postknowledge",0,36,-0.499376761210493,1.69454752430185
"J1973 J5498",1,"J1973 J5498",1,"J1973","J5498","naive","naive","naive naive",1,NA,NA,0,"naive",-0.498090256889084,-2.32224958949097,-0.474699993690219,"J1973_J5498","postknowledge","J1973_J5498_postknowledge",0,0,"J1973_postknowledge","J5498_postknowledge",0,5,-0.499376761210493,-0.153356091971114
"J5703 J1973",2,"J5703 J1973",2,"J1973","J5703","knowledge","naive","knowledge naive",2,NA,NA,0,"knowledge",-0.381279752025634,-6.25,-0.522637627930578,"J1973_J5703","postknowledge","J1973_J5703_postknowledge",0,0,"J1973_postknowledge","J5703_postknowledge",0,0,-0.499376761210493,-0.451405062337721
"J5809 J1973",4,"J5809 J1973",4,"J1973","J5809","naive","naive","naive naive",4,NA,NA,0,"naive",-0.147658742298735,0.677750410509031,0.138541574965981,"J1973_J5809","postknowledge","J1973_J5809_postknowledge",0,0,"J1973_postknowledge","J5809_postknowledge",0,0,-0.499376761210493,-0.451405062337721
"J5810 J1973",25,"J5810 J1973",25,"J1973","J5810","knowledge","naive","knowledge naive",25,NA,NA,0,"knowledge",2.30536185983371,16.75,1.40066884285395,"J1973_J5810","postknowledge","J1973_J5810_postknowledge",0,0,"J1973_postknowledge","J5810_postknowledge",0,0,-0.499376761210493,-0.451405062337721
"J1973 J5827",2,"J1973 J5827",2,"J1973","J5827","naive","naive","naive naive",2,NA,NA,0,"naive",-0.381279752025634,-1.32224958949097,-0.270286137471486,"J1973_J5827","postknowledge","J1973_J5827_postknowledge",0,0,"J1973_postknowledge","J5827_postknowledge",0,0,-0.499376761210493,-0.451405062337721
"J1973 J5874",4,"J1973 J5874",4,"J1973","J5874","naive","naive","naive naive",2.5,NA,NA,0,"naive",-0.322874499593909,-0.822249589490969,-0.168079209362119,"J1973_J5874","postknowledge","J1973_J5874_postknowledge",0,0,"J1973_postknowledge","J5874_postknowledge",0,0,-0.499376761210493,-0.451405062337721
"J5922 J1973",4,"J5922 J1973",4,"J1973","J5922","naive","naive","naive naive",4,NA,NA,0,"naive",-0.147658742298735,0.677750410509031,0.138541574965981,"J1973_J5922","postknowledge","J1973_J5922_postknowledge",0,0,"J1973_postknowledge","J5922_postknowledge",0,0,-0.499376761210493,-0.451405062337721
"J5926 J1973",1,"J5926 J1973",1,"J1973","J5926","naive","naive","naive naive",1,NA,NA,0,"naive",-0.498090256889084,-2.32224958949097,-0.474699993690219,"J1973_J5926","postknowledge","J1973_J5926_postknowledge",0,0,"J1973_postknowledge","J5926_postknowledge",0,0,-0.499376761210493,-0.451405062337721
"J1973 J5939",1,"J1973 J5939",1,"J1973","J5939","naive","naive","naive naive",4,NA,NA,0,"naive",-0.147658742298735,0.677750410509031,0.138541574965981,"J1973_J5939","postknowledge","J1973_J5939_postknowledge",0,0,"J1973_postknowledge","J5939_postknowledge",0,0,-0.499376761210493,-0.451405062337721
"J1973 J6017",2,"J1973 J6017",2,"J1973","J6017","naive","naive","naive naive",2,NA,NA,0,"naive",-0.381279752025634,-1.32224958949097,-0.270286137471486,"J1973_J6017","postknowledge","J1973_J6017_postknowledge",0,0,"J1973_postknowledge","J6017_postknowledge",0,0,-0.499376761210493,-0.451405062337721
"J640 J1973",6,"J640 J1973",6,"J1973","J640","naive","naive","naive naive",6,NA,NA,0,"naive",0.0859622674281642,2.67775041050903,0.547369287403447,"J1973_J640","postknowledge","J1973_J640_postknowledge",0,0,"J1973_postknowledge","J640_postknowledge",0,0,-0.499376761210493,-0.451405062337721
"J664 J1973",43,"J664 J1973",43,"J1973","J664","knowledge","naive","knowledge naive",43,NA,NA,0,"knowledge",4.4079509473758,34.75,2.90586521129401,"J1973_J664","postknowledge","J1973_J664_postknowledge",0,0,"J1973_postknowledge","J664_postknowledge",0,0,-0.499376761210493,-0.451405062337721
"J2039 J2168",13,"J2039 J2168",13,"J2039","J2168","naive","naive","naive naive",13,NA,NA,0,"naive",0.903635801472311,9.67775041050903,1.97826628093458,"J2039_J2168","postknowledge","J2039_J2168_postknowledge",1,1,"J2039_postknowledge","J2168_postknowledge",6,49,-0.232566345056145,2.46947484725502
"J2039 J2377",15,"J2039 J2377",15,"J2039","J2377","naive","naive","naive naive",8.5,NA,NA,0,"naive",0.377988529586788,5.17775041050903,1.05840392795028,"J2039_J2377","postknowledge","J2039_J2377_postknowledge",0,0,"J2039_postknowledge","J2377_postknowledge",6,1,-0.232566345056145,-0.3917952682644
"J2621 J2039",1,"J2621 J2039",1,"J2039","J2621","naive","naive","naive naive",1,NA,NA,0,"naive",-0.498090256889084,-2.32224958949097,-0.474699993690219,"J2039_J2621","postknowledge","J2039_J2621_postknowledge",0,0,"J2039_postknowledge","J2621_postknowledge",6,1,-0.232566345056145,-0.3917952682644
"J2661 J2039",2,"J2661 J2039",2,"J2039","J2661","naive","naive","naive naive",2,NA,NA,0,"naive",-0.381279752025634,-1.32224958949097,-0.270286137471486,"J2039_J2661","postknowledge","J2039_J2661_postknowledge",0,0,"J2039_postknowledge","J2661_postknowledge",6,3,-0.232566345056145,-0.272575680117757
"J2039 J2701",2,"J2039 J2701",2,"J2039","J2701","naive","naive","naive naive",1.5,NA,NA,0,"naive",-0.439685004457359,-1.82224958949097,-0.372493065580853,"J2039_J2701","postknowledge","J2039_J2701_postknowledge",0,0,"J2039_postknowledge","J2701_postknowledge",6,0,-0.232566345056145,-0.451405062337721
"J2039 J2941",2,"J2039 J2941",2,"J2039","J2941","naive","naive","naive naive",2,NA,NA,0,"naive",-0.381279752025634,-1.32224958949097,-0.270286137471486,"J2039_J2941","postknowledge","J2039_J2941_postknowledge",0,0,"J2039_postknowledge","J2941_postknowledge",6,0,-0.232566345056145,-0.451405062337721
"J3715 J2039",2,"J3715 J2039",2,"J2039","J3715","naive","naive","naive naive",2,0.0208333333333333,NA,1,"naive",-0.381279752025634,-1.32224958949097,-0.270286137471486,"J2039_J3715","postknowledge","J2039_J3715_postknowledge",2,1,"J2039_postknowledge","J3715_postknowledge",6,40,-0.232566345056145,1.93298670059513
"J2039 J3753",1,"J2039 J3753",1,"J2039","J3753","naive","naive","naive naive",1,NA,NA,0,"naive",-0.498090256889084,-2.32224958949097,-0.474699993690219,"J2039_J3753","postknowledge","J2039_J3753_postknowledge",0,0,"J2039_postknowledge","J3753_postknowledge",6,17,-0.232566345056145,0.561961436908741
"J3769 J2039",2,"J3769 J2039",2,"J2039","J3769","knowledge","naive","knowledge naive",2,NA,NA,0,"knowledge",-0.381279752025634,-6.25,-0.522637627930578,"J2039_J3769","postknowledge","J2039_J3769_postknowledge",0,0,"J2039_postknowledge","J3769_postknowledge",6,0,-0.232566345056145,-0.451405062337721
"J4104 J2039",2,"J4104 J2039",2,"J2039","J4104","naive","naive","naive naive",2,NA,NA,0,"naive",-0.381279752025634,-1.32224958949097,-0.270286137471486,"J2039_J4104","postknowledge","J2039_J4104_postknowledge",0,0,"J2039_postknowledge","J4104_postknowledge",6,0,-0.232566345056145,-0.451405062337721
"J4162 J2039",5,"J4162 J2039",5,"J2039","J4162","knowledge","naive","knowledge naive",5,NA,NA,0,"knowledge",-0.0308482374352854,-3.25,-0.271771566523901,"J2039_J4162","postknowledge","J2039_J4162_postknowledge",0,0,"J2039_postknowledge","J4162_postknowledge",6,3,-0.232566345056145,-0.272575680117757
"J4315 J2039",11,"J4315 J2039",11,"J2039","J4315","knowledge","naive","knowledge naive",11,NA,NA,0,"knowledge",0.670014791745412,2.75,0.229960556289454,"J2039_J4315","postknowledge","J2039_J4315_postknowledge",0,0,"J2039_postknowledge","J4315_postknowledge",6,9,-0.232566345056145,0.0850830843221708
"J4715 J2039",2,"J4715 J2039",2,"J2039","J4715","naive","naive","naive naive",2,NA,NA,0,"naive",-0.381279752025634,-1.32224958949097,-0.270286137471486,"J2039_J4715","postknowledge","J2039_J4715_postknowledge",0,0,"J2039_postknowledge","J4715_postknowledge",6,3,-0.232566345056145,-0.272575680117757
"J2039 J4819",2,"J2039 J4819",2,"J2039","J4819","naive","naive","naive naive",2,0.0238095238095238,NA,1,"naive",-0.381279752025634,-1.32224958949097,-0.270286137471486,"J2039_J4819","postknowledge","J2039_J4819_postknowledge",0,0,"J2039_postknowledge","J4819_postknowledge",6,0,-0.232566345056145,-0.451405062337721
"J4954 J2039",4,"J4954 J2039",4,"J2039","J4954","naive","naive","naive naive",4,NA,NA,0,"naive",-0.147658742298735,0.677750410509031,0.138541574965981,"J2039_J4954","postknowledge","J2039_J4954_postknowledge",0,0,"J2039_postknowledge","J4954_postknowledge",6,76,-0.232566345056145,4.0789392872347
"J4967 J2039",31,"J4967 J2039",31,"J2039","J4967","knowledge","naive","knowledge naive",31,NA,NA,0,"knowledge",3.0062248890144,22.75,1.9024009656673,"J2039_J4967","postknowledge","J2039_J4967_postknowledge",0,0,"J2039_postknowledge","J4967_postknowledge",6,3,-0.232566345056145,-0.272575680117757
"J2039 J5043",1,"J2039 J5043",1,"J2039","J5043","naive","naive","naive naive",1,NA,NA,0,"naive",-0.498090256889084,-2.32224958949097,-0.474699993690219,"J2039_J5043","postknowledge","J2039_J5043_postknowledge",0,0,"J2039_postknowledge","J5043_postknowledge",6,2,-0.232566345056145,-0.332185474191078
"J505 J2039",16,"J505 J2039",16,"J2039","J505","naive","naive","naive naive",16,NA,NA,0,"naive",1.25406731606266,12.677750410509,2.59150784959078,"J2039_J505","postknowledge","J2039_J505_postknowledge",0,0,"J2039_postknowledge","J505_postknowledge",6,22,-0.232566345056145,0.860010407275348
"J2039 J5316",1,"J2039 J5316",1,"J2039","J5316","naive","naive","naive naive",3,NA,NA,0,"naive",-0.264469247162184,-0.322249589490969,-0.0658722812527527,"J2039_J5316","postknowledge","J2039_J5316_postknowledge",0,0,"J2039_postknowledge","J5316_postknowledge",6,37,-0.232566345056145,1.75415731837517
"J2039 J5477",4,"J2039 J5477",4,"J2039","J5477","naive","naive","naive naive",3,NA,NA,0,"naive",-0.264469247162184,-0.322249589490969,-0.0658722812527527,"J2039_J5477","postknowledge","J2039_J5477_postknowledge",0,0,"J2039_postknowledge","J5477_postknowledge",6,36,-0.232566345056145,1.69454752430185
"J2039 J5498",1,"J2039 J5498",1,"J2039","J5498","naive","naive","naive naive",1,NA,NA,0,"naive",-0.498090256889084,-2.32224958949097,-0.474699993690219,"J2039_J5498","postknowledge","J2039_J5498_postknowledge",1,1,"J2039_postknowledge","J5498_postknowledge",6,5,-0.232566345056145,-0.153356091971114
"J2039 J5645",2,"J2039 J5645",2,"J2039","J5645","naive","naive","naive naive",2,NA,NA,0,"naive",-0.381279752025634,-1.32224958949097,-0.270286137471486,"J2039_J5645","postknowledge","J2039_J5645_postknowledge",0,0,"J2039_postknowledge","J5645_postknowledge",6,0,-0.232566345056145,-0.451405062337721
"J2039 J5649",1,"J2039 J5649",1,"J2039","J5649","naive","naive","naive naive",1,NA,NA,0,"naive",-0.498090256889084,-2.32224958949097,-0.474699993690219,"J2039_J5649","postknowledge","J2039_J5649_postknowledge",0,0,"J2039_postknowledge","J5649_postknowledge",6,0,-0.232566345056145,-0.451405062337721
"J5809 J2039",2,"J5809 J2039",2,"J2039","J5809","naive","naive","naive naive",2,NA,NA,0,"naive",-0.381279752025634,-1.32224958949097,-0.270286137471486,"J2039_J5809","postknowledge","J2039_J5809_postknowledge",0,0,"J2039_postknowledge","J5809_postknowledge",6,0,-0.232566345056145,-0.451405062337721
"J5810 J2039",12,"J5810 J2039",12,"J2039","J5810","knowledge","naive","knowledge naive",12,NA,NA,0,"knowledge",0.786825296608862,3.75,0.313582576758347,"J2039_J5810","postknowledge","J2039_J5810_postknowledge",0,0,"J2039_postknowledge","J5810_postknowledge",6,0,-0.232566345056145,-0.451405062337721
"J5874 J2039",6,"J5874 J2039",6,"J2039","J5874","naive","naive","naive naive",6,NA,NA,0,"naive",0.0859622674281642,2.67775041050903,0.547369287403447,"J2039_J5874","postknowledge","J2039_J5874_postknowledge",0,0,"J2039_postknowledge","J5874_postknowledge",6,0,-0.232566345056145,-0.451405062337721
"J5922 J2039",4,"J5922 J2039",4,"J2039","J5922","naive","naive","naive naive",4,NA,NA,0,"naive",-0.147658742298735,0.677750410509031,0.138541574965981,"J2039_J5922","postknowledge","J2039_J5922_postknowledge",0,0,"J2039_postknowledge","J5922_postknowledge",6,0,-0.232566345056145,-0.451405062337721
"J2039 J5939",6,"J2039 J5939",6,"J2039","J5939","naive","naive","naive naive",4.5,0.0625,NA,1,"naive",-0.0892534898670101,1.17775041050903,0.240748503075347,"J2039_J5939","postknowledge","J2039_J5939_postknowledge",0,0,"J2039_postknowledge","J5939_postknowledge",6,0,-0.232566345056145,-0.451405062337721
"J2115 J3526",2,"J2115 J3526",2,"J2115","J3526","naive","naive","naive naive",2,NA,NA,0,"naive",-0.381279752025634,-1.32224958949097,-0.270286137471486,"J2115_J3526","postknowledge","J2115_J3526_postknowledge",0,0,"J2115_postknowledge","J3526_postknowledge",0,0,-0.499376761210493,-0.451405062337721
"J2115 J5087",3,"J2115 J5087",3,"J2115","J5087","naive","naive","naive naive",3,NA,NA,0,"naive",-0.264469247162184,-0.322249589490969,-0.0658722812527527,"J2115_J5087","postknowledge","J2115_J5087_postknowledge",0,0,"J2115_postknowledge","J5087_postknowledge",0,0,-0.499376761210493,-0.451405062337721
"J2128 J2124",3,"J2128 J2124",3,"J2124","J2128","knowledge","naive","knowledge naive",3,NA,NA,0,"knowledge",-0.264469247162184,-5.25,-0.439015607461686,"J2124_J2128","postknowledge","J2124_J2128_postknowledge",0,0,"J2124_postknowledge","J2128_postknowledge",50,0,1.72404337340908,-0.451405062337721
"J2124 J2941",2,"J2124 J2941",2,"J2124","J2941","naive","naive","naive naive",2,NA,NA,0,"naive",-0.381279752025634,-1.32224958949097,-0.270286137471486,"J2124_J2941","postknowledge","J2124_J2941_postknowledge",0,0,"J2124_postknowledge","J2941_postknowledge",50,0,1.72404337340908,-0.451405062337721
"J2961 J2124",9,"J2961 J2124",9,"J2124","J2961","naive","naive","naive naive",9,NA,NA,0,"naive",0.436393782018513,5.67775041050903,1.16061085605965,"J2124_J2961","postknowledge","J2124_J2961_postknowledge",0,0,"J2124_postknowledge","J2961_postknowledge",50,0,1.72404337340908,-0.451405062337721
"J2124 J3305",4,"J2124 J3305",4,"J2124","J3305","naive","naive","naive naive",4,NA,NA,0,"naive",-0.147658742298735,0.677750410509031,0.138541574965981,"J2124_J3305","postknowledge","J2124_J3305_postknowledge",0,0,"J2124_postknowledge","J3305_postknowledge",50,0,1.72404337340908,-0.451405062337721
"J2124 J3526",1,"J2124 J3526",1,"J2124","J3526","naive","naive","naive naive",1,0.0103092783505155,NA,1,"naive",-0.498090256889084,-2.32224958949097,-0.474699993690219,"J2124_J3526","postknowledge","J2124_J3526_postknowledge",0,0,"J2124_postknowledge","J3526_postknowledge",50,0,1.72404337340908,-0.451405062337721
"J2124 J3899",1,"J2124 J3899",1,"J2124","J3899","naive","naive","naive naive",1,NA,NA,0,"naive",-0.498090256889084,-2.32224958949097,-0.474699993690219,"J2124_J3899","postknowledge","J2124_J3899_postknowledge",0,0,"J2124_postknowledge","J3899_postknowledge",50,13,1.72404337340908,0.323522260615456
"J3987 J2124",12,"J3987 J2124",12,"J2124","J3987","knowledge","naive","knowledge naive",12,NA,NA,0,"knowledge",0.786825296608862,3.75,0.313582576758347,"J2124_J3987","postknowledge","J2124_J3987_postknowledge",0,0,"J2124_postknowledge","J3987_postknowledge",50,11,1.72404337340908,0.204302672468813
"J4104 J2124",4,"J4104 J2124",4,"J2124","J4104","naive","naive","naive naive",4,NA,NA,0,"naive",-0.147658742298735,0.677750410509031,0.138541574965981,"J2124_J4104","postknowledge","J2124_J4104_postknowledge",0,0,"J2124_postknowledge","J4104_postknowledge",50,0,1.72404337340908,-0.451405062337721
"J4304 J2124",4,"J4304 J2124",4,"J2124","J4304","knowledge","naive","knowledge naive",4,0.0333333333333333,NA,1,"knowledge",-0.147658742298735,-4.25,-0.355393586992793,"J2124_J4304","postknowledge","J2124_J4304_postknowledge",0,0,"J2124_postknowledge","J4304_postknowledge",50,0,1.72404337340908,-0.451405062337721
"J4776 J2124",2,"J4776 J2124",2,"J2124","J4776","naive","naive","naive naive",2,0.0172413793103448,NA,1,"naive",-0.381279752025634,-1.32224958949097,-0.270286137471486,"J2124_J4776","postknowledge","J2124_J4776_postknowledge",1,1,"J2124_postknowledge","J4776_postknowledge",50,3,1.72404337340908,-0.272575680117757
"J2124 J4951",2,"J2124 J4951",2,"J2124","J4951","naive","naive","naive naive",2,0.0133333333333333,NA,1,"naive",-0.381279752025634,-1.32224958949097,-0.270286137471486,"J2124_J4951","postknowledge","J2124_J4951_postknowledge",0,0,"J2124_postknowledge","J4951_postknowledge",50,0,1.72404337340908,-0.451405062337721
"J4986 J2124",2,"J4986 J2124",2,"J2124","J4986","naive","naive","naive naive",2,NA,NA,0,"naive",-0.381279752025634,-1.32224958949097,-0.270286137471486,"J2124_J4986","postknowledge","J2124_J4986_postknowledge",0,0,"J2124_postknowledge","J4986_postknowledge",50,56,1.72404337340908,2.88674340576827
"J5053 J2124",2,"J5053 J2124",2,"J2124","J5053","knowledge","naive","knowledge naive",2,NA,NA,0,"knowledge",-0.381279752025634,-6.25,-0.522637627930578,"J2124_J5053","postknowledge","J2124_J5053_postknowledge",4,1,"J2124_postknowledge","J5053_postknowledge",50,56,1.72404337340908,2.88674340576827
"J2124 J5087",2,"J2124 J5087",2,"J2124","J5087","naive","naive","naive naive",1.5,NA,NA,0,"naive",-0.439685004457359,-1.82224958949097,-0.372493065580853,"J2124_J5087","postknowledge","J2124_J5087_postknowledge",0,0,"J2124_postknowledge","J5087_postknowledge",50,0,1.72404337340908,-0.451405062337721
"J5089 J2124",2,"J5089 J2124",2,"J2124","J5089","knowledge","naive","knowledge naive",2,NA,NA,0,"knowledge",-0.381279752025634,-6.25,-0.522637627930578,"J2124_J5089","postknowledge","J2124_J5089_postknowledge",0,0,"J2124_postknowledge","J5089_postknowledge",50,0,1.72404337340908,-0.451405062337721
"J2124 J5215",1,"J2124 J5215",1,"J2124","J5215","naive","naive","naive naive",1,NA,NA,0,"naive",-0.498090256889084,-2.32224958949097,-0.474699993690219,"J2124_J5215","postknowledge","J2124_J5215_postknowledge",0,0,"J2124_postknowledge","J5215_postknowledge",50,10,1.72404337340908,0.144692878395492
"J5694 J2124",12,"J5694 J2124",12,"J2124","J5694","knowledge","naive","knowledge naive",12,NA,NA,0,"knowledge",0.786825296608862,3.75,0.313582576758347,"J2124_J5694","postknowledge","J2124_J5694_postknowledge",0,0,"J2124_postknowledge","J5694_postknowledge",50,0,1.72404337340908,-0.451405062337721
"J5695 J2124",6,"J5695 J2124",6,"J2124","J5695","knowledge","naive","knowledge naive",6,NA,NA,0,"knowledge",0.0859622674281642,-2.25,-0.188149546055008,"J2124_J5695","postknowledge","J2124_J5695_postknowledge",0,0,"J2124_postknowledge","J5695_postknowledge",50,0,1.72404337340908,-0.451405062337721
"J5730 J2124",4,"J5730 J2124",4,"J2124","J5730","knowledge","naive","knowledge naive",4,NA,NA,0,"knowledge",-0.147658742298735,-4.25,-0.355393586992793,"J2124_J5730","postknowledge","J2124_J5730_postknowledge",0,0,"J2124_postknowledge","J5730_postknowledge",50,0,1.72404337340908,-0.451405062337721
"J5766 J2124",2,"J5766 J2124",2,"J2124","J5766","naive","naive","naive naive",2,NA,NA,0,"naive",-0.381279752025634,-1.32224958949097,-0.270286137471486,"J2124_J5766","postknowledge","J2124_J5766_postknowledge",0,0,"J2124_postknowledge","J5766_postknowledge",50,0,1.72404337340908,-0.451405062337721
"J6056 J2124",2,"J6056 J2124",2,"J2124","J6056","naive","naive","naive naive",2,NA,NA,0,"naive",-0.381279752025634,-1.32224958949097,-0.270286137471486,"J2124_J6056","postknowledge","J2124_J6056_postknowledge",0,0,"J2124_postknowledge","J6056_postknowledge",50,0,1.72404337340908,-0.451405062337721
"J2124 J972",2,"J2124 J972",2,"J2124","J972","naive","naive","naive naive",2,NA,NA,0,"naive",-0.381279752025634,-1.32224958949097,-0.270286137471486,"J2124_J972","postknowledge","J2124_J972_postknowledge",0,0,"J2124_postknowledge","J972_postknowledge",50,0,1.72404337340908,-0.451405062337721
"J2128 J2196",1,"J2128 J2196",1,"J2128","J2196","knowledge","naive","knowledge naive",1,0.0112359550561798,NA,1,"knowledge",-0.498090256889084,-7.25,-0.606259648399471,"J2128_J2196","postknowledge","J2128_J2196_postknowledge",0,0,"J2128_postknowledge","J2196_postknowledge",0,58,-0.499376761210493,3.00596299391492
"J2128 J2197",8,"J2128 J2197",8,"J2128","J2197","knowledge","naive","knowledge naive",8,NA,NA,0,"knowledge",0.319583277155063,-0.25,-0.0209055051172231,"J2128_J2197","postknowledge","J2128_J2197_postknowledge",0,0,"J2128_postknowledge","J2197_postknowledge",0,0,-0.499376761210493,-0.451405062337721
"J2128 J2392",10,"J2128 J2392",10,"J2128","J2392","knowledge","naive","knowledge naive",10,NA,NA,0,"knowledge",0.553204286881962,1.75,0.146338535820562,"J2128_J2392","postknowledge","J2128_J2392_postknowledge",0,0,"J2128_postknowledge","J2392_postknowledge",0,76,-0.499376761210493,4.0789392872347
"J2128 J2941",29,"J2128 J2941",29,"J2128","J2941","knowledge","naive","knowledge naive",29,NA,NA,0,"knowledge",2.7726038792875,20.75,1.73515692472952,"J2128_J2941","postknowledge","J2128_J2941_postknowledge",0,0,"J2128_postknowledge","J2941_postknowledge",0,0,-0.499376761210493,-0.451405062337721
"J2128 J2952",12,"J2128 J2952",12,"J2128","J2952","knowledge","naive","knowledge naive",12,NA,NA,0,"knowledge",0.786825296608862,3.75,0.313582576758347,"J2128_J2952","postknowledge","J2128_J2952_postknowledge",0,0,"J2128_postknowledge","J2952_postknowledge",0,0,-0.499376761210493,-0.451405062337721
"J2128 J2961",58,"J2128 J2961",58,"J2128","J2961","knowledge","naive","knowledge naive",58,NA,NA,0,"knowledge",6.16010852032754,49.75,4.1601955183274,"J2128_J2961","postknowledge","J2128_J2961_postknowledge",0,0,"J2128_postknowledge","J2961_postknowledge",0,0,-0.499376761210493,-0.451405062337721
"J2128 J3462",4,"J2128 J3462",4,"J2128","J3462","knowledge","naive","knowledge naive",4,NA,NA,0,"knowledge",-0.147658742298735,-4.25,-0.355393586992793,"J2128_J3462","postknowledge","J2128_J3462_postknowledge",0,0,"J2128_postknowledge","J3462_postknowledge",0,0,-0.499376761210493,-0.451405062337721
"J2128 J3749",3,"J2128 J3749",3,"J2128","J3749","knowledge","naive","knowledge naive",3,NA,NA,0,"knowledge",-0.264469247162184,-5.25,-0.439015607461686,"J2128_J3749","postknowledge","J2128_J3749_postknowledge",0,0,"J2128_postknowledge","J3749_postknowledge",0,30,-0.499376761210493,1.33688875986192
"J2128 J3759",1,"J2128 J3759",1,"J2128","J3759","knowledge","knowledge","knowledge knowledge",1,NA,NA,0,"knowledge",-0.498090256889084,-4.84134615384615,-0.982954874545535,"J2128_J3759","postknowledge","J2128_J3759_postknowledge",0,0,"J2128_postknowledge","J3759_postknowledge",0,44,-0.499376761210493,2.17142587688842
"J2128 J3987",2,"J2128 J3987",2,"J2128","J3987","knowledge","knowledge","knowledge knowledge",2,NA,NA,0,"knowledge",-0.381279752025634,-3.84134615384615,-0.77992149430177,"J2128_J3987","postknowledge","J2128_J3987_postknowledge",0,0,"J2128_postknowledge","J3987_postknowledge",0,11,-0.499376761210493,0.204302672468813
"J2128 J4046",2,"J2128 J4046",2,"J2128","J4046","knowledge","naive","knowledge naive",2,0.0204081632653061,NA,1,"knowledge",-0.381279752025634,-6.25,-0.522637627930578,"J2128_J4046","postknowledge","J2128_J4046_postknowledge",0,0,"J2128_postknowledge","J4046_postknowledge",0,40,-0.499376761210493,1.93298670059513
"J2128 J4104",22,"J2128 J4104",22,"J2128","J4104","knowledge","naive","knowledge naive",22,NA,NA,0,"knowledge",1.95493034524336,13.75,1.14980278144727,"J2128_J4104","postknowledge","J2128_J4104_postknowledge",0,0,"J2128_postknowledge","J4104_postknowledge",0,0,-0.499376761210493,-0.451405062337721
"J2128 J4151",4,"J2128 J4151",4,"J2128","J4151","knowledge","naive","knowledge naive",4,NA,NA,0,"knowledge",-0.147658742298735,-4.25,-0.355393586992793,"J2128_J4151","postknowledge","J2128_J4151_postknowledge",0,0,"J2128_postknowledge","J4151_postknowledge",0,26,-0.499376761210493,1.09844958356863
"J4304 J2128",15,"J4304 J2128",15,"J2128","J4304","knowledge","knowledge","knowledge knowledge",15,NA,NA,0,"knowledge",1.13725681119921,9.15865384615385,1.85951244886717,"J2128_J4304","postknowledge","J2128_J4304_postknowledge",0,0,"J2128_postknowledge","J4304_postknowledge",0,0,-0.499376761210493,-0.451405062337721
"J2128 J4569",11,"J2128 J4569",11,"J2128","J4569","knowledge","naive","knowledge naive",11,NA,NA,0,"knowledge",0.670014791745412,2.75,0.229960556289454,"J2128_J4569","postknowledge","J2128_J4569_postknowledge",0,0,"J2128_postknowledge","J4569_postknowledge",0,0,-0.499376761210493,-0.451405062337721
"J2128 J4776",10,"J2128 J4776",10,"J2128","J4776","knowledge","naive","knowledge naive",10,NA,NA,0,"knowledge",0.553204286881962,1.75,0.146338535820562,"J2128_J4776","postknowledge","J2128_J4776_postknowledge",0,0,"J2128_postknowledge","J4776_postknowledge",0,3,-0.499376761210493,-0.272575680117757
"J2128 J4951",14,"J2128 J4951",14,"J2128","J4951","knowledge","naive","knowledge naive",14,NA,NA,0,"knowledge",1.02044630633576,5.75,0.480826617696132,"J2128_J4951","postknowledge","J2128_J4951_postknowledge",0,0,"J2128_postknowledge","J4951_postknowledge",0,0,-0.499376761210493,-0.451405062337721
"J2128 J4954",2,"J2128 J4954",2,"J2128","J4954","knowledge","naive","knowledge naive",2,0.00952380952380952,NA,1,"knowledge",-0.381279752025634,-6.25,-0.522637627930578,"J2128_J4954","postknowledge","J2128_J4954_postknowledge",0,0,"J2128_postknowledge","J4954_postknowledge",0,76,-0.499376761210493,4.0789392872347
"J2128 J4961",1,"J2128 J4961",1,"J2128","J4961","knowledge","naive","knowledge naive",1,NA,NA,0,"knowledge",-0.498090256889084,-7.25,-0.606259648399471,"J2128_J4961","postknowledge","J2128_J4961_postknowledge",0,0,"J2128_postknowledge","J4961_postknowledge",0,0,-0.499376761210493,-0.451405062337721
"J2128 J4986",2,"J2128 J4986",2,"J2128","J4986","knowledge","naive","knowledge naive",2,NA,NA,0,"knowledge",-0.381279752025634,-6.25,-0.522637627930578,"J2128_J4986","postknowledge","J2128_J4986_postknowledge",0,0,"J2128_postknowledge","J4986_postknowledge",0,56,-0.499376761210493,2.88674340576827
"J2128 J5087",43,"J2128 J5087",43,"J2128","J5087","knowledge","naive","knowledge naive",43,NA,NA,0,"knowledge",4.4079509473758,34.75,2.90586521129401,"J2128_J5087","postknowledge","J2128_J5087_postknowledge",0,0,"J2128_postknowledge","J5087_postknowledge",0,0,-0.499376761210493,-0.451405062337721
"J2128 J5089",4,"J2128 J5089",4,"J2128","J5089","knowledge","knowledge","knowledge knowledge",4.5,0.0454545454545455,NA,1,"knowledge",-0.0892534898670101,-1.34134615384615,-0.272338043692358,"J2128_J5089","postknowledge","J2128_J5089_postknowledge",0,0,"J2128_postknowledge","J5089_postknowledge",0,0,-0.499376761210493,-0.451405062337721
"J2128 J5121",1,"J2128 J5121",1,"J2128","J5121","knowledge","knowledge","knowledge knowledge",1,NA,NA,0,"knowledge",-0.498090256889084,-4.84134615384615,-0.982954874545535,"J2128_J5121","postknowledge","J2128_J5121_postknowledge",0,0,"J2128_postknowledge","J5121_postknowledge",0,25,-0.499376761210493,1.03883978949531
"J2128 J5694",4,"J2128 J5694",4,"J2128","J5694","knowledge","knowledge","knowledge knowledge",4,NA,NA,0,"knowledge",-0.147658742298735,-1.84134615384615,-0.37385473381424,"J2128_J5694","postknowledge","J2128_J5694_postknowledge",0,0,"J2128_postknowledge","J5694_postknowledge",0,0,-0.499376761210493,-0.451405062337721
"J2128 J5695",8,"J2128 J5695",8,"J2128","J5695","knowledge","knowledge","knowledge knowledge",5.5,NA,NA,0,"knowledge",0.0275570149964394,-0.341346153846154,-0.0693046634485929,"J2128_J5695","postknowledge","J2128_J5695_postknowledge",0,0,"J2128_postknowledge","J5695_postknowledge",0,0,-0.499376761210493,-0.451405062337721
"J2128 J5728B",1,"J2128 J5728B",1,"J2128","J5728B","knowledge","naive","knowledge naive",1,0.0232558139534884,NA,1,"knowledge",-0.498090256889084,-7.25,-0.606259648399471,"J2128_J5728B","postknowledge","J2128_J5728B_postknowledge",0,0,"J2128_postknowledge","J5728B_postknowledge",0,0,-0.499376761210493,-0.451405062337721
"J2128 J5730",3,"J2128 J5730",3,"J2128","J5730","knowledge","knowledge","knowledge knowledge",2.5,NA,NA,0,"knowledge",-0.322874499593909,-3.34134615384615,-0.678404804179888,"J2128_J5730","postknowledge","J2128_J5730_postknowledge",0,0,"J2128_postknowledge","J5730_postknowledge",0,0,-0.499376761210493,-0.451405062337721
"J2128 J5763",1,"J2128 J5763",1,"J2128","J5763","knowledge","naive","knowledge naive",1,0.0352941176470588,NA,1,"knowledge",-0.498090256889084,-7.25,-0.606259648399471,"J2128_J5763","postknowledge","J2128_J5763_postknowledge",0,0,"J2128_postknowledge","J5763_postknowledge",0,0,-0.499376761210493,-0.451405062337721
"J2128 J5766",4,"J2128 J5766",4,"J2128","J5766","knowledge","naive","knowledge naive",4,NA,NA,0,"knowledge",-0.147658742298735,-4.25,-0.355393586992793,"J2128_J5766","postknowledge","J2128_J5766_postknowledge",0,0,"J2128_postknowledge","J5766_postknowledge",0,0,-0.499376761210493,-0.451405062337721
"J2128 J5888",1,"J2128 J5888",1,"J2128","J5888","knowledge","naive","knowledge naive",1,NA,NA,0,"knowledge",-0.498090256889084,-7.25,-0.606259648399471,"J2128_J5888","postknowledge","J2128_J5888_postknowledge",0,0,"J2128_postknowledge","J5888_postknowledge",0,0,-0.499376761210493,-0.451405062337721
"J2128 J972",9,"J2128 J972",9,"J2128","J972","knowledge","naive","knowledge naive",9,NA,NA,0,"knowledge",0.436393782018513,0.75,0.0627165153516694,"J2128_J972","postknowledge","J2128_J972_postknowledge",0,0,"J2128_postknowledge","J972_postknowledge",0,0,-0.499376761210493,-0.451405062337721
"J2149 J2375",1,"J2149 J2375",1,"J2149","J2375","naive","naive","naive naive",1,NA,NA,0,"naive",-0.498090256889084,-2.32224958949097,-0.474699993690219,"J2149_J2375","postknowledge","J2149_J2375_postknowledge",0,0,"J2149_postknowledge","J2375_postknowledge",0,0,-0.499376761210493,-0.451405062337721
"J2701 J2149",3,"J2701 J2149",3,"J2149","J2701","naive","naive","naive naive",3,NA,NA,0,"naive",-0.264469247162184,-0.322249589490969,-0.0658722812527527,"J2149_J2701","postknowledge","J2149_J2701_postknowledge",0,0,"J2149_postknowledge","J2701_postknowledge",0,0,-0.499376761210493,-0.451405062337721
"J2377 J2168",2,"J2377 J2168",2,"J2168","J2377","naive","naive","naive naive",2,NA,NA,0,"naive",-0.381279752025634,-1.32224958949097,-0.270286137471486,"J2168_J2377","postknowledge","J2168_J2377_postknowledge",0,0,"J2168_postknowledge","J2377_postknowledge",49,1,1.67957497071669,-0.3917952682644
"J2392 J2168",1,"J2392 J2168",1,"J2168","J2392","naive","naive","naive naive",1,NA,NA,0,"naive",-0.498090256889084,-2.32224958949097,-0.474699993690219,"J2168_J2392","postknowledge","J2168_J2392_postknowledge",0,0,"J2168_postknowledge","J2392_postknowledge",49,76,1.67957497071669,4.0789392872347
"J2621 J2168",3,"J2621 J2168",3,"J2168","J2621","naive","naive","naive naive",3,NA,NA,0,"naive",-0.264469247162184,-0.322249589490969,-0.0658722812527527,"J2168_J2621","postknowledge","J2168_J2621_postknowledge",0,0,"J2168_postknowledge","J2621_postknowledge",49,1,1.67957497071669,-0.3917952682644
"J2941 J2168",2,"J2941 J2168",2,"J2168","J2941","naive","naive","naive naive",2,NA,NA,0,"naive",-0.381279752025634,-1.32224958949097,-0.270286137471486,"J2168_J2941","postknowledge","J2168_J2941_postknowledge",0,0,"J2168_postknowledge","J2941_postknowledge",49,0,1.67957497071669,-0.451405062337721
"J3228 J2168",2,"J3228 J2168",2,"J2168","J3228","naive","naive","naive naive",2,NA,NA,0,"naive",-0.381279752025634,-1.32224958949097,-0.270286137471486,"J2168_J3228","postknowledge","J2168_J3228_postknowledge",0,0,"J2168_postknowledge","J3228_postknowledge",49,0,1.67957497071669,-0.451405062337721
"J3305 J2168",7,"J3305 J2168",7,"J2168","J3305","naive","naive","naive naive",7,NA,NA,0,"naive",0.202772772291614,3.67775041050903,0.75178314362218,"J2168_J3305","postknowledge","J2168_J3305_postknowledge",0,0,"J2168_postknowledge","J3305_postknowledge",49,0,1.67957497071669,-0.451405062337721
"J3702 J2168",2,"J3702 J2168",2,"J2168","J3702","naive","naive","naive naive",2,0.0280373831775701,NA,1,"naive",-0.381279752025634,-1.32224958949097,-0.270286137471486,"J2168_J3702","postknowledge","J2168_J3702_postknowledge",0,0,"J2168_postknowledge","J3702_postknowledge",49,0,1.67957497071669,-0.451405062337721
"J3769 J2168",10,"J3769 J2168",10,"J2168","J3769","knowledge","naive","knowledge naive",10,NA,NA,0,"knowledge",0.553204286881962,1.75,0.146338535820562,"J2168_J3769","postknowledge","J2168_J3769_postknowledge",0,0,"J2168_postknowledge","J3769_postknowledge",49,0,1.67957497071669,-0.451405062337721
"J2168 J4011",1,"J2168 J4011",1,"J2168","J4011","naive","naive","naive naive",1,NA,NA,0,"naive",-0.498090256889084,-2.32224958949097,-0.474699993690219,"J2168_J4011","postknowledge","J2168_J4011_postknowledge",0,0,"J2168_postknowledge","J4011_postknowledge",49,0,1.67957497071669,-0.451405062337721
"J4044 J2168",5,"J4044 J2168",5,"J2168","J4044","naive","naive","naive naive",5,NA,NA,0,"naive",-0.0308482374352854,1.67775041050903,0.342955431184714,"J2168_J4044","postknowledge","J2168_J4044_postknowledge",0,0,"J2168_postknowledge","J4044_postknowledge",49,0,1.67957497071669,-0.451405062337721
"J2168 J4104",2,"J2168 J4104",2,"J2168","J4104","naive","naive","naive naive",7,NA,NA,0,"naive",0.202772772291614,3.67775041050903,0.75178314362218,"J2168_J4104","postknowledge","J2168_J4104_postknowledge",0,0,"J2168_postknowledge","J4104_postknowledge",49,0,1.67957497071669,-0.451405062337721
"J4151 J2168",6,"J4151 J2168",6,"J2168","J4151","naive","naive","naive naive",6,NA,NA,0,"naive",0.0859622674281642,2.67775041050903,0.547369287403447,"J2168_J4151","postknowledge","J2168_J4151_postknowledge",0,0,"J2168_postknowledge","J4151_postknowledge",49,26,1.67957497071669,1.09844958356863
"J4162 J2168",14,"J4162 J2168",14,"J2168","J4162","knowledge","naive","knowledge naive",14,NA,NA,0,"knowledge",1.02044630633576,5.75,0.480826617696132,"J2168_J4162","postknowledge","J2168_J4162_postknowledge",0,0,"J2168_postknowledge","J4162_postknowledge",49,3,1.67957497071669,-0.272575680117757
"J42 J2168",9,"J42 J2168",9,"J2168","J42","naive","naive","naive naive",9,0.0103092783505155,NA,1,"naive",0.436393782018513,5.67775041050903,1.16061085605965,"J2168_J42","postknowledge","J2168_J42_postknowledge",0,0,"J2168_postknowledge","J42_postknowledge",49,0,1.67957497071669,-0.451405062337721
"J4315 J2168",19,"J4315 J2168",19,"J2168","J4315","knowledge","naive","knowledge naive",19,NA,NA,0,"knowledge",1.60449883065301,10.75,0.898936720040594,"J2168_J4315","postknowledge","J2168_J4315_postknowledge",0,0,"J2168_postknowledge","J4315_postknowledge",49,9,1.67957497071669,0.0850830843221708
"J4514 J2168",2,"J4514 J2168",2,"J2168","J4514","knowledge","naive","knowledge naive",2,NA,NA,0,"knowledge",-0.381279752025634,-6.25,-0.522637627930578,"J2168_J4514","postknowledge","J2168_J4514_postknowledge",0,0,"J2168_postknowledge","J4514_postknowledge",49,18,1.67957497071669,0.621571230982063
"J4601 J2168",2,"J4601 J2168",2,"J2168","J4601","knowledge","naive","knowledge naive",2,NA,NA,0,"knowledge",-0.381279752025634,-6.25,-0.522637627930578,"J2168_J4601","postknowledge","J2168_J4601_postknowledge",0,0,"J2168_postknowledge","J4601_postknowledge",49,0,1.67957497071669,-0.451405062337721
"J4954 J2168",2,"J4954 J2168",2,"J2168","J4954","naive","naive","naive naive",2,0.00714285714285714,NA,1,"naive",-0.381279752025634,-1.32224958949097,-0.270286137471486,"J2168_J4954","postknowledge","J2168_J4954_postknowledge",2,1,"J2168_postknowledge","J4954_postknowledge",49,76,1.67957497071669,4.0789392872347
"J5017 J2168",2,"J5017 J2168",2,"J2168","J5017","naive","naive","naive naive",2,NA,NA,0,"naive",-0.381279752025634,-1.32224958949097,-0.270286137471486,"J2168_J5017","postknowledge","J2168_J5017_postknowledge",0,0,"J2168_postknowledge","J5017_postknowledge",49,0,1.67957497071669,-0.451405062337721
"J505 J2168",3,"J505 J2168",3,"J2168","J505","naive","naive","naive naive",3,NA,NA,0,"naive",-0.264469247162184,-0.322249589490969,-0.0658722812527527,"J2168_J505","postknowledge","J2168_J505_postknowledge",0,0,"J2168_postknowledge","J505_postknowledge",49,22,1.67957497071669,0.860010407275348
"J5087 J2168",2,"J5087 J2168",2,"J2168","J5087","naive","naive","naive naive",2,NA,NA,0,"naive",-0.381279752025634,-1.32224958949097,-0.270286137471486,"J2168_J5087","postknowledge","J2168_J5087_postknowledge",0,0,"J2168_postknowledge","J5087_postknowledge",49,0,1.67957497071669,-0.451405062337721
"J5095 J2168",2,"J5095 J2168",2,"J2168","J5095","naive","naive","naive naive",2,NA,NA,0,"naive",-0.381279752025634,-1.32224958949097,-0.270286137471486,"J2168_J5095","postknowledge","J2168_J5095_postknowledge",0,0,"J2168_postknowledge","J5095_postknowledge",49,15,1.67957497071669,0.442741848762099
"J5167 J2168",2,"J5167 J2168",2,"J2168","J5167","naive","naive","naive naive",2,NA,NA,0,"naive",-0.381279752025634,-1.32224958949097,-0.270286137471486,"J2168_J5167","postknowledge","J2168_J5167_postknowledge",0,0,"J2168_postknowledge","J5167_postknowledge",49,0,1.67957497071669,-0.451405062337721
"J5184 J2168",2,"J5184 J2168",2,"J2168","J5184","naive","naive","naive naive",2,NA,NA,0,"naive",-0.381279752025634,-1.32224958949097,-0.270286137471486,"J2168_J5184","postknowledge","J2168_J5184_postknowledge",0,0,"J2168_postknowledge","J5184_postknowledge",49,0,1.67957497071669,-0.451405062337721
"J5316 J2168",1,"J5316 J2168",1,"J2168","J5316","naive","naive","naive naive",1,NA,NA,0,"naive",-0.498090256889084,-2.32224958949097,-0.474699993690219,"J2168_J5316","postknowledge","J2168_J5316_postknowledge",3,1,"J2168_postknowledge","J5316_postknowledge",49,37,1.67957497071669,1.75415731837517
"J5475 J2168",6,"J5475 J2168",6,"J2168","J5475","naive","naive","naive naive",6,NA,NA,0,"naive",0.0859622674281642,2.67775041050903,0.547369287403447,"J2168_J5475","postknowledge","J2168_J5475_postknowledge",0,0,"J2168_postknowledge","J5475_postknowledge",49,0,1.67957497071669,-0.451405062337721
"J5477 J2168",3,"J5477 J2168",3,"J2168","J5477","naive","naive","naive naive",3,0.0111111111111111,NA,1,"naive",-0.264469247162184,-0.322249589490969,-0.0658722812527527,"J2168_J5477","postknowledge","J2168_J5477_postknowledge",3,1,"J2168_postknowledge","J5477_postknowledge",49,36,1.67957497071669,1.69454752430185
"J2168 J5582",2,"J2168 J5582",2,"J2168","J5582","naive","naive","naive naive",2,NA,NA,0,"naive",-0.381279752025634,-1.32224958949097,-0.270286137471486,"J2168_J5582","postknowledge","J2168_J5582_postknowledge",1,1,"J2168_postknowledge","J5582_postknowledge",49,0,1.67957497071669,-0.451405062337721
"J5742 J2168",2,"J5742 J2168",2,"J2168","J5742","naive","naive","naive naive",2,0.0357142857142857,NA,1,"naive",-0.381279752025634,-1.32224958949097,-0.270286137471486,"J2168_J5742","postknowledge","J2168_J5742_postknowledge",0,0,"J2168_postknowledge","J5742_postknowledge",49,0,1.67957497071669,-0.451405062337721
"J5778 J2168",4,"J5778 J2168",4,"J2168","J5778","naive","naive","naive naive",4,0.0175438596491228,NA,1,"naive",-0.147658742298735,0.677750410509031,0.138541574965981,"J2168_J5778","postknowledge","J2168_J5778_postknowledge",0,0,"J2168_postknowledge","J5778_postknowledge",49,0,1.67957497071669,-0.451405062337721
"J5810 J2168",4,"J5810 J2168",4,"J2168","J5810","knowledge","naive","knowledge naive",4,NA,NA,0,"knowledge",-0.147658742298735,-4.25,-0.355393586992793,"J2168_J5810","postknowledge","J2168_J5810_postknowledge",0,0,"J2168_postknowledge","J5810_postknowledge",49,0,1.67957497071669,-0.451405062337721
"J5867 J2168",2,"J5867 J2168",2,"J2168","J5867","naive","naive","naive naive",2,NA,NA,0,"naive",-0.381279752025634,-1.32224958949097,-0.270286137471486,"J2168_J5867","postknowledge","J2168_J5867_postknowledge",0,0,"J2168_postknowledge","J5867_postknowledge",49,0,1.67957497071669,-0.451405062337721
"J5922 J2168",10,"J5922 J2168",10,"J2168","J5922","naive","naive","naive naive",10,NA,NA,0,"naive",0.553204286881962,6.67775041050903,1.36502471227838,"J2168_J5922","postknowledge","J2168_J5922_postknowledge",0,0,"J2168_postknowledge","J5922_postknowledge",49,0,1.67957497071669,-0.451405062337721
"J5926 J2168",4,"J5926 J2168",4,"J2168","J5926","naive","naive","naive naive",4,NA,NA,0,"naive",-0.147658742298735,0.677750410509031,0.138541574965981,"J2168_J5926","postknowledge","J2168_J5926_postknowledge",0,0,"J2168_postknowledge","J5926_postknowledge",49,0,1.67957497071669,-0.451405062337721
"J5939 J2168",4,"J5939 J2168",4,"J2168","J5939","naive","naive","naive naive",4,0.0149253731343284,NA,1,"naive",-0.147658742298735,0.677750410509031,0.138541574965981,"J2168_J5939","postknowledge","J2168_J5939_postknowledge",0,0,"J2168_postknowledge","J5939_postknowledge",49,0,1.67957497071669,-0.451405062337721
"J2168 J595",2,"J2168 J595",2,"J2168","J595","naive","naive","naive naive",3,NA,NA,0,"naive",-0.264469247162184,-0.322249589490969,-0.0658722812527527,"J2168_J595","postknowledge","J2168_J595_postknowledge",1,1,"J2168_postknowledge","J595_postknowledge",49,1,1.67957497071669,-0.3917952682644
"J5964 J2168",2,"J5964 J2168",2,"J2168","J5964","naive","naive","naive naive",2,NA,NA,0,"naive",-0.381279752025634,-1.32224958949097,-0.270286137471486,"J2168_J5964","postknowledge","J2168_J5964_postknowledge",0,0,"J2168_postknowledge","J5964_postknowledge",49,0,1.67957497071669,-0.451405062337721
"J6017 J2168",1,"J6017 J2168",1,"J2168","J6017","naive","naive","naive naive",1,NA,NA,0,"naive",-0.498090256889084,-2.32224958949097,-0.474699993690219,"J2168_J6017","postknowledge","J2168_J6017_postknowledge",0,0,"J2168_postknowledge","J6017_postknowledge",49,0,1.67957497071669,-0.451405062337721
"J640 J2168",2,"J640 J2168",2,"J2168","J640","naive","naive","naive naive",2,NA,NA,0,"naive",-0.381279752025634,-1.32224958949097,-0.270286137471486,"J2168_J640","postknowledge","J2168_J640_postknowledge",2,1,"J2168_postknowledge","J640_postknowledge",49,0,1.67957497071669,-0.451405062337721
"J831 J2168",2,"J831 J2168",2,"J2168","J831","knowledge","naive","knowledge naive",2,NA,NA,0,"knowledge",-0.381279752025634,-6.25,-0.522637627930578,"J2168_J831","postknowledge","J2168_J831_postknowledge",0,0,"J2168_postknowledge","J831_postknowledge",49,0,1.67957497071669,-0.451405062337721
"J2196 J2563",1,"J2196 J2563",1,"J2196","J2563","naive","naive","naive naive",1,NA,NA,0,"naive",-0.498090256889084,-2.32224958949097,-0.474699993690219,"J2196_J2563","postknowledge","J2196_J2563_postknowledge",0,0,"J2196_postknowledge","J2563_postknowledge",58,0,2.07979059494821,-0.451405062337721
"J2196 J2759",1,"J2196 J2759",1,"J2196","J2759","naive","naive","naive naive",1,NA,NA,0,"naive",-0.498090256889084,-2.32224958949097,-0.474699993690219,"J2196_J2759","postknowledge","J2196_J2759_postknowledge",0,0,"J2196_postknowledge","J2759_postknowledge",58,0,2.07979059494821,-0.451405062337721
"J2196 J2941",4,"J2196 J2941",4,"J2196","J2941","naive","naive","naive naive",6,NA,NA,0,"naive",0.0859622674281642,2.67775041050903,0.547369287403447,"J2196_J2941","postknowledge","J2196_J2941_postknowledge",0,0,"J2196_postknowledge","J2941_postknowledge",58,0,2.07979059494821,-0.451405062337721
"J2961 J2196",5,"J2961 J2196",5,"J2196","J2961","naive","naive","naive naive",5,NA,NA,0,"naive",-0.0308482374352854,1.67775041050903,0.342955431184714,"J2196_J2961","postknowledge","J2196_J2961_postknowledge",0,0,"J2196_postknowledge","J2961_postknowledge",58,0,2.07979059494821,-0.451405062337721
"J3987 J2196",4,"J3987 J2196",4,"J2196","J3987","knowledge","naive","knowledge naive",4,NA,NA,0,"knowledge",-0.147658742298735,-4.25,-0.355393586992793,"J2196_J3987","postknowledge","J2196_J3987_postknowledge",0,0,"J2196_postknowledge","J3987_postknowledge",58,11,2.07979059494821,0.204302672468813
"J2196 J4044",1,"J2196 J4044",1,"J2196","J4044","naive","naive","naive naive",3,0.0158730158730159,NA,1,"naive",-0.264469247162184,-0.322249589490969,-0.0658722812527527,"J2196_J4044","postknowledge","J2196_J4044_postknowledge",0,0,"J2196_postknowledge","J4044_postknowledge",58,0,2.07979059494821,-0.451405062337721
"J4104 J2196",1,"J4104 J2196",1,"J2196","J4104","naive","naive","naive naive",1,NA,NA,0,"naive",-0.498090256889084,-2.32224958949097,-0.474699993690219,"J2196_J4104","postknowledge","J2196_J4104_postknowledge",0,0,"J2196_postknowledge","J4104_postknowledge",58,0,2.07979059494821,-0.451405062337721
"J4304 J2196",16,"J4304 J2196",16,"J2196","J4304","knowledge","naive","knowledge naive",16,0.0294117647058824,NA,1,"knowledge",1.25406731606266,7.75,0.648070658633917,"J2196_J4304","postknowledge","J2196_J4304_postknowledge",0,0,"J2196_postknowledge","J4304_postknowledge",58,0,2.07979059494821,-0.451405062337721
"J4776 J2196",2,"J4776 J2196",2,"J2196","J4776","naive","naive","naive naive",2,NA,NA,0,"naive",-0.381279752025634,-1.32224958949097,-0.270286137471486,"J2196_J4776","postknowledge","J2196_J4776_postknowledge",0,0,"J2196_postknowledge","J4776_postknowledge",58,3,2.07979059494821,-0.272575680117757
"J4782 J2196",2,"J4782 J2196",2,"J2196","J4782","naive","naive","naive naive",2,NA,NA,0,"naive",-0.381279752025634,-1.32224958949097,-0.270286137471486,"J2196_J4782","postknowledge","J2196_J4782_postknowledge",0,0,"J2196_postknowledge","J4782_postknowledge",58,10,2.07979059494821,0.144692878395492
"J4961 J2196",2,"J4961 J2196",2,"J2196","J4961","naive","naive","naive naive",2,NA,NA,0,"naive",-0.381279752025634,-1.32224958949097,-0.270286137471486,"J2196_J4961","postknowledge","J2196_J4961_postknowledge",0,0,"J2196_postknowledge","J4961_postknowledge",58,0,2.07979059494821,-0.451405062337721
"J505 J2196",2,"J505 J2196",2,"J2196","J505","naive","naive","naive naive",2,NA,NA,0,"naive",-0.381279752025634,-1.32224958949097,-0.270286137471486,"J2196_J505","postknowledge","J2196_J505_postknowledge",0,0,"J2196_postknowledge","J505_postknowledge",58,22,2.07979059494821,0.860010407275348
"J5695 J2196",8,"J5695 J2196",8,"J2196","J5695","knowledge","naive","knowledge naive",8,NA,NA,0,"knowledge",0.319583277155063,-0.25,-0.0209055051172231,"J2196_J5695","postknowledge","J2196_J5695_postknowledge",0,0,"J2196_postknowledge","J5695_postknowledge",58,0,2.07979059494821,-0.451405062337721
"J972 J2196",2,"J972 J2196",2,"J2196","J972","naive","naive","naive naive",2,NA,NA,0,"naive",-0.381279752025634,-1.32224958949097,-0.270286137471486,"J2196_J972","postknowledge","J2196_J972_postknowledge",0,0,"J2196_postknowledge","J972_postknowledge",58,0,2.07979059494821,-0.451405062337721
"J3753 J2197",4,"J3753 J2197",4,"J2197","J3753","naive","naive","naive naive",4,NA,NA,0,"naive",-0.147658742298735,0.677750410509031,0.138541574965981,"J2197_J3753","postknowledge","J2197_J3753_postknowledge",0,0,"J2197_postknowledge","J3753_postknowledge",0,17,-0.499376761210493,0.561961436908741
"J2197 J4104",2,"J2197 J4104",2,"J2197","J4104","naive","naive","naive naive",2,NA,NA,0,"naive",-0.381279752025634,-1.32224958949097,-0.270286137471486,"J2197_J4104","postknowledge","J2197_J4104_postknowledge",0,0,"J2197_postknowledge","J4104_postknowledge",0,0,-0.499376761210493,-0.451405062337721
"J5763 J2197",3,"J5763 J2197",3,"J2197","J5763","naive","naive","naive naive",3,NA,NA,0,"naive",-0.264469247162184,-0.322249589490969,-0.0658722812527527,"J2197_J5763","postknowledge","J2197_J5763_postknowledge",0,0,"J2197_postknowledge","J5763_postknowledge",0,0,-0.499376761210493,-0.451405062337721
"J2197 J5766",2,"J2197 J5766",2,"J2197","J5766","naive","naive","naive naive",2,NA,NA,0,"naive",-0.381279752025634,-1.32224958949097,-0.270286137471486,"J2197_J5766","postknowledge","J2197_J5766_postknowledge",0,0,"J2197_postknowledge","J5766_postknowledge",0,0,-0.499376761210493,-0.451405062337721
"J2375 J2621",3,"J2375 J2621",3,"J2375","J2621","naive","naive","naive naive",3,NA,NA,0,"naive",-0.264469247162184,-0.322249589490969,-0.0658722812527527,"J2375_J2621","postknowledge","J2375_J2621_postknowledge",0,0,"J2375_postknowledge","J2621_postknowledge",0,1,-0.499376761210493,-0.3917952682644
"J2375 J2701",2,"J2375 J2701",2,"J2375","J2701","naive","naive","naive naive",1.5,NA,NA,0,"naive",-0.439685004457359,-1.82224958949097,-0.372493065580853,"J2375_J2701","postknowledge","J2375_J2701_postknowledge",0,0,"J2375_postknowledge","J2701_postknowledge",0,0,-0.499376761210493,-0.451405062337721
"J2375 J3305",6,"J2375 J3305",6,"J2375","J3305","naive","naive","naive naive",5,NA,NA,0,"naive",-0.0308482374352854,1.67775041050903,0.342955431184714,"J2375_J3305","postknowledge","J2375_J3305_postknowledge",0,0,"J2375_postknowledge","J3305_postknowledge",0,0,-0.499376761210493,-0.451405062337721
"J2375 J3508",3,"J2375 J3508",3,"J2375","J3508","naive","naive","naive naive",3,NA,NA,0,"naive",-0.264469247162184,-0.322249589490969,-0.0658722812527527,"J2375_J3508","postknowledge","J2375_J3508_postknowledge",0,0,"J2375_postknowledge","J3508_postknowledge",0,17,-0.499376761210493,0.561961436908741
"J2375 J3745",2,"J2375 J3745",2,"J2375","J3745","naive","naive","naive naive",2,NA,NA,0,"naive",-0.381279752025634,-1.32224958949097,-0.270286137471486,"J2375_J3745","postknowledge","J2375_J3745_postknowledge",0,0,"J2375_postknowledge","J3745_postknowledge",0,0,-0.499376761210493,-0.451405062337721
"J2375 J4112",2,"J2375 J4112",2,"J2375","J4112","naive","naive","naive naive",2,NA,NA,0,"naive",-0.381279752025634,-1.32224958949097,-0.270286137471486,"J2375_J4112","postknowledge","J2375_J4112_postknowledge",0,0,"J2375_postknowledge","J4112_postknowledge",0,0,-0.499376761210493,-0.451405062337721
"J4514 J2375",9,"J4514 J2375",9,"J2375","J4514","knowledge","naive","knowledge naive",9,NA,NA,0,"knowledge",0.436393782018513,0.75,0.0627165153516694,"J2375_J4514","postknowledge","J2375_J4514_postknowledge",0,0,"J2375_postknowledge","J4514_postknowledge",0,18,-0.499376761210493,0.621571230982063
"J2375 J4654",2,"J2375 J4654",2,"J2375","J4654","naive","naive","naive naive",1.5,NA,NA,0,"naive",-0.439685004457359,-1.82224958949097,-0.372493065580853,"J2375_J4654","postknowledge","J2375_J4654_postknowledge",0,0,"J2375_postknowledge","J4654_postknowledge",0,4,-0.499376761210493,-0.212965886044436
"J4967 J2375",4,"J4967 J2375",4,"J2375","J4967","knowledge","naive","knowledge naive",4,NA,NA,0,"knowledge",-0.147658742298735,-4.25,-0.355393586992793,"J2375_J4967","postknowledge","J2375_J4967_postknowledge",0,0,"J2375_postknowledge","J4967_postknowledge",0,3,-0.499376761210493,-0.272575680117757
"J2375 J4982",2,"J2375 J4982",2,"J2375","J4982","naive","naive","naive naive",2,NA,NA,0,"naive",-0.381279752025634,-1.32224958949097,-0.270286137471486,"J2375_J4982","postknowledge","J2375_J4982_postknowledge",0,0,"J2375_postknowledge","J4982_postknowledge",0,1,-0.499376761210493,-0.3917952682644
"J5167 J2375",2,"J5167 J2375",2,"J2375","J5167","naive","naive","naive naive",2,NA,NA,0,"naive",-0.381279752025634,-1.32224958949097,-0.270286137471486,"J2375_J5167","postknowledge","J2375_J5167_postknowledge",0,0,"J2375_postknowledge","J5167_postknowledge",0,0,-0.499376761210493,-0.451405062337721
"J5184 J2375",2,"J5184 J2375",2,"J2375","J5184","naive","naive","naive naive",2,NA,NA,0,"naive",-0.381279752025634,-1.32224958949097,-0.270286137471486,"J2375_J5184","postknowledge","J2375_J5184_postknowledge",0,0,"J2375_postknowledge","J5184_postknowledge",0,0,-0.499376761210493,-0.451405062337721
"J5316 J2375",2,"J5316 J2375",2,"J2375","J5316","naive","naive","naive naive",2,NA,NA,0,"naive",-0.381279752025634,-1.32224958949097,-0.270286137471486,"J2375_J5316","postknowledge","J2375_J5316_postknowledge",0,0,"J2375_postknowledge","J5316_postknowledge",0,37,-0.499376761210493,1.75415731837517
"J5475 J2375",2,"J5475 J2375",2,"J2375","J5475","naive","naive","naive naive",2,NA,NA,0,"naive",-0.381279752025634,-1.32224958949097,-0.270286137471486,"J2375_J5475","postknowledge","J2375_J5475_postknowledge",0,0,"J2375_postknowledge","J5475_postknowledge",0,0,-0.499376761210493,-0.451405062337721
"J5489 J2375",4,"J5489 J2375",4,"J2375","J5489","naive","naive","naive naive",4,NA,NA,0,"naive",-0.147658742298735,0.677750410509031,0.138541574965981,"J2375_J5489","postknowledge","J2375_J5489_postknowledge",0,0,"J2375_postknowledge","J5489_postknowledge",0,1,-0.499376761210493,-0.3917952682644
"J5651 J2375",1,"J5651 J2375",1,"J2375","J5651","naive","naive","naive naive",1,NA,NA,0,"naive",-0.498090256889084,-2.32224958949097,-0.474699993690219,"J2375_J5651","postknowledge","J2375_J5651_postknowledge",0,0,"J2375_postknowledge","J5651_postknowledge",0,0,-0.499376761210493,-0.451405062337721
"J5778 J2375",1,"J5778 J2375",1,"J2375","J5778","naive","naive","naive naive",1,NA,NA,0,"naive",-0.498090256889084,-2.32224958949097,-0.474699993690219,"J2375_J5778","postknowledge","J2375_J5778_postknowledge",0,0,"J2375_postknowledge","J5778_postknowledge",0,0,-0.499376761210493,-0.451405062337721
"J5827 J2375",10,"J5827 J2375",10,"J2375","J5827","naive","naive","naive naive",10,NA,NA,0,"naive",0.553204286881962,6.67775041050903,1.36502471227838,"J2375_J5827","postknowledge","J2375_J5827_postknowledge",0,0,"J2375_postknowledge","J5827_postknowledge",0,0,-0.499376761210493,-0.451405062337721
"J5963 J2375",4,"J5963 J2375",4,"J2375","J5963","naive","naive","naive naive",4,NA,NA,0,"naive",-0.147658742298735,0.677750410509031,0.138541574965981,"J2375_J5963","postknowledge","J2375_J5963_postknowledge",0,0,"J2375_postknowledge","J5963_postknowledge",0,0,-0.499376761210493,-0.451405062337721
"J933 J2375",1,"J933 J2375",1,"J2375","J933","naive","naive","naive naive",1,NA,NA,0,"naive",-0.498090256889084,-2.32224958949097,-0.474699993690219,"J2375_J933","postknowledge","J2375_J933_postknowledge",0,0,"J2375_postknowledge","J933_postknowledge",0,0,-0.499376761210493,-0.451405062337721
"J2377 J2661",2,"J2377 J2661",2,"J2377","J2661","naive","naive","naive naive",2,NA,NA,0,"naive",-0.381279752025634,-1.32224958949097,-0.270286137471486,"J2377_J2661","postknowledge","J2377_J2661_postknowledge",0,0,"J2377_postknowledge","J2661_postknowledge",1,3,-0.454908358518102,-0.272575680117757
"J2701 J2377",2,"J2701 J2377",2,"J2377","J2701","naive","naive","naive naive",2,NA,NA,0,"naive",-0.381279752025634,-1.32224958949097,-0.270286137471486,"J2377_J2701","postknowledge","J2377_J2701_postknowledge",0,0,"J2377_postknowledge","J2701_postknowledge",1,0,-0.454908358518102,-0.451405062337721
"J4162 J2377",2,"J4162 J2377",2,"J2377","J4162","knowledge","naive","knowledge naive",2,NA,NA,0,"knowledge",-0.381279752025634,-6.25,-0.522637627930578,"J2377_J4162","postknowledge","J2377_J4162_postknowledge",0,0,"J2377_postknowledge","J4162_postknowledge",1,3,-0.454908358518102,-0.272575680117757
"J42 J2377",1,"J42 J2377",1,"J2377","J42","naive","naive","naive naive",1,NA,NA,0,"naive",-0.498090256889084,-2.32224958949097,-0.474699993690219,"J2377_J42","postknowledge","J2377_J42_postknowledge",0,0,"J2377_postknowledge","J42_postknowledge",1,0,-0.454908358518102,-0.451405062337721
"J4569 J2377",2,"J4569 J2377",2,"J2377","J4569","naive","naive","naive naive",2,NA,NA,0,"naive",-0.381279752025634,-1.32224958949097,-0.270286137471486,"J2377_J4569","postknowledge","J2377_J4569_postknowledge",0,0,"J2377_postknowledge","J4569_postknowledge",1,0,-0.454908358518102,-0.451405062337721
"J4601 J2377",7,"J4601 J2377",7,"J2377","J4601","knowledge","naive","knowledge naive",7,NA,NA,0,"knowledge",0.202772772291614,-1.25,-0.104527525586116,"J2377_J4601","postknowledge","J2377_J4601_postknowledge",0,0,"J2377_postknowledge","J4601_postknowledge",1,0,-0.454908358518102,-0.451405062337721
"J4967 J2377",20,"J4967 J2377",20,"J2377","J4967","knowledge","naive","knowledge naive",20,NA,NA,0,"knowledge",1.72130933551646,11.75,0.982558740509487,"J2377_J4967","postknowledge","J2377_J4967_postknowledge",0,0,"J2377_postknowledge","J4967_postknowledge",1,3,-0.454908358518102,-0.272575680117757
"J2377 J5043",1,"J2377 J5043",1,"J2377","J5043","naive","naive","naive naive",1,NA,NA,0,"naive",-0.498090256889084,-2.32224958949097,-0.474699993690219,"J2377_J5043","postknowledge","J2377_J5043_postknowledge",0,0,"J2377_postknowledge","J5043_postknowledge",1,2,-0.454908358518102,-0.332185474191078
"J5146 J2377",7,"J5146 J2377",7,"J2377","J5146","knowledge","naive","knowledge naive",7,NA,NA,0,"knowledge",0.202772772291614,-1.25,-0.104527525586116,"J2377_J5146","postknowledge","J2377_J5146_postknowledge",0,0,"J2377_postknowledge","J5146_postknowledge",1,4,-0.454908358518102,-0.212965886044436
"J5477 J2377",2,"J5477 J2377",2,"J2377","J5477","naive","naive","naive naive",2,NA,NA,0,"naive",-0.381279752025634,-1.32224958949097,-0.270286137471486,"J2377_J5477","postknowledge","J2377_J5477_postknowledge",0,0,"J2377_postknowledge","J5477_postknowledge",1,36,-0.454908358518102,1.69454752430185
"J5582 J2377",2,"J5582 J2377",2,"J2377","J5582","naive","naive","naive naive",2,NA,NA,0,"naive",-0.381279752025634,-1.32224958949097,-0.270286137471486,"J2377_J5582","postknowledge","J2377_J5582_postknowledge",0,0,"J2377_postknowledge","J5582_postknowledge",1,0,-0.454908358518102,-0.451405062337721
"J5810 J2377",10,"J5810 J2377",10,"J2377","J5810","knowledge","naive","knowledge naive",10,NA,NA,0,"knowledge",0.553204286881962,1.75,0.146338535820562,"J2377_J5810","postknowledge","J2377_J5810_postknowledge",0,0,"J2377_postknowledge","J5810_postknowledge",1,0,-0.454908358518102,-0.451405062337721
"J5836 J2377",1,"J5836 J2377",1,"J2377","J5836","naive","naive","naive naive",1,NA,NA,0,"naive",-0.498090256889084,-2.32224958949097,-0.474699993690219,"J2377_J5836","postknowledge","J2377_J5836_postknowledge",0,0,"J2377_postknowledge","J5836_postknowledge",1,0,-0.454908358518102,-0.451405062337721
"J5939 J2377",1,"J5939 J2377",1,"J2377","J5939","naive","naive","naive naive",1,NA,NA,0,"naive",-0.498090256889084,-2.32224958949097,-0.474699993690219,"J2377_J5939","postknowledge","J2377_J5939_postknowledge",0,0,"J2377_postknowledge","J5939_postknowledge",1,0,-0.454908358518102,-0.451405062337721
"J664 J2377",4,"J664 J2377",4,"J2377","J664","knowledge","naive","knowledge naive",4,NA,NA,0,"knowledge",-0.147658742298735,-4.25,-0.355393586992793,"J2377_J664","postknowledge","J2377_J664_postknowledge",0,0,"J2377_postknowledge","J664_postknowledge",1,0,-0.454908358518102,-0.451405062337721
"J2392 J2941",3,"J2392 J2941",3,"J2392","J2941","naive","naive","naive naive",4,NA,NA,0,"naive",-0.147658742298735,0.677750410509031,0.138541574965981,"J2392_J2941","postknowledge","J2392_J2941_postknowledge",0,0,"J2392_postknowledge","J2941_postknowledge",76,0,2.88022184341126,-0.451405062337721
"J2961 J2392",3,"J2961 J2392",3,"J2392","J2961","naive","naive","naive naive",3,NA,NA,0,"naive",-0.264469247162184,-0.322249589490969,-0.0658722812527527,"J2392_J2961","postknowledge","J2392_J2961_postknowledge",0,0,"J2392_postknowledge","J2961_postknowledge",76,0,2.88022184341126,-0.451405062337721
"J3749 J2392",2,"J3749 J2392",2,"J2392","J3749","naive","naive","naive naive",2,NA,NA,0,"naive",-0.381279752025634,-1.32224958949097,-0.270286137471486,"J2392_J3749","postknowledge","J2392_J3749_postknowledge",0,0,"J2392_postknowledge","J3749_postknowledge",76,30,2.88022184341126,1.33688875986192
"J2392 J3753",4,"J2392 J3753",4,"J2392","J3753","naive","naive","naive naive",4,NA,NA,0,"naive",-0.147658742298735,0.677750410509031,0.138541574965981,"J2392_J3753","postknowledge","J2392_J3753_postknowledge",1,1,"J2392_postknowledge","J3753_postknowledge",76,17,2.88022184341126,0.561961436908741
"J3759 J2392",6,"J3759 J2392",6,"J2392","J3759","knowledge","naive","knowledge naive",6,NA,NA,0,"knowledge",0.0859622674281642,-2.25,-0.188149546055008,"J2392_J3759","postknowledge","J2392_J3759_postknowledge",1,1,"J2392_postknowledge","J3759_postknowledge",76,44,2.88022184341126,2.17142587688842
"J3899 J2392",1,"J3899 J2392",1,"J2392","J3899","naive","naive","naive naive",1,NA,NA,0,"naive",-0.498090256889084,-2.32224958949097,-0.474699993690219,"J2392_J3899","postknowledge","J2392_J3899_postknowledge",1,1,"J2392_postknowledge","J3899_postknowledge",76,13,2.88022184341126,0.323522260615456
"J3987 J2392",3,"J3987 J2392",3,"J2392","J3987","knowledge","naive","knowledge naive",3,0.0188679245283019,NA,1,"knowledge",-0.264469247162184,-5.25,-0.439015607461686,"J2392_J3987","postknowledge","J2392_J3987_postknowledge",2,1,"J2392_postknowledge","J3987_postknowledge",76,11,2.88022184341126,0.204302672468813
"J2392 J4104",5,"J2392 J4104",5,"J2392","J4104","naive","naive","naive naive",4.5,NA,NA,0,"naive",-0.0892534898670101,1.17775041050903,0.240748503075347,"J2392_J4104","postknowledge","J2392_J4104_postknowledge",0,0,"J2392_postknowledge","J4104_postknowledge",76,0,2.88022184341126,-0.451405062337721
"J2392 J4951",2,"J2392 J4951",2,"J2392","J4951","naive","naive","naive naive",2,NA,NA,0,"naive",-0.381279752025634,-1.32224958949097,-0.270286137471486,"J2392_J4951","postknowledge","J2392_J4951_postknowledge",0,0,"J2392_postknowledge","J4951_postknowledge",76,0,2.88022184341126,-0.451405062337721
"J4986 J2392",1,"J4986 J2392",1,"J2392","J4986","naive","naive","naive naive",1,0.0141843971631206,NA,1,"naive",-0.498090256889084,-2.32224958949097,-0.474699993690219,"J2392_J4986","postknowledge","J2392_J4986_postknowledge",2,1,"J2392_postknowledge","J4986_postknowledge",76,56,2.88022184341126,2.88674340576827
"J5053 J2392",3,"J5053 J2392",3,"J2392","J5053","knowledge","naive","knowledge naive",3,NA,NA,0,"knowledge",-0.264469247162184,-5.25,-0.439015607461686,"J2392_J5053","postknowledge","J2392_J5053_postknowledge",0,0,"J2392_postknowledge","J5053_postknowledge",76,56,2.88022184341126,2.88674340576827
"J2392 J5087",3,"J2392 J5087",3,"J2392","J5087","naive","naive","naive naive",3.5,NA,NA,0,"naive",-0.20606399473046,0.177750410509031,0.0363346468566139,"J2392_J5087","postknowledge","J2392_J5087_postknowledge",0,0,"J2392_postknowledge","J5087_postknowledge",76,0,2.88022184341126,-0.451405062337721
"J5089 J2392",7,"J5089 J2392",7,"J2392","J5089","knowledge","naive","knowledge naive",7,0.00675675675675676,NA,1,"knowledge",0.202772772291614,-1.25,-0.104527525586116,"J2392_J5089","postknowledge","J2392_J5089_postknowledge",0,0,"J2392_postknowledge","J5089_postknowledge",76,0,2.88022184341126,-0.451405062337721
"J5695 J2392",9,"J5695 J2392",9,"J2392","J5695","knowledge","naive","knowledge naive",9,0.0241935483870968,NA,1,"knowledge",0.436393782018513,0.75,0.0627165153516694,"J2392_J5695","postknowledge","J2392_J5695_postknowledge",0,0,"J2392_postknowledge","J5695_postknowledge",76,0,2.88022184341126,-0.451405062337721
"J5724 J2392",2,"J5724 J2392",2,"J2392","J5724","naive","naive","naive naive",2,NA,NA,0,"naive",-0.381279752025634,-1.32224958949097,-0.270286137471486,"J2392_J5724","postknowledge","J2392_J5724_postknowledge",0,0,"J2392_postknowledge","J5724_postknowledge",76,0,2.88022184341126,-0.451405062337721
"J5730 J2392",8,"J5730 J2392",8,"J2392","J5730","knowledge","naive","knowledge naive",8,0.00934579439252336,NA,1,"knowledge",0.319583277155063,-0.25,-0.0209055051172231,"J2392_J5730","postknowledge","J2392_J5730_postknowledge",0,0,"J2392_postknowledge","J5730_postknowledge",76,0,2.88022184341126,-0.451405062337721
"J5763 J2392",2,"J5763 J2392",2,"J2392","J5763","naive","naive","naive naive",2,NA,NA,0,"naive",-0.381279752025634,-1.32224958949097,-0.270286137471486,"J2392_J5763","postknowledge","J2392_J5763_postknowledge",0,0,"J2392_postknowledge","J5763_postknowledge",76,0,2.88022184341126,-0.451405062337721
"J5766 J2392",1,"J5766 J2392",1,"J2392","J5766","naive","naive","naive naive",1,NA,NA,0,"naive",-0.498090256889084,-2.32224958949097,-0.474699993690219,"J2392_J5766","postknowledge","J2392_J5766_postknowledge",0,0,"J2392_postknowledge","J5766_postknowledge",76,0,2.88022184341126,-0.451405062337721
"J5888 J2392",4,"J5888 J2392",4,"J2392","J5888","naive","naive","naive naive",4,NA,NA,0,"naive",-0.147658742298735,0.677750410509031,0.138541574965981,"J2392_J5888","postknowledge","J2392_J5888_postknowledge",0,0,"J2392_postknowledge","J5888_postknowledge",76,0,2.88022184341126,-0.451405062337721
"J6051 J2392",1,"J6051 J2392",1,"J2392","J6051","naive","naive","naive naive",1,NA,NA,0,"naive",-0.498090256889084,-2.32224958949097,-0.474699993690219,"J2392_J6051","postknowledge","J2392_J6051_postknowledge",0,0,"J2392_postknowledge","J6051_postknowledge",76,0,2.88022184341126,-0.451405062337721
"J2395 J2661",4,"J2395 J2661",4,"J2395","J2661","naive","naive","naive naive",4,NA,NA,0,"naive",-0.147658742298735,0.677750410509031,0.138541574965981,"J2395_J2661","postknowledge","J2395_J2661_postknowledge",0,0,"J2395_postknowledge","J2661_postknowledge",0,3,-0.499376761210493,-0.272575680117757
"J2395 J2969",3,"J2395 J2969",3,"J2395","J2969","naive","naive","naive naive",3,NA,NA,0,"naive",-0.264469247162184,-0.322249589490969,-0.0658722812527527,"J2395_J2969","postknowledge","J2395_J2969_postknowledge",0,0,"J2395_postknowledge","J2969_postknowledge",0,8,-0.499376761210493,0.0254732902488495
"J2395 J3508",1,"J2395 J3508",1,"J2395","J3508","naive","naive","naive naive",1.5,NA,NA,0,"naive",-0.439685004457359,-1.82224958949097,-0.372493065580853,"J2395_J3508","postknowledge","J2395_J3508_postknowledge",0,0,"J2395_postknowledge","J3508_postknowledge",0,17,-0.499376761210493,0.561961436908741
"J2395 J3884",2,"J2395 J3884",2,"J2395","J3884","naive","naive","naive naive",2,NA,NA,0,"naive",-0.381279752025634,-1.32224958949097,-0.270286137471486,"J2395_J3884","postknowledge","J2395_J3884_postknowledge",0,0,"J2395_postknowledge","J3884_postknowledge",0,3,-0.499376761210493,-0.272575680117757
"J4162 J2395",2,"J4162 J2395",2,"J2395","J4162","knowledge","naive","knowledge naive",2,NA,NA,0,"knowledge",-0.381279752025634,-6.25,-0.522637627930578,"J2395_J4162","postknowledge","J2395_J4162_postknowledge",0,0,"J2395_postknowledge","J4162_postknowledge",0,3,-0.499376761210493,-0.272575680117757
"J5810 J2395",2,"J5810 J2395",2,"J2395","J5810","knowledge","naive","knowledge naive",2,NA,NA,0,"knowledge",-0.381279752025634,-6.25,-0.522637627930578,"J2395_J5810","postknowledge","J2395_J5810_postknowledge",0,0,"J2395_postknowledge","J5810_postknowledge",0,0,-0.499376761210493,-0.451405062337721
"J2395 J5874",2,"J2395 J5874",2,"J2395","J5874","naive","naive","naive naive",2,NA,NA,0,"naive",-0.381279752025634,-1.32224958949097,-0.270286137471486,"J2395_J5874","postknowledge","J2395_J5874_postknowledge",0,0,"J2395_postknowledge","J5874_postknowledge",0,0,-0.499376761210493,-0.451405062337721
"J2395 J6017",4,"J2395 J6017",4,"J2395","J6017","naive","naive","naive naive",4,NA,NA,0,"naive",-0.147658742298735,0.677750410509031,0.138541574965981,"J2395_J6017","postknowledge","J2395_J6017_postknowledge",0,0,"J2395_postknowledge","J6017_postknowledge",0,0,-0.499376761210493,-0.451405062337721
"J2396 J2701",2,"J2396 J2701",2,"J2396","J2701","naive","naive","naive naive",1.5,NA,NA,0,"naive",-0.439685004457359,-1.82224958949097,-0.372493065580853,"J2396_J2701","postknowledge","J2396_J2701_postknowledge",0,0,"J2396_postknowledge","J2701_postknowledge",0,0,-0.499376761210493,-0.451405062337721
"J5810 J2396",2,"J5810 J2396",2,"J2396","J5810","knowledge","naive","knowledge naive",2,NA,NA,0,"knowledge",-0.381279752025634,-6.25,-0.522637627930578,"J2396_J5810","postknowledge","J2396_J5810_postknowledge",0,0,"J2396_postknowledge","J5810_postknowledge",0,0,-0.499376761210493,-0.451405062337721
"J5939 J2396",2,"J5939 J2396",2,"J2396","J5939","naive","naive","naive naive",2,NA,NA,0,"naive",-0.381279752025634,-1.32224958949097,-0.270286137471486,"J2396_J5939","postknowledge","J2396_J5939_postknowledge",0,0,"J2396_postknowledge","J5939_postknowledge",0,0,-0.499376761210493,-0.451405062337721
"J2415 J4161",1,"J2415 J4161",1,"J2415","J4161","naive","naive","naive naive",1,NA,NA,0,"naive",-0.498090256889084,-2.32224958949097,-0.474699993690219,"J2415_J4161","postknowledge","J2415_J4161_postknowledge",0,0,"J2415_postknowledge","J4161_postknowledge",0,26,-0.499376761210493,1.09844958356863
"J3769 J2563",4,"J3769 J2563",4,"J2563","J3769","knowledge","naive","knowledge naive",4,NA,NA,0,"knowledge",-0.147658742298735,-4.25,-0.355393586992793,"J2563_J3769","postknowledge","J2563_J3769_postknowledge",0,0,"J2563_postknowledge","J3769_postknowledge",0,0,-0.499376761210493,-0.451405062337721
"J2563 J4747",2,"J2563 J4747",2,"J2563","J4747","naive","naive","naive naive",2,NA,NA,0,"naive",-0.381279752025634,-1.32224958949097,-0.270286137471486,"J2563_J4747","postknowledge","J2563_J4747_postknowledge",0,0,"J2563_postknowledge","J4747_postknowledge",0,77,-0.499376761210493,4.13854908130802
"J4967 J2563",1,"J4967 J2563",1,"J2563","J4967","knowledge","naive","knowledge naive",1,NA,NA,0,"knowledge",-0.498090256889084,-7.25,-0.606259648399471,"J2563_J4967","postknowledge","J2563_J4967_postknowledge",0,0,"J2563_postknowledge","J4967_postknowledge",0,3,-0.499376761210493,-0.272575680117757
"J5146 J2563",2,"J5146 J2563",2,"J2563","J5146","knowledge","naive","knowledge naive",2,NA,NA,0,"knowledge",-0.381279752025634,-6.25,-0.522637627930578,"J2563_J5146","postknowledge","J2563_J5146_postknowledge",0,0,"J2563_postknowledge","J5146_postknowledge",0,4,-0.499376761210493,-0.212965886044436
"J2563 J5316",2,"J2563 J5316",2,"J2563","J5316","naive","naive","naive naive",2,NA,NA,0,"naive",-0.381279752025634,-1.32224958949097,-0.270286137471486,"J2563_J5316","postknowledge","J2563_J5316_postknowledge",0,0,"J2563_postknowledge","J5316_postknowledge",0,37,-0.499376761210493,1.75415731837517
"J2563 J5827",3,"J2563 J5827",3,"J2563","J5827","naive","naive","naive naive",3,NA,NA,0,"naive",-0.264469247162184,-0.322249589490969,-0.0658722812527527,"J2563_J5827","postknowledge","J2563_J5827_postknowledge",0,0,"J2563_postknowledge","J5827_postknowledge",0,0,-0.499376761210493,-0.451405062337721
"J2563 J5939",2,"J2563 J5939",2,"J2563","J5939","naive","naive","naive naive",2,NA,NA,0,"naive",-0.381279752025634,-1.32224958949097,-0.270286137471486,"J2563_J5939","postknowledge","J2563_J5939_postknowledge",0,0,"J2563_postknowledge","J5939_postknowledge",0,0,-0.499376761210493,-0.451405062337721
"J2563 J5963",4,"J2563 J5963",4,"J2563","J5963","naive","naive","naive naive",4,NA,NA,0,"naive",-0.147658742298735,0.677750410509031,0.138541574965981,"J2563_J5963","postknowledge","J2563_J5963_postknowledge",0,0,"J2563_postknowledge","J5963_postknowledge",0,0,-0.499376761210493,-0.451405062337721
"J3526 J2572",4,"J3526 J2572",4,"J2572","J3526","naive","naive","naive naive",4,NA,NA,0,"naive",-0.147658742298735,0.677750410509031,0.138541574965981,"J2572_J3526","postknowledge","J2572_J3526_postknowledge",0,0,"J2572_postknowledge","J3526_postknowledge",0,0,-0.499376761210493,-0.451405062337721
"J2619 J2680",3,"J2619 J2680",3,"J2619","J2680","naive","naive","naive naive",3,0.2,NA,1,"naive",-0.264469247162184,-0.322249589490969,-0.0658722812527527,"J2619_J2680","postknowledge","J2619_J2680_postknowledge",0,0,"J2619_postknowledge","J2680_postknowledge",9,0,-0.0991611369789704,-0.451405062337721
"J4634 J2619",2,"J4634 J2619",2,"J2619","J4634","naive","naive","naive naive",2,NA,NA,0,"naive",-0.381279752025634,-1.32224958949097,-0.270286137471486,"J2619_J4634","postknowledge","J2619_J4634_postknowledge",0,0,"J2619_postknowledge","J4634_postknowledge",9,0,-0.0991611369789704,-0.451405062337721
"J2986 J2621",2,"J2986 J2621",2,"J2621","J2986","naive","naive","naive naive",2,NA,NA,0,"naive",-0.381279752025634,-1.32224958949097,-0.270286137471486,"J2621_J2986","postknowledge","J2621_J2986_postknowledge",0,0,"J2621_postknowledge","J2986_postknowledge",0,0,-0.499376761210493,-0.451405062337721
"J3305 J2621",1,"J3305 J2621",1,"J2621","J3305","naive","naive","naive naive",1,NA,NA,0,"naive",-0.498090256889084,-2.32224958949097,-0.474699993690219,"J2621_J3305","postknowledge","J2621_J3305_postknowledge",0,0,"J2621_postknowledge","J3305_postknowledge",0,0,-0.499376761210493,-0.451405062337721
"J2621 J3508",1,"J2621 J3508",1,"J2621","J3508","naive","naive","naive naive",3.5,NA,NA,0,"naive",-0.20606399473046,0.177750410509031,0.0363346468566139,"J2621_J3508","postknowledge","J2621_J3508_postknowledge",0,0,"J2621_postknowledge","J3508_postknowledge",0,17,-0.499376761210493,0.561961436908741
"J3769 J2621",3,"J3769 J2621",3,"J2621","J3769","knowledge","naive","knowledge naive",3,NA,NA,0,"knowledge",-0.264469247162184,-5.25,-0.439015607461686,"J2621_J3769","postknowledge","J2621_J3769_postknowledge",0,0,"J2621_postknowledge","J3769_postknowledge",0,0,-0.499376761210493,-0.451405062337721
"J3884 J2621",2,"J3884 J2621",2,"J2621","J3884","naive","naive","naive naive",2,NA,NA,0,"naive",-0.381279752025634,-1.32224958949097,-0.270286137471486,"J2621_J3884","postknowledge","J2621_J3884_postknowledge",0,0,"J2621_postknowledge","J3884_postknowledge",0,3,-0.499376761210493,-0.272575680117757
"J4162 J2621",8,"J4162 J2621",8,"J2621","J4162","knowledge","naive","knowledge naive",8,NA,NA,0,"knowledge",0.319583277155063,-0.25,-0.0209055051172231,"J2621_J4162","postknowledge","J2621_J4162_postknowledge",0,0,"J2621_postknowledge","J4162_postknowledge",0,3,-0.499376761210493,-0.272575680117757
"J4315 J2621",7,"J4315 J2621",7,"J2621","J4315","knowledge","naive","knowledge naive",7,NA,NA,0,"knowledge",0.202772772291614,-1.25,-0.104527525586116,"J2621_J4315","postknowledge","J2621_J4315_postknowledge",0,0,"J2621_postknowledge","J4315_postknowledge",0,9,-0.499376761210493,0.0850830843221708
"J4514 J2621",4,"J4514 J2621",4,"J2621","J4514","knowledge","naive","knowledge naive",4,NA,NA,0,"knowledge",-0.147658742298735,-4.25,-0.355393586992793,"J2621_J4514","postknowledge","J2621_J4514_postknowledge",0,0,"J2621_postknowledge","J4514_postknowledge",0,18,-0.499376761210493,0.621571230982063
"J4601 J2621",2,"J4601 J2621",2,"J2621","J4601","knowledge","naive","knowledge naive",2,NA,NA,0,"knowledge",-0.381279752025634,-6.25,-0.522637627930578,"J2621_J4601","postknowledge","J2621_J4601_postknowledge",0,0,"J2621_postknowledge","J4601_postknowledge",0,0,-0.499376761210493,-0.451405062337721
"J2621 J4634",1,"J2621 J4634",1,"J2621","J4634","naive","naive","naive naive",1,NA,NA,0,"naive",-0.498090256889084,-2.32224958949097,-0.474699993690219,"J2621_J4634","postknowledge","J2621_J4634_postknowledge",0,0,"J2621_postknowledge","J4634_postknowledge",0,0,-0.499376761210493,-0.451405062337721
"J4836 J2621",2,"J4836 J2621",2,"J2621","J4836","naive","naive","naive naive",2,NA,NA,0,"naive",-0.381279752025634,-1.32224958949097,-0.270286137471486,"J2621_J4836","postknowledge","J2621_J4836_postknowledge",0,0,"J2621_postknowledge","J4836_postknowledge",0,0,-0.499376761210493,-0.451405062337721
"J4967 J2621",22,"J4967 J2621",22,"J2621","J4967","knowledge","naive","knowledge naive",22,NA,NA,0,"knowledge",1.95493034524336,13.75,1.14980278144727,"J2621_J4967","postknowledge","J2621_J4967_postknowledge",0,0,"J2621_postknowledge","J4967_postknowledge",0,3,-0.499376761210493,-0.272575680117757
"J5043 J2621",3,"J5043 J2621",3,"J2621","J5043","naive","naive","naive naive",3,NA,NA,0,"naive",-0.264469247162184,-0.322249589490969,-0.0658722812527527,"J2621_J5043","postknowledge","J2621_J5043_postknowledge",0,0,"J2621_postknowledge","J5043_postknowledge",0,2,-0.499376761210493,-0.332185474191078
"J5810 J2621",9,"J5810 J2621",9,"J2621","J5810","knowledge","naive","knowledge naive",9,NA,NA,0,"knowledge",0.436393782018513,0.75,0.0627165153516694,"J2621_J5810","postknowledge","J2621_J5810_postknowledge",0,0,"J2621_postknowledge","J5810_postknowledge",0,0,-0.499376761210493,-0.451405062337721
"J2621 J5939",1,"J2621 J5939",1,"J2621","J5939","naive","naive","naive naive",1,NA,NA,0,"naive",-0.498090256889084,-2.32224958949097,-0.474699993690219,"J2621_J5939","postknowledge","J2621_J5939_postknowledge",0,0,"J2621_postknowledge","J5939_postknowledge",0,0,-0.499376761210493,-0.451405062337721
"J2621 J5963",1,"J2621 J5963",1,"J2621","J5963","naive","naive","naive naive",1,NA,NA,0,"naive",-0.498090256889084,-2.32224958949097,-0.474699993690219,"J2621_J5963","postknowledge","J2621_J5963_postknowledge",0,0,"J2621_postknowledge","J5963_postknowledge",0,0,-0.499376761210493,-0.451405062337721
"J5964 J2621",1,"J5964 J2621",1,"J2621","J5964","naive","naive","naive naive",1,NA,NA,0,"naive",-0.498090256889084,-2.32224958949097,-0.474699993690219,"J2621_J5964","postknowledge","J2621_J5964_postknowledge",0,0,"J2621_postknowledge","J5964_postknowledge",0,0,-0.499376761210493,-0.451405062337721
"J5999 J2621",1,"J5999 J2621",1,"J2621","J5999","naive","naive","naive naive",1,NA,NA,0,"naive",-0.498090256889084,-2.32224958949097,-0.474699993690219,"J2621_J5999","postknowledge","J2621_J5999_postknowledge",0,0,"J2621_postknowledge","J5999_postknowledge",0,0,-0.499376761210493,-0.451405062337721
"J640 J2621",5,"J640 J2621",5,"J2621","J640","naive","naive","naive naive",5,NA,NA,0,"naive",-0.0308482374352854,1.67775041050903,0.342955431184714,"J2621_J640","postknowledge","J2621_J640_postknowledge",1,1,"J2621_postknowledge","J640_postknowledge",0,0,-0.499376761210493,-0.451405062337721
"J664 J2621",8,"J664 J2621",8,"J2621","J664","knowledge","naive","knowledge naive",8,NA,NA,0,"knowledge",0.319583277155063,-0.25,-0.0209055051172231,"J2621_J664","postknowledge","J2621_J664_postknowledge",0,0,"J2621_postknowledge","J664_postknowledge",0,0,-0.499376761210493,-0.451405062337721
"J831 J2621",2,"J831 J2621",2,"J2621","J831","knowledge","naive","knowledge naive",2,NA,NA,0,"knowledge",-0.381279752025634,-6.25,-0.522637627930578,"J2621_J831","postknowledge","J2621_J831_postknowledge",0,0,"J2621_postknowledge","J831_postknowledge",0,0,-0.499376761210493,-0.451405062337721
"J2661 J3148",1,"J2661 J3148",1,"J2661","J3148","naive","naive","naive naive",1,NA,NA,0,"naive",-0.498090256889084,-2.32224958949097,-0.474699993690219,"J2661_J3148","postknowledge","J2661_J3148_postknowledge",0,0,"J2661_postknowledge","J3148_postknowledge",3,0,-0.365971553133319,-0.451405062337721
"J2661 J4011",4,"J2661 J4011",4,"J2661","J4011","naive","naive","naive naive",4,NA,NA,0,"naive",-0.147658742298735,0.677750410509031,0.138541574965981,"J2661_J4011","postknowledge","J2661_J4011_postknowledge",0,0,"J2661_postknowledge","J4011_postknowledge",3,0,-0.365971553133319,-0.451405062337721
"J4601 J2661",7,"J4601 J2661",7,"J2661","J4601","knowledge","naive","knowledge naive",7,NA,NA,0,"knowledge",0.202772772291614,-1.25,-0.104527525586116,"J2661_J4601","postknowledge","J2661_J4601_postknowledge",0,0,"J2661_postknowledge","J4601_postknowledge",3,0,-0.365971553133319,-0.451405062337721
"J4967 J2661",14,"J4967 J2661",14,"J2661","J4967","knowledge","naive","knowledge naive",14,NA,NA,0,"knowledge",1.02044630633576,5.75,0.480826617696132,"J2661_J4967","postknowledge","J2661_J4967_postknowledge",0,0,"J2661_postknowledge","J4967_postknowledge",3,3,-0.365971553133319,-0.272575680117757
"J5146 J2661",4,"J5146 J2661",4,"J2661","J5146","knowledge","naive","knowledge naive",4,NA,NA,0,"knowledge",-0.147658742298735,-4.25,-0.355393586992793,"J2661_J5146","postknowledge","J2661_J5146_postknowledge",0,0,"J2661_postknowledge","J5146_postknowledge",3,4,-0.365971553133319,-0.212965886044436
"J5215 J2661",2,"J5215 J2661",2,"J2661","J5215","naive","naive","naive naive",2,NA,NA,0,"naive",-0.381279752025634,-1.32224958949097,-0.270286137471486,"J2661_J5215","postknowledge","J2661_J5215_postknowledge",0,0,"J2661_postknowledge","J5215_postknowledge",3,10,-0.365971553133319,0.144692878395492
"J664 J2661",2,"J664 J2661",2,"J2661","J664","knowledge","naive","knowledge naive",2,NA,NA,0,"knowledge",-0.381279752025634,-6.25,-0.522637627930578,"J2661_J664","postknowledge","J2661_J664_postknowledge",0,0,"J2661_postknowledge","J664_postknowledge",3,0,-0.365971553133319,-0.451405062337721
"J2701 J2986",1,"J2701 J2986",1,"J2701","J2986","naive","naive","naive naive",1.5,NA,NA,0,"naive",-0.439685004457359,-1.82224958949097,-0.372493065580853,"J2701_J2986","postknowledge","J2701_J2986_postknowledge",0,0,"J2701_postknowledge","J2986_postknowledge",0,0,-0.499376761210493,-0.451405062337721
"J2701 J3777",2,"J2701 J3777",2,"J2701","J3777","naive","naive","naive naive",2,NA,NA,0,"naive",-0.381279752025634,-1.32224958949097,-0.270286137471486,"J2701_J3777","postknowledge","J2701_J3777_postknowledge",0,0,"J2701_postknowledge","J3777_postknowledge",0,0,-0.499376761210493,-0.451405062337721
"J3811 J2701",2,"J3811 J2701",2,"J2701","J3811","naive","naive","naive naive",2,NA,NA,0,"naive",-0.381279752025634,-1.32224958949097,-0.270286137471486,"J2701_J3811","postknowledge","J2701_J3811_postknowledge",0,0,"J2701_postknowledge","J3811_postknowledge",0,0,-0.499376761210493,-0.451405062337721
"J4162 J2701",2,"J4162 J2701",2,"J2701","J4162","knowledge","naive","knowledge naive",2,NA,NA,0,"knowledge",-0.381279752025634,-6.25,-0.522637627930578,"J2701_J4162","postknowledge","J2701_J4162_postknowledge",0,0,"J2701_postknowledge","J4162_postknowledge",0,3,-0.499376761210493,-0.272575680117757
"J42 J2701",6,"J42 J2701",6,"J2701","J42","naive","naive","naive naive",6,NA,NA,0,"naive",0.0859622674281642,2.67775041050903,0.547369287403447,"J2701_J42","postknowledge","J2701_J42_postknowledge",0,0,"J2701_postknowledge","J42_postknowledge",0,0,-0.499376761210493,-0.451405062337721
"J2701 J4654",3,"J2701 J4654",3,"J2701","J4654","naive","naive","naive naive",3,NA,NA,0,"naive",-0.264469247162184,-0.322249589490969,-0.0658722812527527,"J2701_J4654","postknowledge","J2701_J4654_postknowledge",0,0,"J2701_postknowledge","J4654_postknowledge",0,4,-0.499376761210493,-0.212965886044436
"J2701 J4747",1,"J2701 J4747",1,"J2701","J4747","naive","naive","naive naive",1,NA,NA,0,"naive",-0.498090256889084,-2.32224958949097,-0.474699993690219,"J2701_J4747","postknowledge","J2701_J4747_postknowledge",0,0,"J2701_postknowledge","J4747_postknowledge",0,77,-0.499376761210493,4.13854908130802
"J4967 J2701",8,"J4967 J2701",8,"J2701","J4967","knowledge","naive","knowledge naive",8,NA,NA,0,"knowledge",0.319583277155063,-0.25,-0.0209055051172231,"J2701_J4967","postknowledge","J2701_J4967_postknowledge",0,0,"J2701_postknowledge","J4967_postknowledge",0,3,-0.499376761210493,-0.272575680117757
"J2701 J5043",4,"J2701 J5043",4,"J2701","J5043","naive","naive","naive naive",4,NA,NA,0,"naive",-0.147658742298735,0.677750410509031,0.138541574965981,"J2701_J5043","postknowledge","J2701_J5043_postknowledge",0,0,"J2701_postknowledge","J5043_postknowledge",0,2,-0.499376761210493,-0.332185474191078
"J2701 J5068",1,"J2701 J5068",1,"J2701","J5068","naive","naive","naive naive",1,NA,NA,0,"naive",-0.498090256889084,-2.32224958949097,-0.474699993690219,"J2701_J5068","postknowledge","J2701_J5068_postknowledge",0,0,"J2701_postknowledge","J5068_postknowledge",0,0,-0.499376761210493,-0.451405062337721
"J5309 J2701",1,"J5309 J2701",1,"J2701","J5309","naive","naive","naive naive",1,NA,NA,0,"naive",-0.498090256889084,-2.32224958949097,-0.474699993690219,"J2701_J5309","postknowledge","J2701_J5309_postknowledge",0,0,"J2701_postknowledge","J5309_postknowledge",0,18,-0.499376761210493,0.621571230982063
"J5489 J2701",6,"J5489 J2701",6,"J2701","J5489","naive","naive","naive naive",6,NA,NA,0,"naive",0.0859622674281642,2.67775041050903,0.547369287403447,"J2701_J5489","postknowledge","J2701_J5489_postknowledge",0,0,"J2701_postknowledge","J5489_postknowledge",0,1,-0.499376761210493,-0.3917952682644
"J5651 J2701",1,"J5651 J2701",1,"J2701","J5651","naive","naive","naive naive",1,NA,NA,0,"naive",-0.498090256889084,-2.32224958949097,-0.474699993690219,"J2701_J5651","postknowledge","J2701_J5651_postknowledge",0,0,"J2701_postknowledge","J5651_postknowledge",0,0,-0.499376761210493,-0.451405062337721
"J2701 J5658",2,"J2701 J5658",2,"J2701","J5658","naive","naive","naive naive",2,NA,NA,0,"naive",-0.381279752025634,-1.32224958949097,-0.270286137471486,"J2701_J5658","postknowledge","J2701_J5658_postknowledge",0,0,"J2701_postknowledge","J5658_postknowledge",0,0,-0.499376761210493,-0.451405062337721
"J2701 J5740",2,"J2701 J5740",2,"J2701","J5740","naive","naive","naive naive",2,NA,NA,0,"naive",-0.381279752025634,-1.32224958949097,-0.270286137471486,"J2701_J5740","postknowledge","J2701_J5740_postknowledge",0,0,"J2701_postknowledge","J5740_postknowledge",0,0,-0.499376761210493,-0.451405062337721
"J5810 J2701",14,"J5810 J2701",14,"J2701","J5810","knowledge","naive","knowledge naive",14,NA,NA,0,"knowledge",1.02044630633576,5.75,0.480826617696132,"J2701_J5810","postknowledge","J2701_J5810_postknowledge",0,0,"J2701_postknowledge","J5810_postknowledge",0,0,-0.499376761210493,-0.451405062337721
"J2701 J5874",1,"J2701 J5874",1,"J2701","J5874","naive","naive","naive naive",1,NA,NA,0,"naive",-0.498090256889084,-2.32224958949097,-0.474699993690219,"J2701_J5874","postknowledge","J2701_J5874_postknowledge",0,0,"J2701_postknowledge","J5874_postknowledge",0,0,-0.499376761210493,-0.451405062337721
"J2701 J5922",1,"J2701 J5922",1,"J2701","J5922","naive","naive","naive naive",1,NA,NA,0,"naive",-0.498090256889084,-2.32224958949097,-0.474699993690219,"J2701_J5922","postknowledge","J2701_J5922_postknowledge",0,0,"J2701_postknowledge","J5922_postknowledge",0,0,-0.499376761210493,-0.451405062337721
"J2701 J5939",1,"J2701 J5939",1,"J2701","J5939","naive","naive","naive naive",1,NA,NA,0,"naive",-0.498090256889084,-2.32224958949097,-0.474699993690219,"J2701_J5939","postknowledge","J2701_J5939_postknowledge",0,0,"J2701_postknowledge","J5939_postknowledge",0,0,-0.499376761210493,-0.451405062337721
"J2701 J6017",2,"J2701 J6017",2,"J2701","J6017","naive","naive","naive naive",2,NA,NA,0,"naive",-0.381279752025634,-1.32224958949097,-0.270286137471486,"J2701_J6017","postknowledge","J2701_J6017_postknowledge",0,0,"J2701_postknowledge","J6017_postknowledge",0,0,-0.499376761210493,-0.451405062337721
"J664 J2701",2,"J664 J2701",2,"J2701","J664","knowledge","naive","knowledge naive",2,NA,NA,0,"knowledge",-0.381279752025634,-6.25,-0.522637627930578,"J2701_J664","postknowledge","J2701_J664_postknowledge",0,0,"J2701_postknowledge","J664_postknowledge",0,0,-0.499376761210493,-0.451405062337721
"J933 J2701",1,"J933 J2701",1,"J2701","J933","naive","naive","naive naive",1,NA,NA,0,"naive",-0.498090256889084,-2.32224958949097,-0.474699993690219,"J2701_J933","postknowledge","J2701_J933_postknowledge",0,0,"J2701_postknowledge","J933_postknowledge",0,0,-0.499376761210493,-0.451405062337721
"J4151 J2759",1,"J4151 J2759",1,"J2759","J4151","naive","naive","naive naive",1,NA,NA,0,"naive",-0.498090256889084,-2.32224958949097,-0.474699993690219,"J2759_J4151","postknowledge","J2759_J4151_postknowledge",0,0,"J2759_postknowledge","J4151_postknowledge",0,26,-0.499376761210493,1.09844958356863
"J5089 J2759",1,"J5089 J2759",1,"J2759","J5089","knowledge","naive","knowledge naive",1,NA,NA,0,"knowledge",-0.498090256889084,-7.25,-0.606259648399471,"J2759_J5089","postknowledge","J2759_J5089_postknowledge",0,0,"J2759_postknowledge","J5089_postknowledge",0,0,-0.499376761210493,-0.451405062337721
"J2941 J2801",1,"J2941 J2801",1,"J2801","J2941","naive","naive","naive naive",1,0.0214285714285714,NA,1,"naive",-0.498090256889084,-2.32224958949097,-0.474699993690219,"J2801_J2941","postknowledge","J2801_J2941_postknowledge",0,0,"J2801_postknowledge","J2941_postknowledge",0,0,-0.499376761210493,-0.451405062337721
"J2961 J2801",6,"J2961 J2801",6,"J2801","J2961","naive","naive","naive naive",6,0.0136054421768707,NA,1,"naive",0.0859622674281642,2.67775041050903,0.547369287403447,"J2801_J2961","postknowledge","J2801_J2961_postknowledge",0,0,"J2801_postknowledge","J2961_postknowledge",0,0,-0.499376761210493,-0.451405062337721
"J3076 J2801",2,"J3076 J2801",2,"J2801","J3076","naive","naive","naive naive",2,NA,NA,0,"naive",-0.381279752025634,-1.32224958949097,-0.270286137471486,"J2801_J3076","postknowledge","J2801_J3076_postknowledge",0,0,"J2801_postknowledge","J3076_postknowledge",0,0,-0.499376761210493,-0.451405062337721
"J2801 J4104",1,"J2801 J4104",1,"J2801","J4104","naive","naive","naive naive",3.5,NA,NA,0,"naive",-0.20606399473046,0.177750410509031,0.0363346468566139,"J2801_J4104","postknowledge","J2801_J4104_postknowledge",0,0,"J2801_postknowledge","J4104_postknowledge",0,0,-0.499376761210493,-0.451405062337721
"J4304 J2801",2,"J4304 J2801",2,"J2801","J4304","knowledge","naive","knowledge naive",2,0.0367647058823529,NA,1,"knowledge",-0.381279752025634,-6.25,-0.522637627930578,"J2801_J4304","postknowledge","J2801_J4304_postknowledge",0,0,"J2801_postknowledge","J4304_postknowledge",0,0,-0.499376761210493,-0.451405062337721
"J2801 J4951",2,"J2801 J4951",2,"J2801","J4951","naive","naive","naive naive",2,0.00813008130081301,NA,1,"naive",-0.381279752025634,-1.32224958949097,-0.270286137471486,"J2801_J4951","postknowledge","J2801_J4951_postknowledge",0,0,"J2801_postknowledge","J4951_postknowledge",0,0,-0.499376761210493,-0.451405062337721
"J505 J2801",6,"J505 J2801",6,"J2801","J505","naive","naive","naive naive",6,NA,NA,0,"naive",0.0859622674281642,2.67775041050903,0.547369287403447,"J2801_J505","postknowledge","J2801_J505_postknowledge",0,0,"J2801_postknowledge","J505_postknowledge",0,22,-0.499376761210493,0.860010407275348
"J5087 J2801",2,"J5087 J2801",2,"J2801","J5087","naive","naive","naive naive",2,NA,NA,0,"naive",-0.381279752025634,-1.32224958949097,-0.270286137471486,"J2801_J5087","postknowledge","J2801_J5087_postknowledge",0,0,"J2801_postknowledge","J5087_postknowledge",0,0,-0.499376761210493,-0.451405062337721
"J5695 J2801",5,"J5695 J2801",5,"J2801","J5695","knowledge","naive","knowledge naive",5,0.00769230769230769,NA,1,"knowledge",-0.0308482374352854,-3.25,-0.271771566523901,"J2801_J5695","postknowledge","J2801_J5695_postknowledge",0,0,"J2801_postknowledge","J5695_postknowledge",0,0,-0.499376761210493,-0.451405062337721
"J6056 J2801",1,"J6056 J2801",1,"J2801","J6056","naive","naive","naive naive",1,NA,NA,0,"naive",-0.498090256889084,-2.32224958949097,-0.474699993690219,"J2801_J6056","postknowledge","J2801_J6056_postknowledge",0,0,"J2801_postknowledge","J6056_postknowledge",0,0,-0.499376761210493,-0.451405062337721
"J2941 J2952",12,"J2941 J2952",12,"J2941","J2952","naive","naive","naive naive",11,NA,NA,0,"naive",0.670014791745412,7.67775041050903,1.56943856849711,"J2941_J2952","postknowledge","J2941_J2952_postknowledge",0,0,"J2941_postknowledge","J2952_postknowledge",0,0,-0.499376761210493,-0.451405062337721
"J2941 J2961",10,"J2941 J2961",10,"J2941","J2961","naive","naive","naive naive",11,0.025,NA,1,"naive",0.670014791745412,7.67775041050903,1.56943856849711,"J2941_J2961","postknowledge","J2941_J2961_postknowledge",0,0,"J2941_postknowledge","J2961_postknowledge",0,0,-0.499376761210493,-0.451405062337721
"J2941 J3462",8,"J2941 J3462",8,"J2941","J3462","naive","naive","naive naive",6,NA,NA,0,"naive",0.0859622674281642,2.67775041050903,0.547369287403447,"J2941_J3462","postknowledge","J2941_J3462_postknowledge",0,0,"J2941_postknowledge","J3462_postknowledge",0,0,-0.499376761210493,-0.451405062337721
"J2941 J3526",4,"J2941 J3526",4,"J2941","J3526","naive","naive","naive naive",4,NA,NA,0,"naive",-0.147658742298735,0.677750410509031,0.138541574965981,"J2941_J3526","postknowledge","J2941_J3526_postknowledge",0,0,"J2941_postknowledge","J3526_postknowledge",0,0,-0.499376761210493,-0.451405062337721
"J2941 J3702",1,"J2941 J3702",1,"J2941","J3702","naive","naive","naive naive",1,NA,NA,0,"naive",-0.498090256889084,-2.32224958949097,-0.474699993690219,"J2941_J3702","postknowledge","J2941_J3702_postknowledge",0,0,"J2941_postknowledge","J3702_postknowledge",0,0,-0.499376761210493,-0.451405062337721
"J2941 J3749",2,"J2941 J3749",2,"J2941","J3749","naive","naive","naive naive",2,NA,NA,0,"naive",-0.381279752025634,-1.32224958949097,-0.270286137471486,"J2941_J3749","postknowledge","J2941_J3749_postknowledge",0,0,"J2941_postknowledge","J3749_postknowledge",0,30,-0.499376761210493,1.33688875986192
"J2941 J3753",6,"J2941 J3753",6,"J2941","J3753","naive","naive","naive naive",6,NA,NA,0,"naive",0.0859622674281642,2.67775041050903,0.547369287403447,"J2941_J3753","postknowledge","J2941_J3753_postknowledge",0,0,"J2941_postknowledge","J3753_postknowledge",0,17,-0.499376761210493,0.561961436908741
"J3987 J2941",12,"J3987 J2941",12,"J2941","J3987","knowledge","naive","knowledge naive",12,0.0227272727272727,NA,1,"knowledge",0.786825296608862,3.75,0.313582576758347,"J2941_J3987","postknowledge","J2941_J3987_postknowledge",0,0,"J2941_postknowledge","J3987_postknowledge",0,11,-0.499376761210493,0.204302672468813
"J2941 J4044",9,"J2941 J4044",9,"J2941","J4044","naive","naive","naive naive",9,0.0189873417721519,NA,1,"naive",0.436393782018513,5.67775041050903,1.16061085605965,"J2941_J4044","postknowledge","J2941_J4044_postknowledge",0,0,"J2941_postknowledge","J4044_postknowledge",0,0,-0.499376761210493,-0.451405062337721
"J2941 J4046",1,"J2941 J4046",1,"J2941","J4046","naive","naive","naive naive",1.5,0.0151515151515152,NA,1,"naive",-0.439685004457359,-1.82224958949097,-0.372493065580853,"J2941_J4046","postknowledge","J2941_J4046_postknowledge",0,0,"J2941_postknowledge","J4046_postknowledge",0,40,-0.499376761210493,1.93298670059513
"J2941 J4104",6,"J2941 J4104",6,"J2941","J4104","naive","naive","naive naive",4.5,NA,NA,0,"naive",-0.0892534898670101,1.17775041050903,0.240748503075347,"J2941_J4104","postknowledge","J2941_J4104_postknowledge",0,0,"J2941_postknowledge","J4104_postknowledge",0,0,-0.499376761210493,-0.451405062337721
"J42 J2941",2,"J42 J2941",2,"J2941","J42","naive","naive","naive naive",2,NA,NA,0,"naive",-0.381279752025634,-1.32224958949097,-0.270286137471486,"J2941_J42","postknowledge","J2941_J42_postknowledge",0,0,"J2941_postknowledge","J42_postknowledge",0,0,-0.499376761210493,-0.451405062337721
"J4304 J2941",31,"J4304 J2941",31,"J2941","J4304","knowledge","naive","knowledge naive",31,0.0277777777777778,NA,1,"knowledge",3.0062248890144,22.75,1.9024009656673,"J2941_J4304","postknowledge","J2941_J4304_postknowledge",0,0,"J2941_postknowledge","J4304_postknowledge",0,0,-0.499376761210493,-0.451405062337721
"J4345 J2941",1,"J4345 J2941",1,"J2941","J4345","naive","naive","naive naive",1,NA,NA,0,"naive",-0.498090256889084,-2.32224958949097,-0.474699993690219,"J2941_J4345","postknowledge","J2941_J4345_postknowledge",0,0,"J2941_postknowledge","J4345_postknowledge",0,11,-0.499376761210493,0.204302672468813
"J4521 J2941",2,"J4521 J2941",2,"J2941","J4521","knowledge","naive","knowledge naive",2,0.0173913043478261,NA,1,"knowledge",-0.381279752025634,-6.25,-0.522637627930578,"J2941_J4521","postknowledge","J2941_J4521_postknowledge",0,0,"J2941_postknowledge","J4521_postknowledge",0,60,-0.499376761210493,3.12518258206156
"J2941 J4552",1,"J2941 J4552",1,"J2941","J4552","naive","naive","naive naive",1,0.0377358490566038,NA,1,"naive",-0.498090256889084,-2.32224958949097,-0.474699993690219,"J2941_J4552","postknowledge","J2941_J4552_postknowledge",0,0,"J2941_postknowledge","J4552_postknowledge",0,78,-0.499376761210493,4.19815887538134
"J4601 J2941",19,"J4601 J2941",19,"J2941","J4601","knowledge","naive","knowledge naive",19,0.0072992700729927,NA,1,"knowledge",1.60449883065301,10.75,0.898936720040594,"J2941_J4601","postknowledge","J2941_J4601_postknowledge",0,0,"J2941_postknowledge","J4601_postknowledge",0,0,-0.499376761210493,-0.451405062337721
"J2941 J4770",3,"J2941 J4770",3,"J2941","J4770","naive","naive","naive naive",3.5,NA,NA,0,"naive",-0.20606399473046,0.177750410509031,0.0363346468566139,"J2941_J4770","postknowledge","J2941_J4770_postknowledge",0,0,"J2941_postknowledge","J4770_postknowledge",0,1,-0.499376761210493,-0.3917952682644
"J2941 J4776",6,"J2941 J4776",6,"J2941","J4776","naive","naive","naive naive",6.5,NA,NA,0,"naive",0.144367519859889,3.17775041050903,0.649576215512814,"J2941_J4776","postknowledge","J2941_J4776_postknowledge",0,0,"J2941_postknowledge","J4776_postknowledge",0,3,-0.499376761210493,-0.272575680117757
"J2941 J4951",6,"J2941 J4951",6,"J2941","J4951","naive","naive","naive naive",4.5,0.0178571428571429,NA,1,"naive",-0.0892534898670101,1.17775041050903,0.240748503075347,"J2941_J4951","postknowledge","J2941_J4951_postknowledge",0,0,"J2941_postknowledge","J4951_postknowledge",0,0,-0.499376761210493,-0.451405062337721
"J4954 J2941",4,"J4954 J2941",4,"J2941","J4954","naive","naive","naive naive",4,NA,NA,0,"naive",-0.147658742298735,0.677750410509031,0.138541574965981,"J2941_J4954","postknowledge","J2941_J4954_postknowledge",0,0,"J2941_postknowledge","J4954_postknowledge",0,76,-0.499376761210493,4.0789392872347
"J2941 J4961",5,"J2941 J4961",5,"J2941","J4961","naive","naive","naive naive",5.5,0.0169491525423729,NA,1,"naive",0.0275570149964394,2.17775041050903,0.445162359294081,"J2941_J4961","postknowledge","J2941_J4961_postknowledge",0,0,"J2941_postknowledge","J4961_postknowledge",0,0,-0.499376761210493,-0.451405062337721
"J2941 J5012",6,"J2941 J5012",6,"J2941","J5012","naive","naive","naive naive",5.5,0.0178571428571429,NA,1,"naive",0.0275570149964394,2.17775041050903,0.445162359294081,"J2941_J5012","postknowledge","J2941_J5012_postknowledge",0,0,"J2941_postknowledge","J5012_postknowledge",0,21,-0.499376761210493,0.800400613202027
"J2941 J505",15,"J2941 J505",15,"J2941","J505","naive","naive","naive naive",15.5,0.0377358490566038,NA,1,"naive",1.19566206363093,12.177750410509,2.48930092148141,"J2941_J505","postknowledge","J2941_J505_postknowledge",0,0,"J2941_postknowledge","J505_postknowledge",0,22,-0.499376761210493,0.860010407275348
"J2941 J5050",4,"J2941 J5050",4,"J2941","J5050","naive","naive","naive naive",5,NA,NA,0,"naive",-0.0308482374352854,1.67775041050903,0.342955431184714,"J2941_J5050","postknowledge","J2941_J5050_postknowledge",0,0,"J2941_postknowledge","J5050_postknowledge",0,0,-0.499376761210493,-0.451405062337721
"J5053 J2941",18,"J5053 J2941",18,"J2941","J5053","knowledge","naive","knowledge naive",18,0.0123456790123457,NA,1,"knowledge",1.48768832578956,9.75,0.815314699571702,"J2941_J5053","postknowledge","J2941_J5053_postknowledge",0,0,"J2941_postknowledge","J5053_postknowledge",0,56,-0.499376761210493,2.88674340576827
"J2941 J5056",1,"J2941 J5056",1,"J2941","J5056","naive","naive","naive naive",1.5,0.0144927536231884,NA,1,"naive",-0.439685004457359,-1.82224958949097,-0.372493065580853,"J2941_J5056","postknowledge","J2941_J5056_postknowledge",0,0,"J2941_postknowledge","J5056_postknowledge",0,0,-0.499376761210493,-0.451405062337721
"J5074 J2941",6,"J5074 J2941",6,"J2941","J5074","knowledge","naive","knowledge naive",6,0.0238095238095238,NA,1,"knowledge",0.0859622674281642,-2.25,-0.188149546055008,"J2941_J5074","postknowledge","J2941_J5074_postknowledge",0,0,"J2941_postknowledge","J5074_postknowledge",0,59,-0.499376761210493,3.06557278798824
"J2941 J5087",9,"J2941 J5087",9,"J2941","J5087","naive","naive","naive naive",8,NA,NA,0,"naive",0.319583277155063,4.67775041050903,0.956196999840914,"J2941_J5087","postknowledge","J2941_J5087_postknowledge",0,0,"J2941_postknowledge","J5087_postknowledge",0,0,-0.499376761210493,-0.451405062337721
"J5089 J2941",21,"J5089 J2941",21,"J2941","J5089","knowledge","naive","knowledge naive",21,0.0238095238095238,NA,1,"knowledge",1.83811984037991,12.75,1.06618076097838,"J2941_J5089","postknowledge","J2941_J5089_postknowledge",0,0,"J2941_postknowledge","J5089_postknowledge",0,0,-0.499376761210493,-0.451405062337721
"J2941 J5215",2,"J2941 J5215",2,"J2941","J5215","naive","naive","naive naive",2,NA,NA,0,"naive",-0.381279752025634,-1.32224958949097,-0.270286137471486,"J2941_J5215","postknowledge","J2941_J5215_postknowledge",0,0,"J2941_postknowledge","J5215_postknowledge",0,10,-0.499376761210493,0.144692878395492
"J2941 J5222",1,"J2941 J5222",1,"J2941","J5222","naive","naive","naive naive",2.5,NA,NA,0,"naive",-0.322874499593909,-0.822249589490969,-0.168079209362119,"J2941_J5222","postknowledge","J2941_J5222_postknowledge",0,0,"J2941_postknowledge","J5222_postknowledge",0,11,-0.499376761210493,0.204302672468813
"J2941 J5271",1,"J2941 J5271",1,"J2941","J5271","naive","naive","naive naive",2,NA,NA,0,"naive",-0.381279752025634,-1.32224958949097,-0.270286137471486,"J2941_J5271","postknowledge","J2941_J5271_postknowledge",0,0,"J2941_postknowledge","J5271_postknowledge",0,9,-0.499376761210493,0.0850830843221708
"J2941 J5595",1,"J2941 J5595",1,"J2941","J5595","naive","naive","naive naive",2.5,0.028169014084507,NA,1,"naive",-0.322874499593909,-0.822249589490969,-0.168079209362119,"J2941_J5595","postknowledge","J2941_J5595_postknowledge",0,0,"J2941_postknowledge","J5595_postknowledge",0,45,-0.499376761210493,2.23103567096174
"J2941 J5645",8,"J2941 J5645",8,"J2941","J5645","naive","naive","naive naive",5,0.0075187969924812,NA,1,"naive",-0.0308482374352854,1.67775041050903,0.342955431184714,"J2941_J5645","postknowledge","J2941_J5645_postknowledge",0,0,"J2941_postknowledge","J5645_postknowledge",0,0,-0.499376761210493,-0.451405062337721
"J5649 J2941",1,"J5649 J2941",1,"J2941","J5649","naive","naive","naive naive",1,NA,NA,0,"naive",-0.498090256889084,-2.32224958949097,-0.474699993690219,"J2941_J5649","postknowledge","J2941_J5649_postknowledge",0,0,"J2941_postknowledge","J5649_postknowledge",0,0,-0.499376761210493,-0.451405062337721
"J5675B J2941",2,"J5675B J2941",2,"J2941","J5675B","naive","naive","naive naive",2,NA,NA,0,"naive",-0.381279752025634,-1.32224958949097,-0.270286137471486,"J2941_J5675B","postknowledge","J2941_J5675B_postknowledge",0,0,"J2941_postknowledge","J5675B_postknowledge",0,0,-0.499376761210493,-0.451405062337721
"J5694 J2941",34,"J5694 J2941",34,"J2941","J5694","knowledge","naive","knowledge naive",34,NA,NA,0,"knowledge",3.35665640360475,25.75,2.15326702707398,"J2941_J5694","postknowledge","J2941_J5694_postknowledge",0,0,"J2941_postknowledge","J5694_postknowledge",0,0,-0.499376761210493,-0.451405062337721
"J5695 J2941",34,"J5695 J2941",34,"J2941","J5695","knowledge","naive","knowledge naive",34,NA,NA,0,"knowledge",3.35665640360475,25.75,2.15326702707398,"J2941_J5695","postknowledge","J2941_J5695_postknowledge",0,0,"J2941_postknowledge","J5695_postknowledge",0,0,-0.499376761210493,-0.451405062337721
"J2941 J5716B",2,"J2941 J5716B",2,"J2941","J5716B","naive","naive","naive naive",2,NA,NA,0,"naive",-0.381279752025634,-1.32224958949097,-0.270286137471486,"J2941_J5716B","postknowledge","J2941_J5716B_postknowledge",0,0,"J2941_postknowledge","J5716B_postknowledge",0,0,-0.499376761210493,-0.451405062337721
"J5723A J2941",2,"J5723A J2941",2,"J2941","J5723A","naive","naive","naive naive",2,NA,NA,0,"naive",-0.381279752025634,-1.32224958949097,-0.270286137471486,"J2941_J5723A","postknowledge","J2941_J5723A_postknowledge",0,0,"J2941_postknowledge","J5723A_postknowledge",0,0,-0.499376761210493,-0.451405062337721
"J2941 J5724",7,"J2941 J5724",7,"J2941","J5724","naive","naive","naive naive",5.5,NA,NA,0,"naive",0.0275570149964394,2.17775041050903,0.445162359294081,"J2941_J5724","postknowledge","J2941_J5724_postknowledge",0,0,"J2941_postknowledge","J5724_postknowledge",0,0,-0.499376761210493,-0.451405062337721
"J2941 J5728B",2,"J2941 J5728B",2,"J2941","J5728B","naive","naive","naive naive",2,NA,NA,0,"naive",-0.381279752025634,-1.32224958949097,-0.270286137471486,"J2941_J5728B","postknowledge","J2941_J5728B_postknowledge",0,0,"J2941_postknowledge","J5728B_postknowledge",0,0,-0.499376761210493,-0.451405062337721
"J5730 J2941",16,"J5730 J2941",16,"J2941","J5730","knowledge","naive","knowledge naive",16,0.0227272727272727,NA,1,"knowledge",1.25406731606266,7.75,0.648070658633917,"J2941_J5730","postknowledge","J2941_J5730_postknowledge",0,0,"J2941_postknowledge","J5730_postknowledge",0,0,-0.499376761210493,-0.451405062337721
"J2941 J5763",1,"J2941 J5763",1,"J2941","J5763","naive","naive","naive naive",1,NA,NA,0,"naive",-0.498090256889084,-2.32224958949097,-0.474699993690219,"J2941_J5763","postknowledge","J2941_J5763_postknowledge",0,0,"J2941_postknowledge","J5763_postknowledge",0,0,-0.499376761210493,-0.451405062337721
"J2941 J5766",5,"J2941 J5766",5,"J2941","J5766","naive","naive","naive naive",4.5,NA,NA,0,"naive",-0.0892534898670101,1.17775041050903,0.240748503075347,"J2941_J5766","postknowledge","J2941_J5766_postknowledge",0,0,"J2941_postknowledge","J5766_postknowledge",0,0,-0.499376761210493,-0.451405062337721
"J5803 J2941",2,"J5803 J2941",2,"J2941","J5803","naive","naive","naive naive",2,NA,NA,0,"naive",-0.381279752025634,-1.32224958949097,-0.270286137471486,"J2941_J5803","postknowledge","J2941_J5803_postknowledge",0,0,"J2941_postknowledge","J5803_postknowledge",0,0,-0.499376761210493,-0.451405062337721
"J5804 J2941",13,"J5804 J2941",13,"J2941","J5804","naive","naive","naive naive",13,NA,NA,0,"naive",0.903635801472311,9.67775041050903,1.97826628093458,"J2941_J5804","postknowledge","J2941_J5804_postknowledge",NA,NA,"J2941_postknowledge","J5804_postknowledge",0,NA,-0.499376761210493,NA
"J2941 J5888",6,"J2941 J5888",6,"J2941","J5888","naive","naive","naive naive",6,NA,NA,0,"naive",0.0859622674281642,2.67775041050903,0.547369287403447,"J2941_J5888","postknowledge","J2941_J5888_postknowledge",0,0,"J2941_postknowledge","J5888_postknowledge",0,0,-0.499376761210493,-0.451405062337721
"J6036 J2941",2,"J6036 J2941",2,"J2941","J6036","naive","naive","naive naive",2,NA,NA,0,"naive",-0.381279752025634,-1.32224958949097,-0.270286137471486,"J2941_J6036","postknowledge","J2941_J6036_postknowledge",0,0,"J2941_postknowledge","J6036_postknowledge",0,0,-0.499376761210493,-0.451405062337721
"J2941 J6042",2,"J2941 J6042",2,"J2941","J6042","naive","naive","naive naive",1.5,NA,NA,0,"naive",-0.439685004457359,-1.82224958949097,-0.372493065580853,"J2941_J6042","postknowledge","J2941_J6042_postknowledge",0,0,"J2941_postknowledge","J6042_postknowledge",0,0,-0.499376761210493,-0.451405062337721
"J2941 J6043",2,"J2941 J6043",2,"J2941","J6043","naive","naive","naive naive",2,0.0148148148148148,NA,1,"naive",-0.381279752025634,-1.32224958949097,-0.270286137471486,"J2941_J6043","postknowledge","J2941_J6043_postknowledge",0,0,"J2941_postknowledge","J6043_postknowledge",0,0,-0.499376761210493,-0.451405062337721
"J6051 J2941",2,"J6051 J2941",2,"J2941","J6051","naive","naive","naive naive",2,NA,NA,0,"naive",-0.381279752025634,-1.32224958949097,-0.270286137471486,"J2941_J6051","postknowledge","J2941_J6051_postknowledge",0,0,"J2941_postknowledge","J6051_postknowledge",0,0,-0.499376761210493,-0.451405062337721
"J6057 J2941",2,"J6057 J2941",2,"J2941","J6057","naive","naive","naive naive",2,NA,NA,0,"naive",-0.381279752025634,-1.32224958949097,-0.270286137471486,"J2941_J6057","postknowledge","J2941_J6057_postknowledge",0,0,"J2941_postknowledge","J6057_postknowledge",0,0,-0.499376761210493,-0.451405062337721
"J664 J2941",2,"J664 J2941",2,"J2941","J664","knowledge","naive","knowledge naive",2,0.0167597765363128,NA,1,"knowledge",-0.381279752025634,-6.25,-0.522637627930578,"J2941_J664","postknowledge","J2941_J664_postknowledge",0,0,"J2941_postknowledge","J664_postknowledge",0,0,-0.499376761210493,-0.451405062337721
"J2941 J972",6,"J2941 J972",6,"J2941","J972","naive","naive","naive naive",4,NA,NA,0,"naive",-0.147658742298735,0.677750410509031,0.138541574965981,"J2941_J972","postknowledge","J2941_J972_postknowledge",0,0,"J2941_postknowledge","J972_postknowledge",0,0,-0.499376761210493,-0.451405062337721
"J4304 J295",6,"J4304 J295",6,"J295","J4304","knowledge","naive","knowledge naive",6,NA,NA,0,"knowledge",0.0859622674281642,-2.25,-0.188149546055008,"J295_J4304","postknowledge","J295_J4304_postknowledge",0,0,"J295_postknowledge","J4304_postknowledge",2,0,-0.41043995582571,-0.451405062337721
"J295 J4770",2,"J295 J4770",2,"J295","J4770","naive","naive","naive naive",2.5,NA,NA,0,"naive",-0.322874499593909,-0.822249589490969,-0.168079209362119,"J295_J4770","postknowledge","J295_J4770_postknowledge",0,0,"J295_postknowledge","J4770_postknowledge",2,1,-0.41043995582571,-0.3917952682644
"J295 J5050",1,"J295 J5050",1,"J295","J5050","naive","naive","naive naive",1,NA,NA,0,"naive",-0.498090256889084,-2.32224958949097,-0.474699993690219,"J295_J5050","postknowledge","J295_J5050_postknowledge",0,0,"J295_postknowledge","J5050_postknowledge",2,0,-0.41043995582571,-0.451405062337721
"J5089 J295",1,"J5089 J295",1,"J295","J5089","knowledge","naive","knowledge naive",1,NA,NA,0,"knowledge",-0.498090256889084,-7.25,-0.606259648399471,"J295_J5089","postknowledge","J295_J5089_postknowledge",0,0,"J295_postknowledge","J5089_postknowledge",2,0,-0.41043995582571,-0.451405062337721
"J5730 J295",2,"J5730 J295",2,"J295","J5730","knowledge","naive","knowledge naive",2,NA,NA,0,"knowledge",-0.381279752025634,-6.25,-0.522637627930578,"J295_J5730","postknowledge","J295_J5730_postknowledge",0,0,"J295_postknowledge","J5730_postknowledge",2,0,-0.41043995582571,-0.451405062337721
"J5766 J295",1,"J5766 J295",1,"J295","J5766","naive","naive","naive naive",1,NA,NA,0,"naive",-0.498090256889084,-2.32224958949097,-0.474699993690219,"J295_J5766","postknowledge","J295_J5766_postknowledge",0,0,"J295_postknowledge","J5766_postknowledge",2,0,-0.41043995582571,-0.451405062337721
"J2952 J2961",3,"J2952 J2961",3,"J2952","J2961","naive","naive","naive naive",2.5,NA,NA,0,"naive",-0.322874499593909,-0.822249589490969,-0.168079209362119,"J2952_J2961","postknowledge","J2952_J2961_postknowledge",0,0,"J2952_postknowledge","J2961_postknowledge",0,0,-0.499376761210493,-0.451405062337721
"J3462 J2952",2,"J3462 J2952",2,"J2952","J3462","naive","naive","naive naive",2,NA,NA,0,"naive",-0.381279752025634,-1.32224958949097,-0.270286137471486,"J2952_J3462","postknowledge","J2952_J3462_postknowledge",0,0,"J2952_postknowledge","J3462_postknowledge",0,0,-0.499376761210493,-0.451405062337721
"J3526 J2952",2,"J3526 J2952",2,"J2952","J3526","naive","naive","naive naive",2,NA,NA,0,"naive",-0.381279752025634,-1.32224958949097,-0.270286137471486,"J2952_J3526","postknowledge","J2952_J3526_postknowledge",0,0,"J2952_postknowledge","J3526_postknowledge",0,0,-0.499376761210493,-0.451405062337721
"J3987 J2952",6,"J3987 J2952",6,"J2952","J3987","knowledge","naive","knowledge naive",6,NA,NA,0,"knowledge",0.0859622674281642,-2.25,-0.188149546055008,"J2952_J3987","postknowledge","J2952_J3987_postknowledge",0,0,"J2952_postknowledge","J3987_postknowledge",0,11,-0.499376761210493,0.204302672468813
"J2952 J4044",2,"J2952 J4044",2,"J2952","J4044","naive","naive","naive naive",2.5,NA,NA,0,"naive",-0.322874499593909,-0.822249589490969,-0.168079209362119,"J2952_J4044","postknowledge","J2952_J4044_postknowledge",0,0,"J2952_postknowledge","J4044_postknowledge",0,0,-0.499376761210493,-0.451405062337721
"J4104 J2952",1,"J4104 J2952",1,"J2952","J4104","naive","naive","naive naive",1,NA,NA,0,"naive",-0.498090256889084,-2.32224958949097,-0.474699993690219,"J2952_J4104","postknowledge","J2952_J4104_postknowledge",0,0,"J2952_postknowledge","J4104_postknowledge",0,0,-0.499376761210493,-0.451405062337721
"J42 J2952",1,"J42 J2952",1,"J2952","J42","naive","naive","naive naive",1,NA,NA,0,"naive",-0.498090256889084,-2.32224958949097,-0.474699993690219,"J2952_J42","postknowledge","J2952_J42_postknowledge",0,0,"J2952_postknowledge","J42_postknowledge",0,0,-0.499376761210493,-0.451405062337721
"J4304 J2952",3,"J4304 J2952",3,"J2952","J4304","knowledge","naive","knowledge naive",3,NA,NA,0,"knowledge",-0.264469247162184,-5.25,-0.439015607461686,"J2952_J4304","postknowledge","J2952_J4304_postknowledge",0,0,"J2952_postknowledge","J4304_postknowledge",0,0,-0.499376761210493,-0.451405062337721
"J505 J2952",10,"J505 J2952",10,"J2952","J505","naive","naive","naive naive",10,NA,NA,0,"naive",0.553204286881962,6.67775041050903,1.36502471227838,"J2952_J505","postknowledge","J2952_J505_postknowledge",0,0,"J2952_postknowledge","J505_postknowledge",0,22,-0.499376761210493,0.860010407275348
"J5089 J2952",2,"J5089 J2952",2,"J2952","J5089","knowledge","naive","knowledge naive",2,NA,NA,0,"knowledge",-0.381279752025634,-6.25,-0.522637627930578,"J2952_J5089","postknowledge","J2952_J5089_postknowledge",0,0,"J2952_postknowledge","J5089_postknowledge",0,0,-0.499376761210493,-0.451405062337721
"J5595 J2952",1,"J5595 J2952",1,"J2952","J5595","naive","naive","naive naive",1,NA,NA,0,"naive",-0.498090256889084,-2.32224958949097,-0.474699993690219,"J2952_J5595","postknowledge","J2952_J5595_postknowledge",0,0,"J2952_postknowledge","J5595_postknowledge",0,45,-0.499376761210493,2.23103567096174
"J2952 J5763",1,"J2952 J5763",1,"J2952","J5763","naive","naive","naive naive",1,NA,NA,0,"naive",-0.498090256889084,-2.32224958949097,-0.474699993690219,"J2952_J5763","postknowledge","J2952_J5763_postknowledge",0,0,"J2952_postknowledge","J5763_postknowledge",0,0,-0.499376761210493,-0.451405062337721
"J5766 J2952",3,"J5766 J2952",3,"J2952","J5766","naive","naive","naive naive",3,NA,NA,0,"naive",-0.264469247162184,-0.322249589490969,-0.0658722812527527,"J2952_J5766","postknowledge","J2952_J5766_postknowledge",0,0,"J2952_postknowledge","J5766_postknowledge",0,0,-0.499376761210493,-0.451405062337721
"J3526 J2961",1,"J3526 J2961",1,"J2961","J3526","naive","naive","naive naive",1,NA,NA,0,"naive",-0.498090256889084,-2.32224958949097,-0.474699993690219,"J2961_J3526","postknowledge","J2961_J3526_postknowledge",0,0,"J2961_postknowledge","J3526_postknowledge",0,0,-0.499376761210493,-0.451405062337721
"J3899 J2961",2,"J3899 J2961",2,"J2961","J3899","naive","naive","naive naive",2,0.0196078431372549,NA,1,"naive",-0.381279752025634,-1.32224958949097,-0.270286137471486,"J2961_J3899","postknowledge","J2961_J3899_postknowledge",0,0,"J2961_postknowledge","J3899_postknowledge",0,13,-0.499376761210493,0.323522260615456
"J3987 J2961",15,"J3987 J2961",15,"J2961","J3987","knowledge","naive","knowledge naive",15,NA,NA,0,"knowledge",1.13725681119921,6.75,0.564448638165024,"J2961_J3987","postknowledge","J2961_J3987_postknowledge",0,0,"J2961_postknowledge","J3987_postknowledge",0,11,-0.499376761210493,0.204302672468813
"J2961 J4044",5,"J2961 J4044",5,"J2961","J4044","naive","naive","naive naive",5,0.0121212121212121,NA,1,"naive",-0.0308482374352854,1.67775041050903,0.342955431184714,"J2961_J4044","postknowledge","J2961_J4044_postknowledge",0,0,"J2961_postknowledge","J4044_postknowledge",0,0,-0.499376761210493,-0.451405062337721
"J2961 J4104",2,"J2961 J4104",2,"J2961","J4104","naive","naive","naive naive",2,NA,NA,0,"naive",-0.381279752025634,-1.32224958949097,-0.270286137471486,"J2961_J4104","postknowledge","J2961_J4104_postknowledge",0,0,"J2961_postknowledge","J4104_postknowledge",0,0,-0.499376761210493,-0.451405062337721
"J2961 J4151",3,"J2961 J4151",3,"J2961","J4151","naive","naive","naive naive",3,NA,NA,0,"naive",-0.264469247162184,-0.322249589490969,-0.0658722812527527,"J2961_J4151","postknowledge","J2961_J4151_postknowledge",0,0,"J2961_postknowledge","J4151_postknowledge",0,26,-0.499376761210493,1.09844958356863
"J4304 J2961",16,"J4304 J2961",16,"J2961","J4304","knowledge","naive","knowledge naive",16,NA,NA,0,"knowledge",1.25406731606266,7.75,0.648070658633917,"J2961_J4304","postknowledge","J2961_J4304_postknowledge",0,0,"J2961_postknowledge","J4304_postknowledge",0,0,-0.499376761210493,-0.451405062337721
"J2961 J4569",1,"J2961 J4569",1,"J2961","J4569","naive","naive","naive naive",1,0.0114942528735632,NA,1,"naive",-0.498090256889084,-2.32224958949097,-0.474699993690219,"J2961_J4569","postknowledge","J2961_J4569_postknowledge",0,0,"J2961_postknowledge","J4569_postknowledge",0,0,-0.499376761210493,-0.451405062337721
"J2961 J4770",1,"J2961 J4770",1,"J2961","J4770","naive","naive","naive naive",1.5,NA,NA,0,"naive",-0.439685004457359,-1.82224958949097,-0.372493065580853,"J2961_J4770","postknowledge","J2961_J4770_postknowledge",0,0,"J2961_postknowledge","J4770_postknowledge",0,1,-0.499376761210493,-0.3917952682644
"J2961 J4776",1,"J2961 J4776",1,"J2961","J4776","naive","naive","naive naive",1,NA,NA,0,"naive",-0.498090256889084,-2.32224958949097,-0.474699993690219,"J2961_J4776","postknowledge","J2961_J4776_postknowledge",0,0,"J2961_postknowledge","J4776_postknowledge",0,3,-0.499376761210493,-0.272575680117757
"J2961 J4951",8,"J2961 J4951",8,"J2961","J4951","naive","naive","naive naive",6.5,0.0161290322580645,NA,1,"naive",0.144367519859889,3.17775041050903,0.649576215512814,"J2961_J4951","postknowledge","J2961_J4951_postknowledge",0,0,"J2961_postknowledge","J4951_postknowledge",0,0,-0.499376761210493,-0.451405062337721
"J2961 J4961",4,"J2961 J4961",4,"J2961","J4961","naive","naive","naive naive",4,0.0153846153846154,NA,1,"naive",-0.147658742298735,0.677750410509031,0.138541574965981,"J2961_J4961","postknowledge","J2961_J4961_postknowledge",0,0,"J2961_postknowledge","J4961_postknowledge",0,0,-0.499376761210493,-0.451405062337721
"J4986 J2961",2,"J4986 J2961",2,"J2961","J4986","naive","naive","naive naive",2,NA,NA,0,"naive",-0.381279752025634,-1.32224958949097,-0.270286137471486,"J2961_J4986","postknowledge","J2961_J4986_postknowledge",0,0,"J2961_postknowledge","J4986_postknowledge",0,56,-0.499376761210493,2.88674340576827
"J2961 J505",6,"J2961 J505",6,"J2961","J505","naive","naive","naive naive",4.5,0.0166666666666667,NA,1,"naive",-0.0892534898670101,1.17775041050903,0.240748503075347,"J2961_J505","postknowledge","J2961_J505_postknowledge",0,0,"J2961_postknowledge","J505_postknowledge",0,22,-0.499376761210493,0.860010407275348
"J5053 J2961",8,"J5053 J2961",8,"J2961","J5053","knowledge","naive","knowledge naive",8,0.0232558139534884,NA,1,"knowledge",0.319583277155063,-0.25,-0.0209055051172231,"J2961_J5053","postknowledge","J2961_J5053_postknowledge",0,0,"J2961_postknowledge","J5053_postknowledge",0,56,-0.499376761210493,2.88674340576827
"J2961 J5056",2,"J2961 J5056",2,"J2961","J5056","naive","naive","naive naive",2,NA,NA,0,"naive",-0.381279752025634,-1.32224958949097,-0.270286137471486,"J2961_J5056","postknowledge","J2961_J5056_postknowledge",0,0,"J2961_postknowledge","J5056_postknowledge",0,0,-0.499376761210493,-0.451405062337721
"J2961 J5087",5,"J2961 J5087",5,"J2961","J5087","naive","naive","naive naive",3.5,NA,NA,0,"naive",-0.20606399473046,0.177750410509031,0.0363346468566139,"J2961_J5087","postknowledge","J2961_J5087_postknowledge",0,0,"J2961_postknowledge","J5087_postknowledge",0,0,-0.499376761210493,-0.451405062337721
"J5089 J2961",10,"J5089 J2961",10,"J2961","J5089","knowledge","naive","knowledge naive",10,0.010989010989011,NA,1,"knowledge",0.553204286881962,1.75,0.146338535820562,"J2961_J5089","postknowledge","J2961_J5089_postknowledge",0,0,"J2961_postknowledge","J5089_postknowledge",0,0,-0.499376761210493,-0.451405062337721
"J5583 J2961",2,"J5583 J2961",2,"J2961","J5583","naive","naive","naive naive",2,NA,NA,0,"naive",-0.381279752025634,-1.32224958949097,-0.270286137471486,"J2961_J5583","postknowledge","J2961_J5583_postknowledge",0,0,"J2961_postknowledge","J5583_postknowledge",0,28,-0.499376761210493,1.21766917171528
"J5694 J2961",9,"J5694 J2961",9,"J2961","J5694","knowledge","naive","knowledge naive",9,NA,NA,0,"knowledge",0.436393782018513,0.75,0.0627165153516694,"J2961_J5694","postknowledge","J2961_J5694_postknowledge",0,0,"J2961_postknowledge","J5694_postknowledge",0,0,-0.499376761210493,-0.451405062337721
"J5695 J2961",44,"J5695 J2961",44,"J2961","J5695","knowledge","naive","knowledge naive",44,NA,NA,0,"knowledge",4.52476145223925,35.75,2.98948723176291,"J2961_J5695","postknowledge","J2961_J5695_postknowledge",0,0,"J2961_postknowledge","J5695_postknowledge",0,0,-0.499376761210493,-0.451405062337721
"J5730 J2961",8,"J5730 J2961",8,"J2961","J5730","knowledge","naive","knowledge naive",8,NA,NA,0,"knowledge",0.319583277155063,-0.25,-0.0209055051172231,"J2961_J5730","postknowledge","J2961_J5730_postknowledge",0,0,"J2961_postknowledge","J5730_postknowledge",0,0,-0.499376761210493,-0.451405062337721
"J2961 J5763",1,"J2961 J5763",1,"J2961","J5763","naive","naive","naive naive",1.5,0.0277777777777778,NA,1,"naive",-0.439685004457359,-1.82224958949097,-0.372493065580853,"J2961_J5763","postknowledge","J2961_J5763_postknowledge",0,0,"J2961_postknowledge","J5763_postknowledge",0,0,-0.499376761210493,-0.451405062337721
"J2961 J5766",2,"J2961 J5766",2,"J2961","J5766","naive","naive","naive naive",10,0.0140845070422535,NA,1,"naive",0.553204286881962,6.67775041050903,1.36502471227838,"J2961_J5766","postknowledge","J2961_J5766_postknowledge",0,0,"J2961_postknowledge","J5766_postknowledge",0,0,-0.499376761210493,-0.451405062337721
"J2961 J6043",5,"J2961 J6043",5,"J2961","J6043","naive","naive","naive naive",3.5,0.0214285714285714,NA,1,"naive",-0.20606399473046,0.177750410509031,0.0363346468566139,"J2961_J6043","postknowledge","J2961_J6043_postknowledge",0,0,"J2961_postknowledge","J6043_postknowledge",0,0,-0.499376761210493,-0.451405062337721
"J2961 J972",2,"J2961 J972",2,"J2961","J972","naive","naive","naive naive",2,NA,NA,0,"naive",-0.381279752025634,-1.32224958949097,-0.270286137471486,"J2961_J972","postknowledge","J2961_J972_postknowledge",0,0,"J2961_postknowledge","J972_postknowledge",0,0,-0.499376761210493,-0.451405062337721
"J2969 J3305",1,"J2969 J3305",1,"J2969","J3305","naive","naive","naive naive",1,NA,NA,0,"naive",-0.498090256889084,-2.32224958949097,-0.474699993690219,"J2969_J3305","postknowledge","J2969_J3305_postknowledge",0,0,"J2969_postknowledge","J3305_postknowledge",8,0,-0.143629539671362,-0.451405062337721
"J2969 J3508",2,"J2969 J3508",2,"J2969","J3508","naive","naive","naive naive",2,NA,NA,0,"naive",-0.381279752025634,-1.32224958949097,-0.270286137471486,"J2969_J3508","postknowledge","J2969_J3508_postknowledge",0,0,"J2969_postknowledge","J3508_postknowledge",8,17,-0.143629539671362,0.561961436908741
"J3715 J2969",2,"J3715 J2969",2,"J2969","J3715","naive","naive","naive naive",2,NA,NA,0,"naive",-0.381279752025634,-1.32224958949097,-0.270286137471486,"J2969_J3715","postknowledge","J2969_J3715_postknowledge",0,0,"J2969_postknowledge","J3715_postknowledge",8,40,-0.143629539671362,1.93298670059513
"J2969 J4747",4,"J2969 J4747",4,"J2969","J4747","naive","naive","naive naive",4,NA,NA,0,"naive",-0.147658742298735,0.677750410509031,0.138541574965981,"J2969_J4747","postknowledge","J2969_J4747_postknowledge",2,1,"J2969_postknowledge","J4747_postknowledge",8,77,-0.143629539671362,4.13854908130802
"J2986 J3305",6,"J2986 J3305",6,"J2986","J3305","naive","naive","naive naive",6,NA,NA,0,"naive",0.0859622674281642,2.67775041050903,0.547369287403447,"J2986_J3305","postknowledge","J2986_J3305_postknowledge",0,0,"J2986_postknowledge","J3305_postknowledge",0,0,-0.499376761210493,-0.451405062337721
"J4162 J2986",2,"J4162 J2986",2,"J2986","J4162","knowledge","naive","knowledge naive",2,NA,NA,0,"knowledge",-0.381279752025634,-6.25,-0.522637627930578,"J2986_J4162","postknowledge","J2986_J4162_postknowledge",0,0,"J2986_postknowledge","J4162_postknowledge",0,3,-0.499376761210493,-0.272575680117757
"J42 J2986",4,"J42 J2986",4,"J2986","J42","naive","naive","naive naive",4,NA,NA,0,"naive",-0.147658742298735,0.677750410509031,0.138541574965981,"J2986_J42","postknowledge","J2986_J42_postknowledge",0,0,"J2986_postknowledge","J42_postknowledge",0,0,-0.499376761210493,-0.451405062337721
"J4315 J2986",3,"J4315 J2986",3,"J2986","J4315","knowledge","naive","knowledge naive",3,NA,NA,0,"knowledge",-0.264469247162184,-5.25,-0.439015607461686,"J2986_J4315","postknowledge","J2986_J4315_postknowledge",0,0,"J2986_postknowledge","J4315_postknowledge",0,9,-0.499376761210493,0.0850830843221708
"J4967 J2986",2,"J4967 J2986",2,"J2986","J4967","knowledge","naive","knowledge naive",2,NA,NA,0,"knowledge",-0.381279752025634,-6.25,-0.522637627930578,"J2986_J4967","postknowledge","J2986_J4967_postknowledge",0,0,"J2986_postknowledge","J4967_postknowledge",0,3,-0.499376761210493,-0.272575680117757
"J2986 J5106",1,"J2986 J5106",1,"J2986","J5106","naive","naive","naive naive",1,NA,NA,0,"naive",-0.498090256889084,-2.32224958949097,-0.474699993690219,"J2986_J5106","postknowledge","J2986_J5106_postknowledge",0,0,"J2986_postknowledge","J5106_postknowledge",0,0,-0.499376761210493,-0.451405062337721
"J5146 J2986",4,"J5146 J2986",4,"J2986","J5146","knowledge","naive","knowledge naive",4,NA,NA,0,"knowledge",-0.147658742298735,-4.25,-0.355393586992793,"J2986_J5146","postknowledge","J2986_J5146_postknowledge",0,0,"J2986_postknowledge","J5146_postknowledge",0,4,-0.499376761210493,-0.212965886044436
"J2986 J5477",2,"J2986 J5477",2,"J2986","J5477","naive","naive","naive naive",2,NA,NA,0,"naive",-0.381279752025634,-1.32224958949097,-0.270286137471486,"J2986_J5477","postknowledge","J2986_J5477_postknowledge",0,0,"J2986_postknowledge","J5477_postknowledge",0,36,-0.499376761210493,1.69454752430185
"J5568 J2986",8,"J5568 J2986",8,"J2986","J5568","knowledge","naive","knowledge naive",8,NA,NA,0,"knowledge",0.319583277155063,-0.25,-0.0209055051172231,"J2986_J5568","postknowledge","J2986_J5568_postknowledge",0,0,"J2986_postknowledge","J5568_postknowledge",0,30,-0.499376761210493,1.33688875986192
"J2986 J5651",2,"J2986 J5651",2,"J2986","J5651","naive","naive","naive naive",2,NA,NA,0,"naive",-0.381279752025634,-1.32224958949097,-0.270286137471486,"J2986_J5651","postknowledge","J2986_J5651_postknowledge",0,0,"J2986_postknowledge","J5651_postknowledge",0,0,-0.499376761210493,-0.451405062337721
"J5740 J2986",1,"J5740 J2986",1,"J2986","J5740","naive","naive","naive naive",1,NA,NA,0,"naive",-0.498090256889084,-2.32224958949097,-0.474699993690219,"J2986_J5740","postknowledge","J2986_J5740_postknowledge",0,0,"J2986_postknowledge","J5740_postknowledge",0,0,-0.499376761210493,-0.451405062337721
"J5926 J2986",2,"J5926 J2986",2,"J2986","J5926","naive","naive","naive naive",2,NA,NA,0,"naive",-0.381279752025634,-1.32224958949097,-0.270286137471486,"J2986_J5926","postknowledge","J2986_J5926_postknowledge",0,0,"J2986_postknowledge","J5926_postknowledge",0,0,-0.499376761210493,-0.451405062337721
"J2986 J5939",3,"J2986 J5939",3,"J2986","J5939","naive","naive","naive naive",3.5,NA,NA,0,"naive",-0.20606399473046,0.177750410509031,0.0363346468566139,"J2986_J5939","postknowledge","J2986_J5939_postknowledge",0,0,"J2986_postknowledge","J5939_postknowledge",0,0,-0.499376761210493,-0.451405062337721
"J5994 J2986",1,"J5994 J2986",1,"J2986","J5994","naive","naive","naive naive",1,NA,NA,0,"naive",-0.498090256889084,-2.32224958949097,-0.474699993690219,"J2986_J5994","postknowledge","J2986_J5994_postknowledge",0,0,"J2986_postknowledge","J5994_postknowledge",0,0,-0.499376761210493,-0.451405062337721
"J664 J2986",4,"J664 J2986",4,"J2986","J664","knowledge","naive","knowledge naive",4,NA,NA,0,"knowledge",-0.147658742298735,-4.25,-0.355393586992793,"J2986_J664","postknowledge","J2986_J664_postknowledge",0,0,"J2986_postknowledge","J664_postknowledge",0,0,-0.499376761210493,-0.451405062337721
"J3148 J3305",46,"J3148 J3305",46,"J3148","J3305","naive","naive","naive naive",81,NA,NA,0,"naive",8.84675013218688,77.677750410509,15.8784085038084,"J3148_J3305","postknowledge","J3148_J3305_postknowledge",0,0,"J3148_postknowledge","J3305_postknowledge",0,0,-0.499376761210493,-0.451405062337721
"J3508 J3148",6,"J3508 J3148",6,"J3148","J3508","naive","naive","naive naive",6,NA,NA,0,"naive",0.0859622674281642,2.67775041050903,0.547369287403447,"J3148_J3508","postknowledge","J3148_J3508_postknowledge",0,0,"J3148_postknowledge","J3508_postknowledge",0,17,-0.499376761210493,0.561961436908741
"J3716 J3148",5,"J3716 J3148",5,"J3148","J3716","naive","naive","naive naive",5,NA,NA,0,"naive",-0.0308482374352854,1.67775041050903,0.342955431184714,"J3148_J3716","postknowledge","J3148_J3716_postknowledge",0,0,"J3148_postknowledge","J3716_postknowledge",0,6,-0.499376761210493,-0.0937462978977931
"J3769 J3148",31,"J3769 J3148",31,"J3148","J3769","knowledge","naive","knowledge naive",31,NA,NA,0,"knowledge",3.0062248890144,22.75,1.9024009656673,"J3148_J3769","postknowledge","J3148_J3769_postknowledge",0,0,"J3148_postknowledge","J3769_postknowledge",0,0,-0.499376761210493,-0.451405062337721
"J3884 J3148",2,"J3884 J3148",2,"J3148","J3884","naive","naive","naive naive",2,NA,NA,0,"naive",-0.381279752025634,-1.32224958949097,-0.270286137471486,"J3148_J3884","postknowledge","J3148_J3884_postknowledge",0,0,"J3148_postknowledge","J3884_postknowledge",0,3,-0.499376761210493,-0.272575680117757
"J3148 J4011",12,"J3148 J4011",12,"J3148","J4011","naive","naive","naive naive",8,NA,NA,0,"naive",0.319583277155063,4.67775041050903,0.956196999840914,"J3148_J4011","postknowledge","J3148_J4011_postknowledge",0,0,"J3148_postknowledge","J4011_postknowledge",0,0,-0.499376761210493,-0.451405062337721
"J4161 J3148",1,"J4161 J3148",1,"J3148","J4161","naive","naive","naive naive",1,NA,NA,0,"naive",-0.498090256889084,-2.32224958949097,-0.474699993690219,"J3148_J4161","postknowledge","J3148_J4161_postknowledge",0,0,"J3148_postknowledge","J4161_postknowledge",0,26,-0.499376761210493,1.09844958356863
"J42 J3148",1,"J42 J3148",1,"J3148","J42","naive","naive","naive naive",1,NA,NA,0,"naive",-0.498090256889084,-2.32224958949097,-0.474699993690219,"J3148_J42","postknowledge","J3148_J42_postknowledge",0,0,"J3148_postknowledge","J42_postknowledge",0,0,-0.499376761210493,-0.451405062337721
"J4214 J3148",2,"J4214 J3148",2,"J3148","J4214","naive","naive","naive naive",2,NA,NA,0,"naive",-0.381279752025634,-1.32224958949097,-0.270286137471486,"J3148_J4214","postknowledge","J3148_J4214_postknowledge",0,0,"J3148_postknowledge","J4214_postknowledge",0,65,-0.499376761210493,3.42323155242816
"J4315 J3148",33,"J4315 J3148",33,"J3148","J4315","knowledge","naive","knowledge naive",33,NA,NA,0,"knowledge",3.2398458987413,24.75,2.06964500660509,"J3148_J4315","postknowledge","J3148_J4315_postknowledge",0,0,"J3148_postknowledge","J4315_postknowledge",0,9,-0.499376761210493,0.0850830843221708
"J4514 J3148",19,"J4514 J3148",19,"J3148","J4514","knowledge","naive","knowledge naive",19,NA,NA,0,"knowledge",1.60449883065301,10.75,0.898936720040594,"J3148_J4514","postknowledge","J3148_J4514_postknowledge",0,0,"J3148_postknowledge","J4514_postknowledge",0,18,-0.499376761210493,0.621571230982063
"J3148 J4654",11,"J3148 J4654",11,"J3148","J4654","naive","naive","naive naive",8.5,NA,NA,0,"naive",0.377988529586788,5.17775041050903,1.05840392795028,"J3148_J4654","postknowledge","J3148_J4654_postknowledge",0,0,"J3148_postknowledge","J4654_postknowledge",0,4,-0.499376761210493,-0.212965886044436
"J4747 J3148",2,"J4747 J3148",2,"J3148","J4747","naive","naive","naive naive",2,NA,NA,0,"naive",-0.381279752025634,-1.32224958949097,-0.270286137471486,"J3148_J4747","postknowledge","J3148_J4747_postknowledge",0,0,"J3148_postknowledge","J4747_postknowledge",0,77,-0.499376761210493,4.13854908130802
"J4967 J3148",52,"J4967 J3148",52,"J3148","J4967","knowledge","naive","knowledge naive",52,NA,NA,0,"knowledge",5.45924549114684,43.75,3.65846339551405,"J3148_J4967","postknowledge","J3148_J4967_postknowledge",0,0,"J3148_postknowledge","J4967_postknowledge",0,3,-0.499376761210493,-0.272575680117757
"J3148 J4982",2,"J3148 J4982",2,"J3148","J4982","naive","naive","naive naive",7,NA,NA,0,"naive",0.202772772291614,3.67775041050903,0.75178314362218,"J3148_J4982","postknowledge","J3148_J4982_postknowledge",0,0,"J3148_postknowledge","J4982_postknowledge",0,1,-0.499376761210493,-0.3917952682644
"J5017 J3148",3,"J5017 J3148",3,"J3148","J5017","naive","naive","naive naive",3,NA,NA,0,"naive",-0.264469247162184,-0.322249589490969,-0.0658722812527527,"J3148_J5017","postknowledge","J3148_J5017_postknowledge",0,0,"J3148_postknowledge","J5017_postknowledge",0,0,-0.499376761210493,-0.451405062337721
"J5146 J3148",89,"J5146 J3148",89,"J3148","J5146","knowledge","naive","knowledge naive",89,NA,NA,0,"knowledge",9.78123417109448,80.75,6.75247815286307,"J3148_J5146","postknowledge","J3148_J5146_postknowledge",0,0,"J3148_postknowledge","J5146_postknowledge",0,4,-0.499376761210493,-0.212965886044436
"J3148 J5167",1,"J3148 J5167",1,"J3148","J5167","naive","naive","naive naive",3,NA,NA,0,"naive",-0.264469247162184,-0.322249589490969,-0.0658722812527527,"J3148_J5167","postknowledge","J3148_J5167_postknowledge",0,0,"J3148_postknowledge","J5167_postknowledge",0,0,-0.499376761210493,-0.451405062337721
"J3148 J5215",1,"J3148 J5215",1,"J3148","J5215","naive","naive","naive naive",1,NA,NA,0,"naive",-0.498090256889084,-2.32224958949097,-0.474699993690219,"J3148_J5215","postknowledge","J3148_J5215_postknowledge",0,0,"J3148_postknowledge","J5215_postknowledge",0,10,-0.499376761210493,0.144692878395492
"J3148 J5316",3,"J3148 J5316",3,"J3148","J5316","naive","naive","naive naive",2.5,NA,NA,0,"naive",-0.322874499593909,-0.822249589490969,-0.168079209362119,"J3148_J5316","postknowledge","J3148_J5316_postknowledge",0,0,"J3148_postknowledge","J5316_postknowledge",0,37,-0.499376761210493,1.75415731837517
"J5379 J3148",3,"J5379 J3148",3,"J3148","J5379","naive","naive","naive naive",3,NA,NA,0,"naive",-0.264469247162184,-0.322249589490969,-0.0658722812527527,"J3148_J5379","postknowledge","J3148_J5379_postknowledge",0,0,"J3148_postknowledge","J5379_postknowledge",0,7,-0.499376761210493,-0.0341365038244718
"J5475 J3148",4,"J5475 J3148",4,"J3148","J5475","naive","naive","naive naive",4,NA,NA,0,"naive",-0.147658742298735,0.677750410509031,0.138541574965981,"J3148_J5475","postknowledge","J3148_J5475_postknowledge",0,0,"J3148_postknowledge","J5475_postknowledge",0,0,-0.499376761210493,-0.451405062337721
"J3148 J5489",2,"J3148 J5489",2,"J3148","J5489","naive","naive","naive naive",2,NA,NA,0,"naive",-0.381279752025634,-1.32224958949097,-0.270286137471486,"J3148_J5489","postknowledge","J3148_J5489_postknowledge",0,0,"J3148_postknowledge","J5489_postknowledge",0,1,-0.499376761210493,-0.3917952682644
"J5566 J3148",5,"J5566 J3148",5,"J3148","J5566","naive","naive","naive naive",5,NA,NA,0,"naive",-0.0308482374352854,1.67775041050903,0.342955431184714,"J3148_J5566","postknowledge","J3148_J5566_postknowledge",0,0,"J3148_postknowledge","J5566_postknowledge",0,0,-0.499376761210493,-0.451405062337721
"J3148 J5607",2,"J3148 J5607",2,"J3148","J5607","naive","naive","naive naive",4.5,NA,NA,0,"naive",-0.0892534898670101,1.17775041050903,0.240748503075347,"J3148_J5607","postknowledge","J3148_J5607_postknowledge",0,0,"J3148_postknowledge","J5607_postknowledge",0,26,-0.499376761210493,1.09844958356863
"J5645 J3148",1,"J5645 J3148",1,"J3148","J5645","naive","naive","naive naive",1,NA,NA,0,"naive",-0.498090256889084,-2.32224958949097,-0.474699993690219,"J3148_J5645","postknowledge","J3148_J5645_postknowledge",0,0,"J3148_postknowledge","J5645_postknowledge",0,0,-0.499376761210493,-0.451405062337721
"J5701 J3148",2,"J5701 J3148",2,"J3148","J5701","naive","naive","naive naive",2,NA,NA,0,"naive",-0.381279752025634,-1.32224958949097,-0.270286137471486,"J3148_J5701","postknowledge","J3148_J5701_postknowledge",0,0,"J3148_postknowledge","J5701_postknowledge",0,0,-0.499376761210493,-0.451405062337721
"J5811 J3148",1,"J5811 J3148",1,"J3148","J5811","naive","naive","naive naive",1,NA,NA,0,"naive",-0.498090256889084,-2.32224958949097,-0.474699993690219,"J3148_J5811","postknowledge","J3148_J5811_postknowledge",0,0,"J3148_postknowledge","J5811_postknowledge",0,0,-0.499376761210493,-0.451405062337721
"J5827 J3148",15,"J5827 J3148",15,"J3148","J5827","naive","naive","naive naive",15,NA,NA,0,"naive",1.13725681119921,11.677750410509,2.38709399337205,"J3148_J5827","postknowledge","J3148_J5827_postknowledge",0,0,"J3148_postknowledge","J5827_postknowledge",0,0,-0.499376761210493,-0.451405062337721
"J3148 J5939",1,"J3148 J5939",1,"J3148","J5939","naive","naive","naive naive",4,NA,NA,0,"naive",-0.147658742298735,0.677750410509031,0.138541574965981,"J3148_J5939","postknowledge","J3148_J5939_postknowledge",0,0,"J3148_postknowledge","J5939_postknowledge",0,0,-0.499376761210493,-0.451405062337721
"J3148 J5963",4,"J3148 J5963",4,"J3148","J5963","naive","naive","naive naive",4,NA,NA,0,"naive",-0.147658742298735,0.677750410509031,0.138541574965981,"J3148_J5963","postknowledge","J3148_J5963_postknowledge",0,0,"J3148_postknowledge","J5963_postknowledge",0,0,-0.499376761210493,-0.451405062337721
"J3148 J5964",4,"J3148 J5964",4,"J3148","J5964","naive","naive","naive naive",4.5,NA,NA,0,"naive",-0.0892534898670101,1.17775041050903,0.240748503075347,"J3148_J5964","postknowledge","J3148_J5964_postknowledge",0,0,"J3148_postknowledge","J5964_postknowledge",0,0,-0.499376761210493,-0.451405062337721
"J3148 J6000",2,"J3148 J6000",2,"J3148","J6000","naive","naive","naive naive",2,NA,NA,0,"naive",-0.381279752025634,-1.32224958949097,-0.270286137471486,"J3148_J6000","postknowledge","J3148_J6000_postknowledge",0,0,"J3148_postknowledge","J6000_postknowledge",0,0,-0.499376761210493,-0.451405062337721
"J3148 J6017",2,"J3148 J6017",2,"J3148","J6017","naive","naive","naive naive",2,NA,NA,0,"naive",-0.381279752025634,-1.32224958949097,-0.270286137471486,"J3148_J6017","postknowledge","J3148_J6017_postknowledge",0,0,"J3148_postknowledge","J6017_postknowledge",0,0,-0.499376761210493,-0.451405062337721
"J664 J3148",6,"J664 J3148",6,"J3148","J664","knowledge","naive","knowledge naive",6,NA,NA,0,"knowledge",0.0859622674281642,-2.25,-0.188149546055008,"J3148_J664","postknowledge","J3148_J664_postknowledge",0,0,"J3148_postknowledge","J664_postknowledge",0,0,-0.499376761210493,-0.451405062337721
"J3228 J5658",1,"J3228 J5658",1,"J3228","J5658","naive","naive","naive naive",1,NA,NA,0,"naive",-0.498090256889084,-2.32224958949097,-0.474699993690219,"J3228_J5658","postknowledge","J3228_J5658_postknowledge",0,0,"J3228_postknowledge","J5658_postknowledge",0,0,-0.499376761210493,-0.451405062337721
"J3305 J338",2,"J3305 J338",2,"J3305","J338","naive","naive","naive naive",2,NA,NA,0,"naive",-0.381279752025634,-1.32224958949097,-0.270286137471486,"J3305_J338","postknowledge","J3305_J338_postknowledge",0,0,"J3305_postknowledge","J338_postknowledge",0,2,-0.499376761210493,-0.332185474191078
"J3305 J3508",4,"J3305 J3508",4,"J3305","J3508","naive","naive","naive naive",2.5,NA,NA,0,"naive",-0.322874499593909,-0.822249589490969,-0.168079209362119,"J3305_J3508","postknowledge","J3305_J3508_postknowledge",0,0,"J3305_postknowledge","J3508_postknowledge",0,17,-0.499376761210493,0.561961436908741
"J3305 J3714",1,"J3305 J3714",1,"J3305","J3714","naive","naive","naive naive",1.5,NA,NA,0,"naive",-0.439685004457359,-1.82224958949097,-0.372493065580853,"J3305_J3714","postknowledge","J3305_J3714_postknowledge",0,0,"J3305_postknowledge","J3714_postknowledge",0,19,-0.499376761210493,0.681181025055384
"J3716 J3305",3,"J3716 J3305",3,"J3305","J3716","naive","naive","naive naive",3,NA,NA,0,"naive",-0.264469247162184,-0.322249589490969,-0.0658722812527527,"J3305_J3716","postknowledge","J3305_J3716_postknowledge",0,0,"J3305_postknowledge","J3716_postknowledge",0,6,-0.499376761210493,-0.0937462978977931
"J3769 J3305",37,"J3769 J3305",37,"J3305","J3769","knowledge","naive","knowledge naive",37,NA,NA,0,"knowledge",3.7070879181951,28.75,2.40413308848066,"J3305_J3769","postknowledge","J3305_J3769_postknowledge",0,0,"J3305_postknowledge","J3769_postknowledge",0,0,-0.499376761210493,-0.451405062337721
"J3305 J3884",6,"J3305 J3884",6,"J3305","J3884","naive","naive","naive naive",3.5,NA,NA,0,"naive",-0.20606399473046,0.177750410509031,0.0363346468566139,"J3305_J3884","postknowledge","J3305_J3884_postknowledge",0,0,"J3305_postknowledge","J3884_postknowledge",0,3,-0.499376761210493,-0.272575680117757
"J3305 J4011",17,"J3305 J4011",17,"J3305","J4011","naive","naive","naive naive",9,NA,NA,0,"naive",0.436393782018513,5.67775041050903,1.16061085605965,"J3305_J4011","postknowledge","J3305_J4011_postknowledge",0,0,"J3305_postknowledge","J4011_postknowledge",0,0,-0.499376761210493,-0.451405062337721
"J42 J3305",1,"J42 J3305",1,"J3305","J42","naive","naive","naive naive",1,NA,NA,0,"naive",-0.498090256889084,-2.32224958949097,-0.474699993690219,"J3305_J42","postknowledge","J3305_J42_postknowledge",0,0,"J3305_postknowledge","J42_postknowledge",0,0,-0.499376761210493,-0.451405062337721
"J4315 J3305",36,"J4315 J3305",36,"J3305","J4315","knowledge","naive","knowledge naive",36,NA,NA,0,"knowledge",3.59027741333165,27.75,2.32051106801177,"J3305_J4315","postknowledge","J3305_J4315_postknowledge",0,0,"J3305_postknowledge","J4315_postknowledge",0,9,-0.499376761210493,0.0850830843221708
"J4514 J3305",29,"J4514 J3305",29,"J3305","J4514","knowledge","naive","knowledge naive",29,NA,NA,0,"knowledge",2.7726038792875,20.75,1.73515692472952,"J3305_J4514","postknowledge","J3305_J4514_postknowledge",0,0,"J3305_postknowledge","J4514_postknowledge",0,18,-0.499376761210493,0.621571230982063
"J3305 J4654",8,"J3305 J4654",8,"J3305","J4654","naive","naive","naive naive",4.5,NA,NA,0,"naive",-0.0892534898670101,1.17775041050903,0.240748503075347,"J3305_J4654","postknowledge","J3305_J4654_postknowledge",0,0,"J3305_postknowledge","J4654_postknowledge",0,4,-0.499376761210493,-0.212965886044436
"J3305 J4747",6,"J3305 J4747",6,"J3305","J4747","naive","naive","naive naive",4.5,NA,NA,0,"naive",-0.0892534898670101,1.17775041050903,0.240748503075347,"J3305_J4747","postknowledge","J3305_J4747_postknowledge",0,0,"J3305_postknowledge","J4747_postknowledge",0,77,-0.499376761210493,4.13854908130802
"J4967 J3305",80,"J4967 J3305",80,"J3305","J4967","knowledge","naive","knowledge naive",80,NA,NA,0,"knowledge",8.72993962732343,71.75,5.99987996864304,"J3305_J4967","postknowledge","J3305_J4967_postknowledge",0,0,"J3305_postknowledge","J4967_postknowledge",0,3,-0.499376761210493,-0.272575680117757
"J3305 J4982",6,"J3305 J4982",6,"J3305","J4982","naive","naive","naive naive",5.5,NA,NA,0,"naive",0.0275570149964394,2.17775041050903,0.445162359294081,"J3305_J4982","postknowledge","J3305_J4982_postknowledge",0,0,"J3305_postknowledge","J4982_postknowledge",0,1,-0.499376761210493,-0.3917952682644
"J3305 J5017",2,"J3305 J5017",2,"J3305","J5017","naive","naive","naive naive",2,NA,NA,0,"naive",-0.381279752025634,-1.32224958949097,-0.270286137471486,"J3305_J5017","postknowledge","J3305_J5017_postknowledge",0,0,"J3305_postknowledge","J5017_postknowledge",0,0,-0.499376761210493,-0.451405062337721
"J5146 J3305",106,"J5146 J3305",106,"J3305","J5146","knowledge","naive","knowledge naive",106,NA,NA,0,"knowledge",11.7670127537731,97.75,8.17405250083424,"J3305_J5146","postknowledge","J3305_J5146_postknowledge",0,0,"J3305_postknowledge","J5146_postknowledge",0,4,-0.499376761210493,-0.212965886044436
"J3305 J5167",5,"J3305 J5167",5,"J3305","J5167","naive","naive","naive naive",4,NA,NA,0,"naive",-0.147658742298735,0.677750410509031,0.138541574965981,"J3305_J5167","postknowledge","J3305_J5167_postknowledge",0,0,"J3305_postknowledge","J5167_postknowledge",0,0,-0.499376761210493,-0.451405062337721
"J3305 J5316",13,"J3305 J5316",13,"J3305","J5316","naive","naive","naive naive",7.5,NA,NA,0,"naive",0.261178024723339,4.17775041050903,0.853990071731547,"J3305_J5316","postknowledge","J3305_J5316_postknowledge",0,0,"J3305_postknowledge","J5316_postknowledge",0,37,-0.499376761210493,1.75415731837517
"J3305 J5379",2,"J3305 J5379",2,"J3305","J5379","naive","naive","naive naive",2,NA,NA,0,"naive",-0.381279752025634,-1.32224958949097,-0.270286137471486,"J3305_J5379","postknowledge","J3305_J5379_postknowledge",0,0,"J3305_postknowledge","J5379_postknowledge",0,7,-0.499376761210493,-0.0341365038244718
"J3305 J5475",7,"J3305 J5475",7,"J3305","J5475","naive","naive","naive naive",4.5,NA,NA,0,"naive",-0.0892534898670101,1.17775041050903,0.240748503075347,"J3305_J5475","postknowledge","J3305_J5475_postknowledge",0,0,"J3305_postknowledge","J5475_postknowledge",0,0,-0.499376761210493,-0.451405062337721
"J3305 J5477",1,"J3305 J5477",1,"J3305","J5477","naive","naive","naive naive",1.5,NA,NA,0,"naive",-0.439685004457359,-1.82224958949097,-0.372493065580853,"J3305_J5477","postknowledge","J3305_J5477_postknowledge",0,0,"J3305_postknowledge","J5477_postknowledge",0,36,-0.499376761210493,1.69454752430185
"J3305 J5489",4,"J3305 J5489",4,"J3305","J5489","naive","naive","naive naive",4,NA,NA,0,"naive",-0.147658742298735,0.677750410509031,0.138541574965981,"J3305_J5489","postknowledge","J3305_J5489_postknowledge",0,0,"J3305_postknowledge","J5489_postknowledge",0,1,-0.499376761210493,-0.3917952682644
"J3305 J5519",4,"J3305 J5519",4,"J3305","J5519","naive","naive","naive naive",4,NA,NA,0,"naive",-0.147658742298735,0.677750410509031,0.138541574965981,"J3305_J5519","postknowledge","J3305_J5519_postknowledge",0,0,"J3305_postknowledge","J5519_postknowledge",0,53,-0.499376761210493,2.70791402354831
"J5566 J3305",3,"J5566 J3305",3,"J3305","J5566","naive","naive","naive naive",3,NA,NA,0,"naive",-0.264469247162184,-0.322249589490969,-0.0658722812527527,"J3305_J5566","postknowledge","J3305_J5566_postknowledge",0,0,"J3305_postknowledge","J5566_postknowledge",0,0,-0.499376761210493,-0.451405062337721
"J5568 J3305",2,"J5568 J3305",2,"J3305","J5568","knowledge","naive","knowledge naive",2,NA,NA,0,"knowledge",-0.381279752025634,-6.25,-0.522637627930578,"J3305_J5568","postknowledge","J3305_J5568_postknowledge",0,0,"J3305_postknowledge","J5568_postknowledge",0,30,-0.499376761210493,1.33688875986192
"J3305 J5607",2,"J3305 J5607",2,"J3305","J5607","naive","naive","naive naive",1.5,0.0303030303030303,NA,1,"naive",-0.439685004457359,-1.82224958949097,-0.372493065580853,"J3305_J5607","postknowledge","J3305_J5607_postknowledge",0,0,"J3305_postknowledge","J5607_postknowledge",0,26,-0.499376761210493,1.09844958356863
"J5645 J3305",2,"J5645 J3305",2,"J3305","J5645","naive","naive","naive naive",2,NA,NA,0,"naive",-0.381279752025634,-1.32224958949097,-0.270286137471486,"J3305_J5645","postknowledge","J3305_J5645_postknowledge",0,0,"J3305_postknowledge","J5645_postknowledge",0,0,-0.499376761210493,-0.451405062337721
"J3305 J5651",2,"J3305 J5651",2,"J3305","J5651","naive","naive","naive naive",1.5,NA,NA,0,"naive",-0.439685004457359,-1.82224958949097,-0.372493065580853,"J3305_J5651","postknowledge","J3305_J5651_postknowledge",0,0,"J3305_postknowledge","J5651_postknowledge",0,0,-0.499376761210493,-0.451405062337721
"J5658 J3305",2,"J5658 J3305",2,"J3305","J5658","naive","naive","naive naive",2,NA,NA,0,"naive",-0.381279752025634,-1.32224958949097,-0.270286137471486,"J3305_J5658","postknowledge","J3305_J5658_postknowledge",0,0,"J3305_postknowledge","J5658_postknowledge",0,0,-0.499376761210493,-0.451405062337721
"J5681A J3305",1,"J5681A J3305",1,"J3305","J5681A","naive","naive","naive naive",1,NA,NA,0,"naive",-0.498090256889084,-2.32224958949097,-0.474699993690219,"J3305_J5681A","postknowledge","J3305_J5681A_postknowledge",0,0,"J3305_postknowledge","J5681A_postknowledge",0,0,-0.499376761210493,-0.451405062337721
"J5806 J3305",1,"J5806 J3305",1,"J3305","J5806","naive","naive","naive naive",1,NA,NA,0,"naive",-0.498090256889084,-2.32224958949097,-0.474699993690219,"J3305_J5806","postknowledge","J3305_J5806_postknowledge",0,0,"J3305_postknowledge","J5806_postknowledge",0,0,-0.499376761210493,-0.451405062337721
"J3305 J5827",3,"J3305 J5827",3,"J3305","J5827","naive","naive","naive naive",5.5,NA,NA,0,"naive",0.0275570149964394,2.17775041050903,0.445162359294081,"J3305_J5827","postknowledge","J3305_J5827_postknowledge",0,0,"J3305_postknowledge","J5827_postknowledge",0,0,-0.499376761210493,-0.451405062337721
"J5922 J3305",2,"J5922 J3305",2,"J3305","J5922","naive","naive","naive naive",2,NA,NA,0,"naive",-0.381279752025634,-1.32224958949097,-0.270286137471486,"J3305_J5922","postknowledge","J3305_J5922_postknowledge",0,0,"J3305_postknowledge","J5922_postknowledge",0,0,-0.499376761210493,-0.451405062337721
"J3305 J5939",14,"J3305 J5939",14,"J3305","J5939","naive","naive","naive naive",9,NA,NA,0,"naive",0.436393782018513,5.67775041050903,1.16061085605965,"J3305_J5939","postknowledge","J3305_J5939_postknowledge",0,0,"J3305_postknowledge","J5939_postknowledge",0,0,-0.499376761210493,-0.451405062337721
"J3305 J5963",24,"J3305 J5963",24,"J3305","J5963","naive","naive","naive naive",13,NA,NA,0,"naive",0.903635801472311,9.67775041050903,1.97826628093458,"J3305_J5963","postknowledge","J3305_J5963_postknowledge",0,0,"J3305_postknowledge","J5963_postknowledge",0,0,-0.499376761210493,-0.451405062337721
"J3305 J5964",2,"J3305 J5964",2,"J3305","J5964","naive","naive","naive naive",8,NA,NA,0,"naive",0.319583277155063,4.67775041050903,0.956196999840914,"J3305_J5964","postknowledge","J3305_J5964_postknowledge",0,0,"J3305_postknowledge","J5964_postknowledge",0,0,-0.499376761210493,-0.451405062337721
"J3305 J6000",1,"J3305 J6000",1,"J3305","J6000","naive","naive","naive naive",1.5,NA,NA,0,"naive",-0.439685004457359,-1.82224958949097,-0.372493065580853,"J3305_J6000","postknowledge","J3305_J6000_postknowledge",0,0,"J3305_postknowledge","J6000_postknowledge",0,0,-0.499376761210493,-0.451405062337721
"J3305 J6017",5,"J3305 J6017",5,"J3305","J6017","naive","naive","naive naive",4,NA,NA,0,"naive",-0.147658742298735,0.677750410509031,0.138541574965981,"J3305_J6017","postknowledge","J3305_J6017_postknowledge",0,0,"J3305_postknowledge","J6017_postknowledge",0,0,-0.499376761210493,-0.451405062337721
"J664 J3305",2,"J664 J3305",2,"J3305","J664","knowledge","naive","knowledge naive",2,NA,NA,0,"knowledge",-0.381279752025634,-6.25,-0.522637627930578,"J3305_J664","postknowledge","J3305_J664_postknowledge",0,0,"J3305_postknowledge","J664_postknowledge",0,0,-0.499376761210493,-0.451405062337721
"J3305 J856",1,"J3305 J856",1,"J3305","J856","naive","naive","naive naive",1,NA,NA,0,"naive",-0.498090256889084,-2.32224958949097,-0.474699993690219,"J3305_J856","postknowledge","J3305_J856_postknowledge",0,0,"J3305_postknowledge","J856_postknowledge",0,0,-0.499376761210493,-0.451405062337721
"J3369 J5724",2,"J3369 J5724",2,"J3369","J5724","naive","naive","naive naive",2,NA,NA,0,"naive",-0.381279752025634,-1.32224958949097,-0.270286137471486,"J3369_J5724","postknowledge","J3369_J5724_postknowledge",0,0,"J3369_postknowledge","J5724_postknowledge",76,0,2.88022184341126,-0.451405062337721
"J972 J3369",1,"J972 J3369",1,"J3369","J972","naive","naive","naive naive",1,0.012987012987013,NA,1,"naive",-0.498090256889084,-2.32224958949097,-0.474699993690219,"J3369_J972","postknowledge","J3369_J972_postknowledge",0,0,"J3369_postknowledge","J972_postknowledge",76,0,2.88022184341126,-0.451405062337721
"J338 J3508",2,"J338 J3508",2,"J338","J3508","naive","naive","naive naive",1.5,NA,NA,0,"naive",-0.439685004457359,-1.82224958949097,-0.372493065580853,"J338_J3508","postknowledge","J338_J3508_postknowledge",0,0,"J338_postknowledge","J3508_postknowledge",2,17,-0.41043995582571,0.561961436908741
"J3769 J338",2,"J3769 J338",2,"J338","J3769","knowledge","naive","knowledge naive",2,NA,NA,0,"knowledge",-0.381279752025634,-6.25,-0.522637627930578,"J338_J3769","postknowledge","J338_J3769_postknowledge",0,0,"J338_postknowledge","J3769_postknowledge",2,0,-0.41043995582571,-0.451405062337721
"J42 J338",1,"J42 J338",1,"J338","J42","naive","naive","naive naive",1,NA,NA,0,"naive",-0.498090256889084,-2.32224958949097,-0.474699993690219,"J338_J42","postknowledge","J338_J42_postknowledge",0,0,"J338_postknowledge","J42_postknowledge",2,0,-0.41043995582571,-0.451405062337721
"J4514 J338",3,"J4514 J338",3,"J338","J4514","knowledge","naive","knowledge naive",3,NA,NA,0,"knowledge",-0.264469247162184,-5.25,-0.439015607461686,"J338_J4514","postknowledge","J338_J4514_postknowledge",0,0,"J338_postknowledge","J4514_postknowledge",2,18,-0.41043995582571,0.621571230982063
"J4967 J338",1,"J4967 J338",1,"J338","J4967","knowledge","naive","knowledge naive",1,NA,NA,0,"knowledge",-0.498090256889084,-7.25,-0.606259648399471,"J338_J4967","postknowledge","J338_J4967_postknowledge",0,0,"J338_postknowledge","J4967_postknowledge",2,3,-0.41043995582571,-0.272575680117757
"J338 J4982",2,"J338 J4982",2,"J338","J4982","naive","naive","naive naive",2,NA,NA,0,"naive",-0.381279752025634,-1.32224958949097,-0.270286137471486,"J338_J4982","postknowledge","J338_J4982_postknowledge",0,0,"J338_postknowledge","J4982_postknowledge",2,1,-0.41043995582571,-0.3917952682644
"J5146 J338",2,"J5146 J338",2,"J338","J5146","knowledge","naive","knowledge naive",2,NA,NA,0,"knowledge",-0.381279752025634,-6.25,-0.522637627930578,"J338_J5146","postknowledge","J338_J5146_postknowledge",0,0,"J338_postknowledge","J5146_postknowledge",2,4,-0.41043995582571,-0.212965886044436
"J338 J5963",1,"J338 J5963",1,"J338","J5963","naive","naive","naive naive",1,NA,NA,0,"naive",-0.498090256889084,-2.32224958949097,-0.474699993690219,"J338_J5963","postknowledge","J338_J5963_postknowledge",0,0,"J338_postknowledge","J5963_postknowledge",2,0,-0.41043995582571,-0.451405062337721
"J5810 J3383",2,"J5810 J3383",2,"J3383","J5810","knowledge","naive","knowledge naive",2,NA,NA,0,"knowledge",-0.381279752025634,-6.25,-0.522637627930578,"J3383_J5810","postknowledge","J3383_J5810_postknowledge",0,0,"J3383_postknowledge","J5810_postknowledge",2,0,-0.41043995582571,-0.451405062337721
"J3383 J5939",2,"J3383 J5939",2,"J3383","J5939","naive","naive","naive naive",2,NA,NA,0,"naive",-0.381279752025634,-1.32224958949097,-0.270286137471486,"J3383_J5939","postknowledge","J3383_J5939_postknowledge",0,0,"J3383_postknowledge","J5939_postknowledge",2,0,-0.41043995582571,-0.451405062337721
"J3753 J3462",2,"J3753 J3462",2,"J3462","J3753","naive","naive","naive naive",2,NA,NA,0,"naive",-0.381279752025634,-1.32224958949097,-0.270286137471486,"J3462_J3753","postknowledge","J3462_J3753_postknowledge",0,0,"J3462_postknowledge","J3753_postknowledge",0,17,-0.499376761210493,0.561961436908741
"J4044 J3462",2,"J4044 J3462",2,"J3462","J4044","naive","naive","naive naive",2,0.0152671755725191,NA,1,"naive",-0.381279752025634,-1.32224958949097,-0.270286137471486,"J3462_J4044","postknowledge","J3462_J4044_postknowledge",0,0,"J3462_postknowledge","J4044_postknowledge",0,0,-0.499376761210493,-0.451405062337721
"J3462 J4104",1,"J3462 J4104",1,"J3462","J4104","naive","naive","naive naive",1,NA,NA,0,"naive",-0.498090256889084,-2.32224958949097,-0.474699993690219,"J3462_J4104","postknowledge","J3462_J4104_postknowledge",0,0,"J3462_postknowledge","J4104_postknowledge",0,0,-0.499376761210493,-0.451405062337721
"J4151 J3462",2,"J4151 J3462",2,"J3462","J4151","naive","naive","naive naive",2,NA,NA,0,"naive",-0.381279752025634,-1.32224958949097,-0.270286137471486,"J3462_J4151","postknowledge","J3462_J4151_postknowledge",0,0,"J3462_postknowledge","J4151_postknowledge",0,26,-0.499376761210493,1.09844958356863
"J4304 J3462",10,"J4304 J3462",10,"J3462","J4304","knowledge","naive","knowledge naive",10,0.0222222222222222,NA,1,"knowledge",0.553204286881962,1.75,0.146338535820562,"J3462_J4304","postknowledge","J3462_J4304_postknowledge",0,0,"J3462_postknowledge","J4304_postknowledge",0,0,-0.499376761210493,-0.451405062337721
"J4601 J3462",6,"J4601 J3462",6,"J3462","J4601","knowledge","naive","knowledge naive",6,NA,NA,0,"knowledge",0.0859622674281642,-2.25,-0.188149546055008,"J3462_J4601","postknowledge","J3462_J4601_postknowledge",0,0,"J3462_postknowledge","J4601_postknowledge",0,0,-0.499376761210493,-0.451405062337721
"J3462 J4961",1,"J3462 J4961",1,"J3462","J4961","naive","naive","naive naive",1,0.032258064516129,NA,1,"naive",-0.498090256889084,-2.32224958949097,-0.474699993690219,"J3462_J4961","postknowledge","J3462_J4961_postknowledge",0,0,"J3462_postknowledge","J4961_postknowledge",0,0,-0.499376761210493,-0.451405062337721
"J505 J3462",1,"J505 J3462",1,"J3462","J505","naive","naive","naive naive",1,NA,NA,0,"naive",-0.498090256889084,-2.32224958949097,-0.474699993690219,"J3462_J505","postknowledge","J3462_J505_postknowledge",0,0,"J3462_postknowledge","J505_postknowledge",0,22,-0.499376761210493,0.860010407275348
"J5089 J3462",4,"J5089 J3462",4,"J3462","J5089","knowledge","naive","knowledge naive",4,NA,NA,0,"knowledge",-0.147658742298735,-4.25,-0.355393586992793,"J3462_J5089","postknowledge","J3462_J5089_postknowledge",0,0,"J3462_postknowledge","J5089_postknowledge",0,0,-0.499376761210493,-0.451405062337721
"J3715 J3508",1,"J3715 J3508",1,"J3508","J3715","naive","naive","naive naive",1,NA,NA,0,"naive",-0.498090256889084,-2.32224958949097,-0.474699993690219,"J3508_J3715","postknowledge","J3508_J3715_postknowledge",1,1,"J3508_postknowledge","J3715_postknowledge",17,40,0.256586084560161,1.93298670059513
"J3769 J3508",8,"J3769 J3508",8,"J3508","J3769","knowledge","naive","knowledge naive",8,NA,NA,0,"knowledge",0.319583277155063,-0.25,-0.0209055051172231,"J3508_J3769","postknowledge","J3508_J3769_postknowledge",0,0,"J3508_postknowledge","J3769_postknowledge",17,0,0.256586084560161,-0.451405062337721
"J41 J3508",2,"J41 J3508",2,"J3508","J41","naive","naive","naive naive",2,NA,NA,0,"naive",-0.381279752025634,-1.32224958949097,-0.270286137471486,"J3508_J41","postknowledge","J3508_J41_postknowledge",0,0,"J3508_postknowledge","J41_postknowledge",17,0,0.256586084560161,-0.451405062337721
"J4315 J3508",25,"J4315 J3508",25,"J3508","J4315","knowledge","naive","knowledge naive",25,NA,NA,0,"knowledge",2.30536185983371,16.75,1.40066884285395,"J3508_J4315","postknowledge","J3508_J4315_postknowledge",0,0,"J3508_postknowledge","J4315_postknowledge",17,9,0.256586084560161,0.0850830843221708
"J4514 J3508",19,"J4514 J3508",19,"J3508","J4514","knowledge","naive","knowledge naive",19,NA,NA,0,"knowledge",1.60449883065301,10.75,0.898936720040594,"J3508_J4514","postknowledge","J3508_J4514_postknowledge",0,0,"J3508_postknowledge","J4514_postknowledge",17,18,0.256586084560161,0.621571230982063
"J3508 J4654",2,"J3508 J4654",2,"J3508","J4654","naive","naive","naive naive",3,NA,NA,0,"naive",-0.264469247162184,-0.322249589490969,-0.0658722812527527,"J3508_J4654","postknowledge","J3508_J4654_postknowledge",1,1,"J3508_postknowledge","J4654_postknowledge",17,4,0.256586084560161,-0.212965886044436
"J4967 J3508",2,"J4967 J3508",2,"J3508","J4967","knowledge","naive","knowledge naive",2,NA,NA,0,"knowledge",-0.381279752025634,-6.25,-0.522637627930578,"J3508_J4967","postknowledge","J3508_J4967_postknowledge",0,0,"J3508_postknowledge","J4967_postknowledge",17,3,0.256586084560161,-0.272575680117757
"J4982 J3508",2,"J4982 J3508",2,"J3508","J4982","naive","naive","naive naive",2,NA,NA,0,"naive",-0.381279752025634,-1.32224958949097,-0.270286137471486,"J3508_J4982","postknowledge","J3508_J4982_postknowledge",0,0,"J3508_postknowledge","J4982_postknowledge",17,1,0.256586084560161,-0.3917952682644
"J5146 J3508",22,"J5146 J3508",22,"J3508","J5146","knowledge","naive","knowledge naive",22,NA,NA,0,"knowledge",1.95493034524336,13.75,1.14980278144727,"J3508_J5146","postknowledge","J3508_J5146_postknowledge",0,0,"J3508_postknowledge","J5146_postknowledge",17,4,0.256586084560161,-0.212965886044436
"J5215 J3508",1,"J5215 J3508",1,"J3508","J5215","naive","naive","naive naive",1,NA,NA,0,"naive",-0.498090256889084,-2.32224958949097,-0.474699993690219,"J3508_J5215","postknowledge","J3508_J5215_postknowledge",0,0,"J3508_postknowledge","J5215_postknowledge",17,10,0.256586084560161,0.144692878395492
"J5477 J3508",2,"J5477 J3508",2,"J3508","J5477","naive","naive","naive naive",2,NA,NA,0,"naive",-0.381279752025634,-1.32224958949097,-0.270286137471486,"J3508_J5477","postknowledge","J3508_J5477_postknowledge",1,1,"J3508_postknowledge","J5477_postknowledge",17,36,0.256586084560161,1.69454752430185
"J5489 J3508",1,"J5489 J3508",1,"J3508","J5489","naive","naive","naive naive",1,NA,NA,0,"naive",-0.498090256889084,-2.32224958949097,-0.474699993690219,"J3508_J5489","postknowledge","J3508_J5489_postknowledge",0,0,"J3508_postknowledge","J5489_postknowledge",17,1,0.256586084560161,-0.3917952682644
"J5806 J3508",2,"J5806 J3508",2,"J3508","J5806","naive","naive","naive naive",2,NA,NA,0,"naive",-0.381279752025634,-1.32224958949097,-0.270286137471486,"J3508_J5806","postknowledge","J3508_J5806_postknowledge",0,0,"J3508_postknowledge","J5806_postknowledge",17,0,0.256586084560161,-0.451405062337721
"J3508 J5939",1,"J3508 J5939",1,"J3508","J5939","naive","naive","naive naive",1,NA,NA,0,"naive",-0.498090256889084,-2.32224958949097,-0.474699993690219,"J3508_J5939","postknowledge","J3508_J5939_postknowledge",0,0,"J3508_postknowledge","J5939_postknowledge",17,0,0.256586084560161,-0.451405062337721
"J3508 J5963",4,"J3508 J5963",4,"J3508","J5963","naive","naive","naive naive",3,NA,NA,0,"naive",-0.264469247162184,-0.322249589490969,-0.0658722812527527,"J3508_J5963","postknowledge","J3508_J5963_postknowledge",0,0,"J3508_postknowledge","J5963_postknowledge",17,0,0.256586084560161,-0.451405062337721
"J5964 J3508",1,"J5964 J3508",1,"J3508","J5964","naive","naive","naive naive",1,NA,NA,0,"naive",-0.498090256889084,-2.32224958949097,-0.474699993690219,"J3508_J5964","postknowledge","J3508_J5964_postknowledge",0,0,"J3508_postknowledge","J5964_postknowledge",17,0,0.256586084560161,-0.451405062337721
"J3526 J4044",1,"J3526 J4044",1,"J3526","J4044","naive","naive","naive naive",1,0.00613496932515337,NA,1,"naive",-0.498090256889084,-2.32224958949097,-0.474699993690219,"J3526_J4044","postknowledge","J3526_J4044_postknowledge",0,0,"J3526_postknowledge","J4044_postknowledge",0,0,-0.499376761210493,-0.451405062337721
"J3526 J4104",2,"J3526 J4104",2,"J3526","J4104","naive","naive","naive naive",2,NA,NA,0,"naive",-0.381279752025634,-1.32224958949097,-0.270286137471486,"J3526_J4104","postknowledge","J3526_J4104_postknowledge",0,0,"J3526_postknowledge","J4104_postknowledge",0,0,-0.499376761210493,-0.451405062337721
"J4304 J3526",10,"J4304 J3526",10,"J3526","J4304","knowledge","naive","knowledge naive",10,NA,NA,0,"knowledge",0.553204286881962,1.75,0.146338535820562,"J3526_J4304","postknowledge","J3526_J4304_postknowledge",0,0,"J3526_postknowledge","J4304_postknowledge",0,0,-0.499376761210493,-0.451405062337721
"J4601 J3526",2,"J4601 J3526",2,"J3526","J4601","knowledge","naive","knowledge naive",2,0.0143884892086331,NA,1,"knowledge",-0.381279752025634,-6.25,-0.522637627930578,"J3526_J4601","postknowledge","J3526_J4601_postknowledge",0,0,"J3526_postknowledge","J4601_postknowledge",0,0,-0.499376761210493,-0.451405062337721
"J4951 J3526",3,"J4951 J3526",3,"J3526","J4951","naive","naive","naive naive",3,0.0169491525423729,NA,1,"naive",-0.264469247162184,-0.322249589490969,-0.0658722812527527,"J3526_J4951","postknowledge","J3526_J4951_postknowledge",0,0,"J3526_postknowledge","J4951_postknowledge",0,0,-0.499376761210493,-0.451405062337721
"J5087 J3526",1,"J5087 J3526",1,"J3526","J5087","naive","naive","naive naive",1,NA,NA,0,"naive",-0.498090256889084,-2.32224958949097,-0.474699993690219,"J3526_J5087","postknowledge","J3526_J5087_postknowledge",0,0,"J3526_postknowledge","J5087_postknowledge",0,0,-0.499376761210493,-0.451405062337721
"J3526 J5763",2,"J3526 J5763",2,"J3526","J5763","naive","naive","naive naive",2,0.0188679245283019,NA,1,"naive",-0.381279752025634,-1.32224958949097,-0.270286137471486,"J3526_J5763","postknowledge","J3526_J5763_postknowledge",0,0,"J3526_postknowledge","J5763_postknowledge",0,0,-0.499376761210493,-0.451405062337721
"J3610 J5006",2,"J3610 J5006",2,"J3610","J5006","naive","naive","naive naive",2,NA,NA,0,"naive",-0.381279752025634,-1.32224958949097,-0.270286137471486,"J3610_J5006","postknowledge","J3610_J5006_postknowledge",1,1,"J3610_postknowledge","J5006_postknowledge",57,16,2.03532219225582,0.50235164283542
"J4967 J3631",4,"J4967 J3631",4,"J3631","J4967","knowledge","naive","knowledge naive",4,NA,NA,0,"knowledge",-0.147658742298735,-4.25,-0.355393586992793,"J3631_J4967","postknowledge","J3631_J4967_postknowledge",0,0,"J3631_postknowledge","J4967_postknowledge",0,3,-0.499376761210493,-0.272575680117757
"J6017 J3631",1,"J6017 J3631",1,"J3631","J6017","naive","naive","naive naive",1,NA,NA,0,"naive",-0.498090256889084,-2.32224958949097,-0.474699993690219,"J3631_J6017","postknowledge","J3631_J6017_postknowledge",0,0,"J3631_postknowledge","J6017_postknowledge",0,0,-0.499376761210493,-0.451405062337721
"J3769 J3702",2,"J3769 J3702",2,"J3702","J3769","knowledge","naive","knowledge naive",2,NA,NA,0,"knowledge",-0.381279752025634,-6.25,-0.522637627930578,"J3702_J3769","postknowledge","J3702_J3769_postknowledge",0,0,"J3702_postknowledge","J3769_postknowledge",0,0,-0.499376761210493,-0.451405062337721
"J4304 J3702",10,"J4304 J3702",10,"J3702","J4304","knowledge","naive","knowledge naive",10,NA,NA,0,"knowledge",0.553204286881962,1.75,0.146338535820562,"J3702_J4304","postknowledge","J3702_J4304_postknowledge",0,0,"J3702_postknowledge","J4304_postknowledge",0,0,-0.499376761210493,-0.451405062337721
"J4601 J3702",3,"J4601 J3702",3,"J3702","J4601","knowledge","naive","knowledge naive",3,0.0065359477124183,NA,1,"knowledge",-0.264469247162184,-5.25,-0.439015607461686,"J3702_J4601","postknowledge","J3702_J4601_postknowledge",0,0,"J3702_postknowledge","J4601_postknowledge",0,0,-0.499376761210493,-0.451405062337721
"J4770 J3702",2,"J4770 J3702",2,"J3702","J4770","naive","naive","naive naive",2,NA,NA,0,"naive",-0.381279752025634,-1.32224958949097,-0.270286137471486,"J3702_J4770","postknowledge","J3702_J4770_postknowledge",0,0,"J3702_postknowledge","J4770_postknowledge",0,1,-0.499376761210493,-0.3917952682644
"J5087 J3702",1,"J5087 J3702",1,"J3702","J5087","naive","naive","naive naive",1,NA,NA,0,"naive",-0.498090256889084,-2.32224958949097,-0.474699993690219,"J3702_J5087","postknowledge","J3702_J5087_postknowledge",0,0,"J3702_postknowledge","J5087_postknowledge",0,0,-0.499376761210493,-0.451405062337721
"J3702 J5475",1,"J3702 J5475",1,"J3702","J5475","naive","naive","naive naive",1,NA,NA,0,"naive",-0.498090256889084,-2.32224958949097,-0.474699993690219,"J3702_J5475","postknowledge","J3702_J5475_postknowledge",0,0,"J3702_postknowledge","J5475_postknowledge",0,0,-0.499376761210493,-0.451405062337721
"J3714 J3745",2,"J3714 J3745",2,"J3714","J3745","naive","naive","naive naive",2,NA,NA,0,"naive",-0.381279752025634,-1.32224958949097,-0.270286137471486,"J3714_J3745","postknowledge","J3714_J3745_postknowledge",0,0,"J3714_postknowledge","J3745_postknowledge",19,0,0.345522889944944,-0.451405062337721
"J4315 J3714",7,"J4315 J3714",7,"J3714","J4315","knowledge","naive","knowledge naive",7,NA,NA,0,"knowledge",0.202772772291614,-1.25,-0.104527525586116,"J3714_J4315","postknowledge","J3714_J4315_postknowledge",0,0,"J3714_postknowledge","J4315_postknowledge",19,9,0.345522889944944,0.0850830843221708
"J4514 J3714",1,"J4514 J3714",1,"J3714","J4514","knowledge","naive","knowledge naive",1,0.027027027027027,NA,1,"knowledge",-0.498090256889084,-7.25,-0.606259648399471,"J3714_J4514","postknowledge","J3714_J4514_postknowledge",1,1,"J3714_postknowledge","J4514_postknowledge",19,18,0.345522889944944,0.621571230982063
"J5489 J3714",2,"J5489 J3714",2,"J3714","J5489","naive","naive","naive naive",2,NA,NA,0,"naive",-0.381279752025634,-1.32224958949097,-0.270286137471486,"J3714_J5489","postknowledge","J3714_J5489_postknowledge",0,0,"J3714_postknowledge","J5489_postknowledge",19,1,0.345522889944944,-0.3917952682644
"J3714 J5963",1,"J3714 J5963",1,"J3714","J5963","naive","naive","naive naive",1,NA,NA,0,"naive",-0.498090256889084,-2.32224958949097,-0.474699993690219,"J3714_J5963","postknowledge","J3714_J5963_postknowledge",0,0,"J3714_postknowledge","J5963_postknowledge",19,0,0.345522889944944,-0.451405062337721
"J3715 J4747",7,"J3715 J4747",7,"J3715","J4747","naive","naive","naive naive",7,0.0158730158730159,NA,1,"naive",0.202772772291614,3.67775041050903,0.75178314362218,"J3715_J4747","postknowledge","J3715_J4747_postknowledge",4,1,"J3715_postknowledge","J4747_postknowledge",40,77,1.27935934648516,4.13854908130802
"J3715 J5017",2,"J3715 J5017",2,"J3715","J5017","naive","naive","naive naive",2,NA,NA,0,"naive",-0.381279752025634,-1.32224958949097,-0.270286137471486,"J3715_J5017","postknowledge","J3715_J5017_postknowledge",0,0,"J3715_postknowledge","J5017_postknowledge",40,0,1.27935934648516,-0.451405062337721
"J505 J3715",5,"J505 J3715",5,"J3715","J505","naive","naive","naive naive",5,NA,NA,0,"naive",-0.0308482374352854,1.67775041050903,0.342955431184714,"J3715_J505","postknowledge","J3715_J505_postknowledge",0,0,"J3715_postknowledge","J505_postknowledge",40,22,1.27935934648516,0.860010407275348
"J3745 J3716",2,"J3745 J3716",2,"J3716","J3745","naive","naive","naive naive",2,NA,NA,0,"naive",-0.381279752025634,-1.32224958949097,-0.270286137471486,"J3716_J3745","postknowledge","J3716_J3745_postknowledge",0,0,"J3716_postknowledge","J3745_postknowledge",6,0,-0.232566345056145,-0.451405062337721
"J3769 J3716",12,"J3769 J3716",12,"J3716","J3769","knowledge","naive","knowledge naive",12,NA,NA,0,"knowledge",0.786825296608862,3.75,0.313582576758347,"J3716_J3769","postknowledge","J3716_J3769_postknowledge",0,0,"J3716_postknowledge","J3769_postknowledge",6,0,-0.232566345056145,-0.451405062337721
"J3716 J4011",13,"J3716 J4011",13,"J3716","J4011","naive","naive","naive naive",13,NA,NA,0,"naive",0.903635801472311,9.67775041050903,1.97826628093458,"J3716_J4011","postknowledge","J3716_J4011_postknowledge",0,0,"J3716_postknowledge","J4011_postknowledge",6,0,-0.232566345056145,-0.451405062337721
"J4514 J3716",2,"J4514 J3716",2,"J3716","J4514","knowledge","naive","knowledge naive",2,NA,NA,0,"knowledge",-0.381279752025634,-6.25,-0.522637627930578,"J3716_J4514","postknowledge","J3716_J4514_postknowledge",0,0,"J3716_postknowledge","J4514_postknowledge",6,18,-0.232566345056145,0.621571230982063
"J3716 J4752",1,"J3716 J4752",1,"J3716","J4752","naive","naive","naive naive",1,NA,NA,0,"naive",-0.498090256889084,-2.32224958949097,-0.474699993690219,"J3716_J4752","postknowledge","J3716_J4752_postknowledge",0,0,"J3716_postknowledge","J4752_postknowledge",6,2,-0.232566345056145,-0.332185474191078
"J4967 J3716",16,"J4967 J3716",16,"J3716","J4967","knowledge","naive","knowledge naive",16,NA,NA,0,"knowledge",1.25406731606266,7.75,0.648070658633917,"J3716_J4967","postknowledge","J3716_J4967_postknowledge",0,0,"J3716_postknowledge","J4967_postknowledge",6,3,-0.232566345056145,-0.272575680117757
"J3716 J4982",1,"J3716 J4982",1,"J3716","J4982","naive","naive","naive naive",1,NA,NA,0,"naive",-0.498090256889084,-2.32224958949097,-0.474699993690219,"J3716_J4982","postknowledge","J3716_J4982_postknowledge",0,0,"J3716_postknowledge","J4982_postknowledge",6,1,-0.232566345056145,-0.3917952682644
"J5017 J3716",2,"J5017 J3716",2,"J3716","J5017","naive","naive","naive naive",2,NA,NA,0,"naive",-0.381279752025634,-1.32224958949097,-0.270286137471486,"J3716_J5017","postknowledge","J3716_J5017_postknowledge",0,0,"J3716_postknowledge","J5017_postknowledge",6,0,-0.232566345056145,-0.451405062337721
"J5146 J3716",9,"J5146 J3716",9,"J3716","J5146","knowledge","naive","knowledge naive",9,NA,NA,0,"knowledge",0.436393782018513,0.75,0.0627165153516694,"J3716_J5146","postknowledge","J3716_J5146_postknowledge",1,1,"J3716_postknowledge","J5146_postknowledge",6,4,-0.232566345056145,-0.212965886044436
"J3716 J5316",1,"J3716 J5316",1,"J3716","J5316","naive","naive","naive naive",1,NA,NA,0,"naive",-0.498090256889084,-2.32224958949097,-0.474699993690219,"J3716_J5316","postknowledge","J3716_J5316_postknowledge",0,0,"J3716_postknowledge","J5316_postknowledge",6,37,-0.232566345056145,1.75415731837517
"J3716 J5477",1,"J3716 J5477",1,"J3716","J5477","naive","naive","naive naive",1.5,NA,NA,0,"naive",-0.439685004457359,-1.82224958949097,-0.372493065580853,"J3716_J5477","postknowledge","J3716_J5477_postknowledge",0,0,"J3716_postknowledge","J5477_postknowledge",6,36,-0.232566345056145,1.69454752430185
"J5489 J3716",1,"J5489 J3716",1,"J3716","J5489","naive","naive","naive naive",1,NA,NA,0,"naive",-0.498090256889084,-2.32224958949097,-0.474699993690219,"J3716_J5489","postknowledge","J3716_J5489_postknowledge",0,0,"J3716_postknowledge","J5489_postknowledge",6,1,-0.232566345056145,-0.3917952682644
"J5740 J3716",2,"J5740 J3716",2,"J3716","J5740","naive","naive","naive naive",2,NA,NA,0,"naive",-0.381279752025634,-1.32224958949097,-0.270286137471486,"J3716_J5740","postknowledge","J3716_J5740_postknowledge",0,0,"J3716_postknowledge","J5740_postknowledge",6,0,-0.232566345056145,-0.451405062337721
"J5827 J3716",3,"J5827 J3716",3,"J3716","J5827","naive","naive","naive naive",3,NA,NA,0,"naive",-0.264469247162184,-0.322249589490969,-0.0658722812527527,"J3716_J5827","postknowledge","J3716_J5827_postknowledge",0,0,"J3716_postknowledge","J5827_postknowledge",6,0,-0.232566345056145,-0.451405062337721
"J5833 J3716",1,"J5833 J3716",1,"J3716","J5833","naive","naive","naive naive",1,NA,NA,0,"naive",-0.498090256889084,-2.32224958949097,-0.474699993690219,"J3716_J5833","postknowledge","J3716_J5833_postknowledge",0,0,"J3716_postknowledge","J5833_postknowledge",6,0,-0.232566345056145,-0.451405062337721
"J5939 J3716",3,"J5939 J3716",3,"J3716","J5939","naive","naive","naive naive",3,NA,NA,0,"naive",-0.264469247162184,-0.322249589490969,-0.0658722812527527,"J3716_J5939","postknowledge","J3716_J5939_postknowledge",0,0,"J3716_postknowledge","J5939_postknowledge",6,0,-0.232566345056145,-0.451405062337721
"J3716 J5963",1,"J3716 J5963",1,"J3716","J5963","naive","naive","naive naive",1,NA,NA,0,"naive",-0.498090256889084,-2.32224958949097,-0.474699993690219,"J3716_J5963","postknowledge","J3716_J5963_postknowledge",0,0,"J3716_postknowledge","J5963_postknowledge",6,0,-0.232566345056145,-0.451405062337721
"J3716 J5964",3,"J3716 J5964",3,"J3716","J5964","naive","naive","naive naive",3,NA,NA,0,"naive",-0.264469247162184,-0.322249589490969,-0.0658722812527527,"J3716_J5964","postknowledge","J3716_J5964_postknowledge",0,0,"J3716_postknowledge","J5964_postknowledge",6,0,-0.232566345056145,-0.451405062337721
"J831 J3716",1,"J831 J3716",1,"J3716","J831","knowledge","naive","knowledge naive",1,NA,NA,0,"knowledge",-0.498090256889084,-7.25,-0.606259648399471,"J3716_J831","postknowledge","J3716_J831_postknowledge",0,0,"J3716_postknowledge","J831_postknowledge",6,0,-0.232566345056145,-0.451405062337721
"J3769 J3745",12,"J3769 J3745",12,"J3745","J3769","knowledge","naive","knowledge naive",12,NA,NA,0,"knowledge",0.786825296608862,3.75,0.313582576758347,"J3745_J3769","postknowledge","J3745_J3769_postknowledge",0,0,"J3745_postknowledge","J3769_postknowledge",0,0,-0.499376761210493,-0.451405062337721
"J4162 J3745",2,"J4162 J3745",2,"J3745","J4162","knowledge","naive","knowledge naive",2,NA,NA,0,"knowledge",-0.381279752025634,-6.25,-0.522637627930578,"J3745_J4162","postknowledge","J3745_J4162_postknowledge",0,0,"J3745_postknowledge","J4162_postknowledge",0,3,-0.499376761210493,-0.272575680117757
"J4315 J3745",4,"J4315 J3745",4,"J3745","J4315","knowledge","naive","knowledge naive",4,NA,NA,0,"knowledge",-0.147658742298735,-4.25,-0.355393586992793,"J3745_J4315","postknowledge","J3745_J4315_postknowledge",0,0,"J3745_postknowledge","J4315_postknowledge",0,9,-0.499376761210493,0.0850830843221708
"J4514 J3745",10,"J4514 J3745",10,"J3745","J4514","knowledge","naive","knowledge naive",10,NA,NA,0,"knowledge",0.553204286881962,1.75,0.146338535820562,"J3745_J4514","postknowledge","J3745_J4514_postknowledge",0,0,"J3745_postknowledge","J4514_postknowledge",0,18,-0.499376761210493,0.621571230982063
"J3745 J4747",2,"J3745 J4747",2,"J3745","J4747","naive","naive","naive naive",2,NA,NA,0,"naive",-0.381279752025634,-1.32224958949097,-0.270286137471486,"J3745_J4747","postknowledge","J3745_J4747_postknowledge",0,0,"J3745_postknowledge","J4747_postknowledge",0,77,-0.499376761210493,4.13854908130802
"J4752 J3745",2,"J4752 J3745",2,"J3745","J4752","naive","naive","naive naive",2,NA,NA,0,"naive",-0.381279752025634,-1.32224958949097,-0.270286137471486,"J3745_J4752","postknowledge","J3745_J4752_postknowledge",0,0,"J3745_postknowledge","J4752_postknowledge",0,2,-0.499376761210493,-0.332185474191078
"J4819 J3745",3,"J4819 J3745",3,"J3745","J4819","naive","naive","naive naive",3,NA,NA,0,"naive",-0.264469247162184,-0.322249589490969,-0.0658722812527527,"J3745_J4819","postknowledge","J3745_J4819_postknowledge",0,0,"J3745_postknowledge","J4819_postknowledge",0,0,-0.499376761210493,-0.451405062337721
"J4967 J3745",4,"J4967 J3745",4,"J3745","J4967","knowledge","naive","knowledge naive",4,NA,NA,0,"knowledge",-0.147658742298735,-4.25,-0.355393586992793,"J3745_J4967","postknowledge","J3745_J4967_postknowledge",0,0,"J3745_postknowledge","J4967_postknowledge",0,3,-0.499376761210493,-0.272575680117757
"J4982 J3745",4,"J4982 J3745",4,"J3745","J4982","naive","naive","naive naive",4,NA,NA,0,"naive",-0.147658742298735,0.677750410509031,0.138541574965981,"J3745_J4982","postknowledge","J3745_J4982_postknowledge",0,0,"J3745_postknowledge","J4982_postknowledge",0,1,-0.499376761210493,-0.3917952682644
"J5017 J3745",7,"J5017 J3745",7,"J3745","J5017","naive","naive","naive naive",7,NA,NA,0,"naive",0.202772772291614,3.67775041050903,0.75178314362218,"J3745_J5017","postknowledge","J3745_J5017_postknowledge",0,0,"J3745_postknowledge","J5017_postknowledge",0,0,-0.499376761210493,-0.451405062337721
"J5146 J3745",15,"J5146 J3745",15,"J3745","J5146","knowledge","naive","knowledge naive",15,NA,NA,0,"knowledge",1.13725681119921,6.75,0.564448638165024,"J3745_J5146","postknowledge","J3745_J5146_postknowledge",0,0,"J3745_postknowledge","J5146_postknowledge",0,4,-0.499376761210493,-0.212965886044436
"J5167 J3745",1,"J5167 J3745",1,"J3745","J5167","naive","naive","naive naive",1,NA,NA,0,"naive",-0.498090256889084,-2.32224958949097,-0.474699993690219,"J3745_J5167","postknowledge","J3745_J5167_postknowledge",0,0,"J3745_postknowledge","J5167_postknowledge",0,0,-0.499376761210493,-0.451405062337721
"J5184 J3745",2,"J5184 J3745",2,"J3745","J5184","naive","naive","naive naive",2,NA,NA,0,"naive",-0.381279752025634,-1.32224958949097,-0.270286137471486,"J3745_J5184","postknowledge","J3745_J5184_postknowledge",0,0,"J3745_postknowledge","J5184_postknowledge",0,0,-0.499376761210493,-0.451405062337721
"J5215 J3745",3,"J5215 J3745",3,"J3745","J5215","naive","naive","naive naive",3,NA,NA,0,"naive",-0.264469247162184,-0.322249589490969,-0.0658722812527527,"J3745_J5215","postknowledge","J3745_J5215_postknowledge",0,0,"J3745_postknowledge","J5215_postknowledge",0,10,-0.499376761210493,0.144692878395492
"J5238 J3745",2,"J5238 J3745",2,"J3745","J5238","naive","naive","naive naive",2,NA,NA,0,"naive",-0.381279752025634,-1.32224958949097,-0.270286137471486,"J3745_J5238","postknowledge","J3745_J5238_postknowledge",0,0,"J3745_postknowledge","J5238_postknowledge",0,0,-0.499376761210493,-0.451405062337721
"J3745 J5316",1,"J3745 J5316",1,"J3745","J5316","naive","naive","naive naive",1.5,NA,NA,0,"naive",-0.439685004457359,-1.82224958949097,-0.372493065580853,"J3745_J5316","postknowledge","J3745_J5316_postknowledge",0,0,"J3745_postknowledge","J5316_postknowledge",0,37,-0.499376761210493,1.75415731837517
"J5607 J3745",3,"J5607 J3745",3,"J3745","J5607","naive","naive","naive naive",3,NA,NA,0,"naive",-0.264469247162184,-0.322249589490969,-0.0658722812527527,"J3745_J5607","postknowledge","J3745_J5607_postknowledge",0,0,"J3745_postknowledge","J5607_postknowledge",0,26,-0.499376761210493,1.09844958356863
"J5651 J3745",2,"J5651 J3745",2,"J3745","J5651","naive","naive","naive naive",2,NA,NA,0,"naive",-0.381279752025634,-1.32224958949097,-0.270286137471486,"J3745_J5651","postknowledge","J3745_J5651_postknowledge",0,0,"J3745_postknowledge","J5651_postknowledge",0,0,-0.499376761210493,-0.451405062337721
"J5740 J3745",2,"J5740 J3745",2,"J3745","J5740","naive","naive","naive naive",2,NA,NA,0,"naive",-0.381279752025634,-1.32224958949097,-0.270286137471486,"J3745_J5740","postknowledge","J3745_J5740_postknowledge",0,0,"J3745_postknowledge","J5740_postknowledge",0,0,-0.499376761210493,-0.451405062337721
"J5806 J3745",3,"J5806 J3745",3,"J3745","J5806","naive","naive","naive naive",3,NA,NA,0,"naive",-0.264469247162184,-0.322249589490969,-0.0658722812527527,"J3745_J5806","postknowledge","J3745_J5806_postknowledge",0,0,"J3745_postknowledge","J5806_postknowledge",0,0,-0.499376761210493,-0.451405062337721
"J5827 J3745",3,"J5827 J3745",3,"J3745","J5827","naive","naive","naive naive",3,NA,NA,0,"naive",-0.264469247162184,-0.322249589490969,-0.0658722812527527,"J3745_J5827","postknowledge","J3745_J5827_postknowledge",0,0,"J3745_postknowledge","J5827_postknowledge",0,0,-0.499376761210493,-0.451405062337721
"J5939 J3745",2,"J5939 J3745",2,"J3745","J5939","naive","naive","naive naive",2,NA,NA,0,"naive",-0.381279752025634,-1.32224958949097,-0.270286137471486,"J3745_J5939","postknowledge","J3745_J5939_postknowledge",0,0,"J3745_postknowledge","J5939_postknowledge",0,0,-0.499376761210493,-0.451405062337721
"J5964 J3745",9,"J5964 J3745",9,"J3745","J5964","naive","naive","naive naive",9,NA,NA,0,"naive",0.436393782018513,5.67775041050903,1.16061085605965,"J3745_J5964","postknowledge","J3745_J5964_postknowledge",0,0,"J3745_postknowledge","J5964_postknowledge",0,0,-0.499376761210493,-0.451405062337721
"J6034 J3745",1,"J6034 J3745",1,"J3745","J6034","naive","naive","naive naive",1,NA,NA,0,"naive",-0.498090256889084,-2.32224958949097,-0.474699993690219,"J3745_J6034","postknowledge","J3745_J6034_postknowledge",0,0,"J3745_postknowledge","J6034_postknowledge",0,0,-0.499376761210493,-0.451405062337721
"J3987 J3753",14,"J3987 J3753",14,"J3753","J3987","knowledge","naive","knowledge naive",14,NA,NA,0,"knowledge",1.02044630633576,5.75,0.480826617696132,"J3753_J3987","postknowledge","J3753_J3987_postknowledge",1,1,"J3753_postknowledge","J3987_postknowledge",17,11,0.256586084560161,0.204302672468813
"J4104 J3753",5,"J4104 J3753",5,"J3753","J4104","naive","naive","naive naive",5,NA,NA,0,"naive",-0.0308482374352854,1.67775041050903,0.342955431184714,"J3753_J4104","postknowledge","J3753_J4104_postknowledge",0,0,"J3753_postknowledge","J4104_postknowledge",17,0,0.256586084560161,-0.451405062337721
"J4151 J3753",8,"J4151 J3753",8,"J3753","J4151","naive","naive","naive naive",8,0.0169491525423729,NA,1,"naive",0.319583277155063,4.67775041050903,0.956196999840914,"J3753_J4151","postknowledge","J3753_J4151_postknowledge",1,1,"J3753_postknowledge","J4151_postknowledge",17,26,0.256586084560161,1.09844958356863
"J4304 J3753",2,"J4304 J3753",2,"J3753","J4304","knowledge","naive","knowledge naive",2,NA,NA,0,"knowledge",-0.381279752025634,-6.25,-0.522637627930578,"J3753_J4304","postknowledge","J3753_J4304_postknowledge",0,0,"J3753_postknowledge","J4304_postknowledge",17,0,0.256586084560161,-0.451405062337721
"J3753 J4569",2,"J3753 J4569",2,"J3753","J4569","naive","naive","naive naive",2,NA,NA,0,"naive",-0.381279752025634,-1.32224958949097,-0.270286137471486,"J3753_J4569","postknowledge","J3753_J4569_postknowledge",0,0,"J3753_postknowledge","J4569_postknowledge",17,0,0.256586084560161,-0.451405062337721
"J3753 J4770",3,"J3753 J4770",3,"J3753","J4770","naive","naive","naive naive",3,NA,NA,0,"naive",-0.264469247162184,-0.322249589490969,-0.0658722812527527,"J3753_J4770","postknowledge","J3753_J4770_postknowledge",0,0,"J3753_postknowledge","J4770_postknowledge",17,1,0.256586084560161,-0.3917952682644
"J4776 J3753",2,"J4776 J3753",2,"J3753","J4776","naive","naive","naive naive",2,NA,NA,0,"naive",-0.381279752025634,-1.32224958949097,-0.270286137471486,"J3753_J4776","postknowledge","J3753_J4776_postknowledge",0,0,"J3753_postknowledge","J4776_postknowledge",17,3,0.256586084560161,-0.272575680117757
"J4962 J3753",2,"J4962 J3753",2,"J3753","J4962","naive","naive","naive naive",2,0.0136986301369863,NA,1,"naive",-0.381279752025634,-1.32224958949097,-0.270286137471486,"J3753_J4962","postknowledge","J3753_J4962_postknowledge",1,1,"J3753_postknowledge","J4962_postknowledge",17,56,0.256586084560161,2.88674340576827
"J505 J3753",2,"J505 J3753",2,"J3753","J505","naive","naive","naive naive",2,NA,NA,0,"naive",-0.381279752025634,-1.32224958949097,-0.270286137471486,"J3753_J505","postknowledge","J3753_J505_postknowledge",0,0,"J3753_postknowledge","J505_postknowledge",17,22,0.256586084560161,0.860010407275348
"J5053 J3753",1,"J5053 J3753",1,"J3753","J5053","knowledge","naive","knowledge naive",1,0.0161290322580645,NA,1,"knowledge",-0.498090256889084,-7.25,-0.606259648399471,"J3753_J5053","postknowledge","J3753_J5053_postknowledge",2,1,"J3753_postknowledge","J5053_postknowledge",17,56,0.256586084560161,2.88674340576827
"J3753 J5087",2,"J3753 J5087",2,"J3753","J5087","naive","naive","naive naive",2,NA,NA,0,"naive",-0.381279752025634,-1.32224958949097,-0.270286137471486,"J3753_J5087","postknowledge","J3753_J5087_postknowledge",0,0,"J3753_postknowledge","J5087_postknowledge",17,0,0.256586084560161,-0.451405062337721
"J5089 J3753",2,"J5089 J3753",2,"J3753","J5089","knowledge","naive","knowledge naive",2,NA,NA,0,"knowledge",-0.381279752025634,-6.25,-0.522637627930578,"J3753_J5089","postknowledge","J3753_J5089_postknowledge",0,0,"J3753_postknowledge","J5089_postknowledge",17,0,0.256586084560161,-0.451405062337721
"J5222 J3753",2,"J5222 J3753",2,"J3753","J5222","naive","naive","naive naive",2,NA,NA,0,"naive",-0.381279752025634,-1.32224958949097,-0.270286137471486,"J3753_J5222","postknowledge","J3753_J5222_postknowledge",0,0,"J3753_postknowledge","J5222_postknowledge",17,11,0.256586084560161,0.204302672468813
"J5316 J3753",1,"J5316 J3753",1,"J3753","J5316","naive","naive","naive naive",1,NA,NA,0,"naive",-0.498090256889084,-2.32224958949097,-0.474699993690219,"J3753_J5316","postknowledge","J3753_J5316_postknowledge",0,0,"J3753_postknowledge","J5316_postknowledge",17,37,0.256586084560161,1.75415731837517
"J5695 J3753",4,"J5695 J3753",4,"J3753","J5695","knowledge","naive","knowledge naive",4,NA,NA,0,"knowledge",-0.147658742298735,-4.25,-0.355393586992793,"J3753_J5695","postknowledge","J3753_J5695_postknowledge",0,0,"J3753_postknowledge","J5695_postknowledge",17,0,0.256586084560161,-0.451405062337721
"J3753 J5766",1,"J3753 J5766",1,"J3753","J5766","naive","naive","naive naive",1,NA,NA,0,"naive",-0.498090256889084,-2.32224958949097,-0.474699993690219,"J3753_J5766","postknowledge","J3753_J5766_postknowledge",0,0,"J3753_postknowledge","J5766_postknowledge",17,0,0.256586084560161,-0.451405062337721
"J3753 J972",1,"J3753 J972",1,"J3753","J972","naive","naive","naive naive",1,NA,NA,0,"naive",-0.498090256889084,-2.32224958949097,-0.474699993690219,"J3753_J972","postknowledge","J3753_J972_postknowledge",0,0,"J3753_postknowledge","J972_postknowledge",17,0,0.256586084560161,-0.451405062337721
"J5053 J3759",1,"J5053 J3759",1,"J3759","J5053","knowledge","knowledge","knowledge knowledge",1,NA,NA,0,"knowledge",-0.498090256889084,-4.84134615384615,-0.982954874545535,"J3759_J5053","postknowledge","J3759_J5053_postknowledge",6,1,"J3759_postknowledge","J5053_postknowledge",44,56,1.45723295725473,2.88674340576827
"J5693 J3759",1,"J5693 J3759",1,"J3759","J5693","knowledge","knowledge","knowledge knowledge",1,NA,NA,0,"knowledge",-0.498090256889084,-4.84134615384615,-0.982954874545535,"J3759_J5693","postknowledge","J3759_J5693_postknowledge",0,0,"J3759_postknowledge","J5693_postknowledge",44,0,1.45723295725473,-0.451405062337721
"J3759 J664",3,"J3759 J664",3,"J3759","J664","knowledge","knowledge","knowledge knowledge",3,0.00546448087431694,NA,1,"knowledge",-0.264469247162184,-2.84134615384615,-0.576888114058005,"J3759_J664","postknowledge","J3759_J664_postknowledge",0,0,"J3759_postknowledge","J664_postknowledge",44,0,1.45723295725473,-0.451405062337721
"J3769 J3884",2,"J3769 J3884",2,"J3769","J3884","knowledge","naive","knowledge naive",2,NA,NA,0,"knowledge",-0.381279752025634,-6.25,-0.522637627930578,"J3769_J3884","postknowledge","J3769_J3884_postknowledge",0,0,"J3769_postknowledge","J3884_postknowledge",0,3,-0.499376761210493,-0.272575680117757
"J3769 J4011",89,"J3769 J4011",89,"J3769","J4011","knowledge","naive","knowledge naive",89,NA,NA,0,"knowledge",9.78123417109448,80.75,6.75247815286307,"J3769_J4011","postknowledge","J3769_J4011_postknowledge",0,0,"J3769_postknowledge","J4011_postknowledge",0,0,-0.499376761210493,-0.451405062337721
"J3769 J4161",4,"J3769 J4161",4,"J3769","J4161","knowledge","naive","knowledge naive",4,NA,NA,0,"knowledge",-0.147658742298735,-4.25,-0.355393586992793,"J3769_J4161","postknowledge","J3769_J4161_postknowledge",0,0,"J3769_postknowledge","J4161_postknowledge",0,26,-0.499376761210493,1.09844958356863
"J3769 J42",2,"J3769 J42",2,"J3769","J42","knowledge","naive","knowledge naive",2,NA,NA,0,"knowledge",-0.381279752025634,-6.25,-0.522637627930578,"J3769_J42","postknowledge","J3769_J42_postknowledge",0,0,"J3769_postknowledge","J42_postknowledge",0,0,-0.499376761210493,-0.451405062337721
"J3769 J4315",2,"J3769 J4315",2,"J3769","J4315","knowledge","knowledge","knowledge knowledge",3,NA,NA,0,"knowledge",-0.264469247162184,-2.84134615384615,-0.576888114058005,"J3769_J4315","postknowledge","J3769_J4315_postknowledge",0,0,"J3769_postknowledge","J4315_postknowledge",0,9,-0.499376761210493,0.0850830843221708
"J3769 J4514",6,"J3769 J4514",6,"J3769","J4514","knowledge","knowledge","knowledge knowledge",6,NA,NA,0,"knowledge",0.0859622674281642,0.158653846153846,0.0322120266732896,"J3769_J4514","postknowledge","J3769_J4514_postknowledge",0,0,"J3769_postknowledge","J4514_postknowledge",0,18,-0.499376761210493,0.621571230982063
"J3769 J4654",9,"J3769 J4654",9,"J3769","J4654","knowledge","naive","knowledge naive",9,NA,NA,0,"knowledge",0.436393782018513,0.75,0.0627165153516694,"J3769_J4654","postknowledge","J3769_J4654_postknowledge",0,0,"J3769_postknowledge","J4654_postknowledge",0,4,-0.499376761210493,-0.212965886044436
"J3769 J4747",20,"J3769 J4747",20,"J3769","J4747","knowledge","naive","knowledge naive",20,NA,NA,0,"knowledge",1.72130933551646,11.75,0.982558740509487,"J3769_J4747","postknowledge","J3769_J4747_postknowledge",0,0,"J3769_postknowledge","J4747_postknowledge",0,77,-0.499376761210493,4.13854908130802
"J3769 J4752",1,"J3769 J4752",1,"J3769","J4752","knowledge","naive","knowledge naive",1,NA,NA,0,"knowledge",-0.498090256889084,-7.25,-0.606259648399471,"J3769_J4752","postknowledge","J3769_J4752_postknowledge",0,0,"J3769_postknowledge","J4752_postknowledge",0,2,-0.499376761210493,-0.332185474191078
"J3769 J4819",1,"J3769 J4819",1,"J3769","J4819","knowledge","naive","knowledge naive",1,NA,NA,0,"knowledge",-0.498090256889084,-7.25,-0.606259648399471,"J3769_J4819","postknowledge","J3769_J4819_postknowledge",0,0,"J3769_postknowledge","J4819_postknowledge",0,0,-0.499376761210493,-0.451405062337721
"J3769 J4967",9,"J3769 J4967",9,"J3769","J4967","knowledge","knowledge","knowledge knowledge",5.5,NA,NA,0,"knowledge",0.0275570149964394,-0.341346153846154,-0.0693046634485929,"J3769_J4967","postknowledge","J3769_J4967_postknowledge",0,0,"J3769_postknowledge","J4967_postknowledge",0,3,-0.499376761210493,-0.272575680117757
"J3769 J4982",4,"J3769 J4982",4,"J3769","J4982","knowledge","naive","knowledge naive",4,NA,NA,0,"knowledge",-0.147658742298735,-4.25,-0.355393586992793,"J3769_J4982","postknowledge","J3769_J4982_postknowledge",0,0,"J3769_postknowledge","J4982_postknowledge",0,1,-0.499376761210493,-0.3917952682644
"J3769 J5017",8,"J3769 J5017",8,"J3769","J5017","knowledge","naive","knowledge naive",8,NA,NA,0,"knowledge",0.319583277155063,-0.25,-0.0209055051172231,"J3769_J5017","postknowledge","J3769_J5017_postknowledge",0,0,"J3769_postknowledge","J5017_postknowledge",0,0,-0.499376761210493,-0.451405062337721
"J3769 J5146",21,"J3769 J5146",21,"J3769","J5146","knowledge","knowledge","knowledge knowledge",22.5,NA,NA,0,"knowledge",2.01333559767508,16.6586538461538,3.38226280069541,"J3769_J5146","postknowledge","J3769_J5146_postknowledge",0,0,"J3769_postknowledge","J5146_postknowledge",0,4,-0.499376761210493,-0.212965886044436
"J3769 J5167",26,"J3769 J5167",26,"J3769","J5167","knowledge","naive","knowledge naive",26,NA,NA,0,"knowledge",2.42217236469716,17.75,1.48429086332284,"J3769_J5167","postknowledge","J3769_J5167_postknowledge",0,0,"J3769_postknowledge","J5167_postknowledge",0,0,-0.499376761210493,-0.451405062337721
"J3769 J5215",4,"J3769 J5215",4,"J3769","J5215","knowledge","naive","knowledge naive",4,NA,NA,0,"knowledge",-0.147658742298735,-4.25,-0.355393586992793,"J3769_J5215","postknowledge","J3769_J5215_postknowledge",0,0,"J3769_postknowledge","J5215_postknowledge",0,10,-0.499376761210493,0.144692878395492
"J3769 J5309",4,"J3769 J5309",4,"J3769","J5309","knowledge","naive","knowledge naive",4,NA,NA,0,"knowledge",-0.147658742298735,-4.25,-0.355393586992793,"J3769_J5309","postknowledge","J3769_J5309_postknowledge",0,0,"J3769_postknowledge","J5309_postknowledge",0,18,-0.499376761210493,0.621571230982063
"J3769 J5316",10,"J3769 J5316",10,"J3769","J5316","knowledge","naive","knowledge naive",10,NA,NA,0,"knowledge",0.553204286881962,1.75,0.146338535820562,"J3769_J5316","postknowledge","J3769_J5316_postknowledge",0,0,"J3769_postknowledge","J5316_postknowledge",0,37,-0.499376761210493,1.75415731837517
"J3769 J5379",2,"J3769 J5379",2,"J3769","J5379","knowledge","naive","knowledge naive",2,NA,NA,0,"knowledge",-0.381279752025634,-6.25,-0.522637627930578,"J3769_J5379","postknowledge","J3769_J5379_postknowledge",0,0,"J3769_postknowledge","J5379_postknowledge",0,7,-0.499376761210493,-0.0341365038244718
"J3769 J5456",1,"J3769 J5456",1,"J3769","J5456","knowledge","naive","knowledge naive",1,NA,NA,0,"knowledge",-0.498090256889084,-7.25,-0.606259648399471,"J3769_J5456","postknowledge","J3769_J5456_postknowledge",0,0,"J3769_postknowledge","J5456_postknowledge",0,5,-0.499376761210493,-0.153356091971114
"J3769 J5475",3,"J3769 J5475",3,"J3769","J5475","knowledge","naive","knowledge naive",3,NA,NA,0,"knowledge",-0.264469247162184,-5.25,-0.439015607461686,"J3769_J5475","postknowledge","J3769_J5475_postknowledge",0,0,"J3769_postknowledge","J5475_postknowledge",0,0,-0.499376761210493,-0.451405062337721
"J3769 J5477",14,"J3769 J5477",14,"J3769","J5477","knowledge","naive","knowledge naive",14,NA,NA,0,"knowledge",1.02044630633576,5.75,0.480826617696132,"J3769_J5477","postknowledge","J3769_J5477_postknowledge",0,0,"J3769_postknowledge","J5477_postknowledge",0,36,-0.499376761210493,1.69454752430185
"J3769 J5489",15,"J3769 J5489",15,"J3769","J5489","knowledge","naive","knowledge naive",15,NA,NA,0,"knowledge",1.13725681119921,6.75,0.564448638165024,"J3769_J5489","postknowledge","J3769_J5489_postknowledge",0,0,"J3769_postknowledge","J5489_postknowledge",0,1,-0.499376761210493,-0.3917952682644
"J3769 J5519",5,"J3769 J5519",5,"J3769","J5519","knowledge","naive","knowledge naive",5,NA,NA,0,"knowledge",-0.0308482374352854,-3.25,-0.271771566523901,"J3769_J5519","postknowledge","J3769_J5519_postknowledge",0,0,"J3769_postknowledge","J5519_postknowledge",0,53,-0.499376761210493,2.70791402354831
"J3769 J5607",15,"J3769 J5607",15,"J3769","J5607","knowledge","naive","knowledge naive",15,NA,NA,0,"knowledge",1.13725681119921,6.75,0.564448638165024,"J3769_J5607","postknowledge","J3769_J5607_postknowledge",0,0,"J3769_postknowledge","J5607_postknowledge",0,26,-0.499376761210493,1.09844958356863
"J3769 J5645",4,"J3769 J5645",4,"J3769","J5645","knowledge","naive","knowledge naive",4,NA,NA,0,"knowledge",-0.147658742298735,-4.25,-0.355393586992793,"J3769_J5645","postknowledge","J3769_J5645_postknowledge",0,0,"J3769_postknowledge","J5645_postknowledge",0,0,-0.499376761210493,-0.451405062337721
"J3769 J5651",5,"J3769 J5651",5,"J3769","J5651","knowledge","naive","knowledge naive",5,NA,NA,0,"knowledge",-0.0308482374352854,-3.25,-0.271771566523901,"J3769_J5651","postknowledge","J3769_J5651_postknowledge",0,0,"J3769_postknowledge","J5651_postknowledge",0,0,-0.499376761210493,-0.451405062337721
"J3769 J5658",1,"J3769 J5658",1,"J3769","J5658","knowledge","naive","knowledge naive",1,NA,NA,0,"knowledge",-0.498090256889084,-7.25,-0.606259648399471,"J3769_J5658","postknowledge","J3769_J5658_postknowledge",0,0,"J3769_postknowledge","J5658_postknowledge",0,0,-0.499376761210493,-0.451405062337721
"J3769 J5701",2,"J3769 J5701",2,"J3769","J5701","knowledge","naive","knowledge naive",2,NA,NA,0,"knowledge",-0.381279752025634,-6.25,-0.522637627930578,"J3769_J5701","postknowledge","J3769_J5701_postknowledge",0,0,"J3769_postknowledge","J5701_postknowledge",0,0,-0.499376761210493,-0.451405062337721
"J3769 J5742",2,"J3769 J5742",2,"J3769","J5742","knowledge","naive","knowledge naive",2,NA,NA,0,"knowledge",-0.381279752025634,-6.25,-0.522637627930578,"J3769_J5742","postknowledge","J3769_J5742_postknowledge",0,0,"J3769_postknowledge","J5742_postknowledge",0,0,-0.499376761210493,-0.451405062337721
"J3769 J5810",6,"J3769 J5810",6,"J3769","J5810","knowledge","knowledge","knowledge knowledge",6,NA,NA,0,"knowledge",0.0859622674281642,0.158653846153846,0.0322120266732896,"J3769_J5810","postknowledge","J3769_J5810_postknowledge",0,0,"J3769_postknowledge","J5810_postknowledge",0,0,-0.499376761210493,-0.451405062337721
"J3769 J5827",4,"J3769 J5827",4,"J3769","J5827","knowledge","naive","knowledge naive",4,NA,NA,0,"knowledge",-0.147658742298735,-4.25,-0.355393586992793,"J3769_J5827","postknowledge","J3769_J5827_postknowledge",0,0,"J3769_postknowledge","J5827_postknowledge",0,0,-0.499376761210493,-0.451405062337721
"J3769 J5874",2,"J3769 J5874",2,"J3769","J5874","knowledge","naive","knowledge naive",2,NA,NA,0,"knowledge",-0.381279752025634,-6.25,-0.522637627930578,"J3769_J5874","postknowledge","J3769_J5874_postknowledge",0,0,"J3769_postknowledge","J5874_postknowledge",0,0,-0.499376761210493,-0.451405062337721
"J3769 J5922",1,"J3769 J5922",1,"J3769","J5922","knowledge","naive","knowledge naive",1,NA,NA,0,"knowledge",-0.498090256889084,-7.25,-0.606259648399471,"J3769_J5922","postknowledge","J3769_J5922_postknowledge",0,0,"J3769_postknowledge","J5922_postknowledge",0,0,-0.499376761210493,-0.451405062337721
"J3769 J5939",34,"J3769 J5939",34,"J3769","J5939","knowledge","naive","knowledge naive",34,NA,NA,0,"knowledge",3.35665640360475,25.75,2.15326702707398,"J3769_J5939","postknowledge","J3769_J5939_postknowledge",0,0,"J3769_postknowledge","J5939_postknowledge",0,0,-0.499376761210493,-0.451405062337721
"J3769 J5963",47,"J3769 J5963",47,"J3769","J5963","knowledge","naive","knowledge naive",47,NA,NA,0,"knowledge",4.8751929668296,38.75,3.24035329316958,"J3769_J5963","postknowledge","J3769_J5963_postknowledge",0,0,"J3769_postknowledge","J5963_postknowledge",0,0,-0.499376761210493,-0.451405062337721
"J3769 J5964",21,"J3769 J5964",21,"J3769","J5964","knowledge","naive","knowledge naive",21,NA,NA,0,"knowledge",1.83811984037991,12.75,1.06618076097838,"J3769_J5964","postknowledge","J3769_J5964_postknowledge",0,0,"J3769_postknowledge","J5964_postknowledge",0,0,-0.499376761210493,-0.451405062337721
"J3769 J933",1,"J3769 J933",1,"J3769","J933","knowledge","naive","knowledge naive",1,NA,NA,0,"knowledge",-0.498090256889084,-7.25,-0.606259648399471,"J3769_J933","postknowledge","J3769_J933_postknowledge",0,0,"J3769_postknowledge","J933_postknowledge",0,0,-0.499376761210493,-0.451405062337721
"J4162 J3777",3,"J4162 J3777",3,"J3777","J4162","knowledge","naive","knowledge naive",3,NA,NA,0,"knowledge",-0.264469247162184,-5.25,-0.439015607461686,"J3777_J4162","postknowledge","J3777_J4162_postknowledge",0,0,"J3777_postknowledge","J4162_postknowledge",0,3,-0.499376761210493,-0.272575680117757
"J5146 J3777",2,"J5146 J3777",2,"J3777","J5146","knowledge","naive","knowledge naive",2,NA,NA,0,"knowledge",-0.381279752025634,-6.25,-0.522637627930578,"J3777_J5146","postknowledge","J3777_J5146_postknowledge",0,0,"J3777_postknowledge","J5146_postknowledge",0,4,-0.499376761210493,-0.212965886044436
"J5316 J3777",2,"J5316 J3777",2,"J3777","J5316","naive","naive","naive naive",2,NA,NA,0,"naive",-0.381279752025634,-1.32224958949097,-0.270286137471486,"J3777_J5316","postknowledge","J3777_J5316_postknowledge",0,0,"J3777_postknowledge","J5316_postknowledge",0,37,-0.499376761210493,1.75415731837517
"J5477 J3777",2,"J5477 J3777",2,"J3777","J5477","naive","naive","naive naive",2,NA,NA,0,"naive",-0.381279752025634,-1.32224958949097,-0.270286137471486,"J3777_J5477","postknowledge","J3777_J5477_postknowledge",0,0,"J3777_postknowledge","J5477_postknowledge",0,36,-0.499376761210493,1.69454752430185
"J4967 J3822",1,"J4967 J3822",1,"J3822","J4967","knowledge","naive","knowledge naive",1,NA,NA,0,"knowledge",-0.498090256889084,-7.25,-0.606259648399471,"J3822_J4967","postknowledge","J3822_J4967_postknowledge",0,0,"J3822_postknowledge","J4967_postknowledge",0,3,-0.499376761210493,-0.272575680117757
"J4304 J3845",2,"J4304 J3845",2,"J3845","J4304","knowledge","naive","knowledge naive",2,NA,NA,0,"knowledge",-0.381279752025634,-6.25,-0.522637627930578,"J3845_J4304","postknowledge","J3845_J4304_postknowledge",0,0,"J3845_postknowledge","J4304_postknowledge",13,0,0.0787124737905954,-0.451405062337721
"J4315 J3884",2,"J4315 J3884",2,"J3884","J4315","knowledge","naive","knowledge naive",2,NA,NA,0,"knowledge",-0.381279752025634,-6.25,-0.522637627930578,"J3884_J4315","postknowledge","J3884_J4315_postknowledge",0,0,"J3884_postknowledge","J4315_postknowledge",3,9,-0.365971553133319,0.0850830843221708
"J4514 J3884",2,"J4514 J3884",2,"J3884","J4514","knowledge","naive","knowledge naive",2,NA,NA,0,"knowledge",-0.381279752025634,-6.25,-0.522637627930578,"J3884_J4514","postknowledge","J3884_J4514_postknowledge",0,0,"J3884_postknowledge","J4514_postknowledge",3,18,-0.365971553133319,0.621571230982063
"J3884 J4747",3,"J3884 J4747",3,"J3884","J4747","naive","naive","naive naive",2,NA,NA,0,"naive",-0.381279752025634,-1.32224958949097,-0.270286137471486,"J3884_J4747","postknowledge","J3884_J4747_postknowledge",1,1,"J3884_postknowledge","J4747_postknowledge",3,77,-0.365971553133319,4.13854908130802
"J4982 J3884",1,"J4982 J3884",1,"J3884","J4982","naive","naive","naive naive",1,NA,NA,0,"naive",-0.498090256889084,-2.32224958949097,-0.474699993690219,"J3884_J4982","postknowledge","J3884_J4982_postknowledge",0,0,"J3884_postknowledge","J4982_postknowledge",3,1,-0.365971553133319,-0.3917952682644
"J5146 J3884",32,"J5146 J3884",32,"J3884","J5146","knowledge","naive","knowledge naive",32,NA,NA,0,"knowledge",3.12303539387785,23.75,1.9860229861362,"J3884_J5146","postknowledge","J3884_J5146_postknowledge",0,0,"J3884_postknowledge","J5146_postknowledge",3,4,-0.365971553133319,-0.212965886044436
"J5215 J3884",1,"J5215 J3884",1,"J3884","J5215","naive","naive","naive naive",1,NA,NA,0,"naive",-0.498090256889084,-2.32224958949097,-0.474699993690219,"J3884_J5215","postknowledge","J3884_J5215_postknowledge",0,0,"J3884_postknowledge","J5215_postknowledge",3,10,-0.365971553133319,0.144692878395492
"J5477 J3884",2,"J5477 J3884",2,"J3884","J5477","naive","naive","naive naive",2,NA,NA,0,"naive",-0.381279752025634,-1.32224958949097,-0.270286137471486,"J3884_J5477","postknowledge","J3884_J5477_postknowledge",0,0,"J3884_postknowledge","J5477_postknowledge",3,36,-0.365971553133319,1.69454752430185
"J5651 J3884",1,"J5651 J3884",1,"J3884","J5651","naive","naive","naive naive",1,NA,NA,0,"naive",-0.498090256889084,-2.32224958949097,-0.474699993690219,"J3884_J5651","postknowledge","J3884_J5651_postknowledge",0,0,"J3884_postknowledge","J5651_postknowledge",3,0,-0.365971553133319,-0.451405062337721
"J5658 J3884",3,"J5658 J3884",3,"J3884","J5658","naive","naive","naive naive",3,NA,NA,0,"naive",-0.264469247162184,-0.322249589490969,-0.0658722812527527,"J3884_J5658","postknowledge","J3884_J5658_postknowledge",0,0,"J3884_postknowledge","J5658_postknowledge",3,0,-0.365971553133319,-0.451405062337721
"J5728A J3884",3,"J5728A J3884",3,"J3884","J5728A","naive","naive","naive naive",3,NA,NA,0,"naive",-0.264469247162184,-0.322249589490969,-0.0658722812527527,"J3884_J5728A","postknowledge","J3884_J5728A_postknowledge",0,0,"J3884_postknowledge","J5728A_postknowledge",3,0,-0.365971553133319,-0.451405062337721
"J3884 J5806",2,"J3884 J5806",2,"J3884","J5806","naive","naive","naive naive",2,NA,NA,0,"naive",-0.381279752025634,-1.32224958949097,-0.270286137471486,"J3884_J5806","postknowledge","J3884_J5806_postknowledge",0,0,"J3884_postknowledge","J5806_postknowledge",3,0,-0.365971553133319,-0.451405062337721
"J5810 J3884",7,"J5810 J3884",7,"J3884","J5810","knowledge","naive","knowledge naive",7,NA,NA,0,"knowledge",0.202772772291614,-1.25,-0.104527525586116,"J3884_J5810","postknowledge","J3884_J5810_postknowledge",0,0,"J3884_postknowledge","J5810_postknowledge",3,0,-0.365971553133319,-0.451405062337721
"J5827 J3884",1,"J5827 J3884",1,"J3884","J5827","naive","naive","naive naive",1,NA,NA,0,"naive",-0.498090256889084,-2.32224958949097,-0.474699993690219,"J3884_J5827","postknowledge","J3884_J5827_postknowledge",0,0,"J3884_postknowledge","J5827_postknowledge",3,0,-0.365971553133319,-0.451405062337721
"J5922 J3884",1,"J5922 J3884",1,"J3884","J5922","naive","naive","naive naive",1,NA,NA,0,"naive",-0.498090256889084,-2.32224958949097,-0.474699993690219,"J3884_J5922","postknowledge","J3884_J5922_postknowledge",0,0,"J3884_postknowledge","J5922_postknowledge",3,0,-0.365971553133319,-0.451405062337721
"J5939 J3884",8,"J5939 J3884",8,"J3884","J5939","naive","naive","naive naive",8,NA,NA,0,"naive",0.319583277155063,4.67775041050903,0.956196999840914,"J3884_J5939","postknowledge","J3884_J5939_postknowledge",0,0,"J3884_postknowledge","J5939_postknowledge",3,0,-0.365971553133319,-0.451405062337721
"J3884 J5963",2,"J3884 J5963",2,"J3884","J5963","naive","naive","naive naive",2,NA,NA,0,"naive",-0.381279752025634,-1.32224958949097,-0.270286137471486,"J3884_J5963","postknowledge","J3884_J5963_postknowledge",0,0,"J3884_postknowledge","J5963_postknowledge",3,0,-0.365971553133319,-0.451405062337721
"J6017 J3884",1,"J6017 J3884",1,"J3884","J6017","naive","naive","naive naive",1,NA,NA,0,"naive",-0.498090256889084,-2.32224958949097,-0.474699993690219,"J3884_J6017","postknowledge","J3884_J6017_postknowledge",0,0,"J3884_postknowledge","J6017_postknowledge",3,0,-0.365971553133319,-0.451405062337721
"J3899 J4104",6,"J3899 J4104",6,"J3899","J4104","naive","naive","naive naive",3.5,NA,NA,0,"naive",-0.20606399473046,0.177750410509031,0.0363346468566139,"J3899_J4104","postknowledge","J3899_J4104_postknowledge",0,0,"J3899_postknowledge","J4104_postknowledge",13,0,0.0787124737905954,-0.451405062337721
"J3899 J4151",3,"J3899 J4151",3,"J3899","J4151","naive","naive","naive naive",3,NA,NA,0,"naive",-0.264469247162184,-0.322249589490969,-0.0658722812527527,"J3899_J4151","postknowledge","J3899_J4151_postknowledge",1,1,"J3899_postknowledge","J4151_postknowledge",13,26,0.0787124737905954,1.09844958356863
"J5053 J3899",2,"J5053 J3899",2,"J3899","J5053","knowledge","naive","knowledge naive",2,NA,NA,0,"knowledge",-0.381279752025634,-6.25,-0.522637627930578,"J3899_J5053","postknowledge","J3899_J5053_postknowledge",1,1,"J3899_postknowledge","J5053_postknowledge",13,56,0.0787124737905954,2.88674340576827
"J5089 J3899",2,"J5089 J3899",2,"J3899","J5089","knowledge","naive","knowledge naive",2,NA,NA,0,"knowledge",-0.381279752025634,-6.25,-0.522637627930578,"J3899_J5089","postknowledge","J3899_J5089_postknowledge",0,0,"J3899_postknowledge","J5089_postknowledge",13,0,0.0787124737905954,-0.451405062337721
"J5694 J3899",5,"J5694 J3899",5,"J3899","J5694","knowledge","naive","knowledge naive",5,NA,NA,0,"knowledge",-0.0308482374352854,-3.25,-0.271771566523901,"J3899_J5694","postknowledge","J3899_J5694_postknowledge",0,0,"J3899_postknowledge","J5694_postknowledge",13,0,0.0787124737905954,-0.451405062337721
"J5695 J3899",2,"J5695 J3899",2,"J3899","J5695","knowledge","naive","knowledge naive",2,NA,NA,0,"knowledge",-0.381279752025634,-6.25,-0.522637627930578,"J3899_J5695","postknowledge","J3899_J5695_postknowledge",0,0,"J3899_postknowledge","J5695_postknowledge",13,0,0.0787124737905954,-0.451405062337721
"J5888 J3899",2,"J5888 J3899",2,"J3899","J5888","naive","naive","naive naive",2,NA,NA,0,"naive",-0.381279752025634,-1.32224958949097,-0.270286137471486,"J3899_J5888","postknowledge","J3899_J5888_postknowledge",0,0,"J3899_postknowledge","J5888_postknowledge",13,0,0.0787124737905954,-0.451405062337721
"J972 J3899",1,"J972 J3899",1,"J3899","J972","naive","naive","naive naive",1,NA,NA,0,"naive",-0.498090256889084,-2.32224958949097,-0.474699993690219,"J3899_J972","postknowledge","J3899_J972_postknowledge",0,0,"J3899_postknowledge","J972_postknowledge",13,0,0.0787124737905954,-0.451405062337721
"J3987 J4044",9,"J3987 J4044",9,"J3987","J4044","knowledge","naive","knowledge naive",9,0.00775193798449612,NA,1,"knowledge",0.436393782018513,0.75,0.0627165153516694,"J3987_J4044","postknowledge","J3987_J4044_postknowledge",0,0,"J3987_postknowledge","J4044_postknowledge",11,0,-0.0102243315941875,-0.451405062337721
"J3987 J4104",7,"J3987 J4104",7,"J3987","J4104","knowledge","naive","knowledge naive",7,NA,NA,0,"knowledge",0.202772772291614,-1.25,-0.104527525586116,"J3987_J4104","postknowledge","J3987_J4104_postknowledge",0,0,"J3987_postknowledge","J4104_postknowledge",11,0,-0.0102243315941875,-0.451405062337721
"J3987 J4151",3,"J3987 J4151",3,"J3987","J4151","knowledge","naive","knowledge naive",3,NA,NA,0,"knowledge",-0.264469247162184,-5.25,-0.439015607461686,"J3987_J4151","postknowledge","J3987_J4151_postknowledge",0,0,"J3987_postknowledge","J4151_postknowledge",11,26,-0.0102243315941875,1.09844958356863
"J3987 J4304",6,"J3987 J4304",6,"J3987","J4304","knowledge","knowledge","knowledge knowledge",6.5,NA,NA,0,"knowledge",0.144367519859889,0.658653846153846,0.133728716795172,"J3987_J4304","postknowledge","J3987_J4304_postknowledge",0,0,"J3987_postknowledge","J4304_postknowledge",11,0,-0.0102243315941875,-0.451405062337721
"J3987 J4514",2,"J3987 J4514",2,"J3987","J4514","knowledge","knowledge","knowledge knowledge",2,NA,NA,0,"knowledge",-0.381279752025634,-3.84134615384615,-0.77992149430177,"J3987_J4514","postknowledge","J3987_J4514_postknowledge",0,0,"J3987_postknowledge","J4514_postknowledge",11,18,-0.0102243315941875,0.621571230982063
"J4521 J3987",5,"J4521 J3987",5,"J3987","J4521","knowledge","knowledge","knowledge knowledge",5,NA,NA,0,"knowledge",-0.0308482374352854,-0.841346153846154,-0.170821353570475,"J3987_J4521","postknowledge","J3987_J4521_postknowledge",0,0,"J3987_postknowledge","J4521_postknowledge",11,60,-0.0102243315941875,3.12518258206156
"J3987 J4654",2,"J3987 J4654",2,"J3987","J4654","knowledge","naive","knowledge naive",2,NA,NA,0,"knowledge",-0.381279752025634,-6.25,-0.522637627930578,"J3987_J4654","postknowledge","J3987_J4654_postknowledge",0,0,"J3987_postknowledge","J4654_postknowledge",11,4,-0.0102243315941875,-0.212965886044436
"J3987 J4747",3,"J3987 J4747",3,"J3987","J4747","knowledge","naive","knowledge naive",3,NA,NA,0,"knowledge",-0.264469247162184,-5.25,-0.439015607461686,"J3987_J4747","postknowledge","J3987_J4747_postknowledge",0,0,"J3987_postknowledge","J4747_postknowledge",11,77,-0.0102243315941875,4.13854908130802
"J3987 J4770",5,"J3987 J4770",5,"J3987","J4770","knowledge","naive","knowledge naive",5,NA,NA,0,"knowledge",-0.0308482374352854,-3.25,-0.271771566523901,"J3987_J4770","postknowledge","J3987_J4770_postknowledge",0,0,"J3987_postknowledge","J4770_postknowledge",11,1,-0.0102243315941875,-0.3917952682644
"J3987 J4776",1,"J3987 J4776",1,"J3987","J4776","knowledge","naive","knowledge naive",1,NA,NA,0,"knowledge",-0.498090256889084,-7.25,-0.606259648399471,"J3987_J4776","postknowledge","J3987_J4776_postknowledge",1,1,"J3987_postknowledge","J4776_postknowledge",11,3,-0.0102243315941875,-0.272575680117757
"J3987 J4951",10,"J3987 J4951",10,"J3987","J4951","knowledge","naive","knowledge naive",10,NA,NA,0,"knowledge",0.553204286881962,1.75,0.146338535820562,"J3987_J4951","postknowledge","J3987_J4951_postknowledge",0,0,"J3987_postknowledge","J4951_postknowledge",11,0,-0.0102243315941875,-0.451405062337721
"J3987 J4982",2,"J3987 J4982",2,"J3987","J4982","knowledge","naive","knowledge naive",2,NA,NA,0,"knowledge",-0.381279752025634,-6.25,-0.522637627930578,"J3987_J4982","postknowledge","J3987_J4982_postknowledge",0,0,"J3987_postknowledge","J4982_postknowledge",11,1,-0.0102243315941875,-0.3917952682644
"J3987 J5012",8,"J3987 J5012",8,"J3987","J5012","knowledge","naive","knowledge naive",8,NA,NA,0,"knowledge",0.319583277155063,-0.25,-0.0209055051172231,"J3987_J5012","postknowledge","J3987_J5012_postknowledge",0,0,"J3987_postknowledge","J5012_postknowledge",11,21,-0.0102243315941875,0.800400613202027
"J3987 J505",6,"J3987 J505",6,"J3987","J505","knowledge","naive","knowledge naive",6,0.0434782608695652,NA,1,"knowledge",0.0859622674281642,-2.25,-0.188149546055008,"J3987_J505","postknowledge","J3987_J505_postknowledge",1,1,"J3987_postknowledge","J505_postknowledge",11,22,-0.0102243315941875,0.860010407275348
"J3987 J5053",5,"J3987 J5053",5,"J3987","J5053","knowledge","knowledge","knowledge knowledge",3,NA,NA,0,"knowledge",-0.264469247162184,-2.84134615384615,-0.576888114058005,"J3987_J5053","postknowledge","J3987_J5053_postknowledge",0,0,"J3987_postknowledge","J5053_postknowledge",11,56,-0.0102243315941875,2.88674340576827
"J3987 J5056",1,"J3987 J5056",1,"J3987","J5056","knowledge","naive","knowledge naive",1,NA,NA,0,"knowledge",-0.498090256889084,-7.25,-0.606259648399471,"J3987_J5056","postknowledge","J3987_J5056_postknowledge",0,0,"J3987_postknowledge","J5056_postknowledge",11,0,-0.0102243315941875,-0.451405062337721
"J3987 J5087",6,"J3987 J5087",6,"J3987","J5087","knowledge","naive","knowledge naive",6,NA,NA,0,"knowledge",0.0859622674281642,-2.25,-0.188149546055008,"J3987_J5087","postknowledge","J3987_J5087_postknowledge",0,0,"J3987_postknowledge","J5087_postknowledge",11,0,-0.0102243315941875,-0.451405062337721
"J5089 J3987",11,"J5089 J3987",11,"J3987","J5089","knowledge","knowledge","knowledge knowledge",11,NA,NA,0,"knowledge",0.670014791745412,5.15865384615385,1.04737892789211,"J3987_J5089","postknowledge","J3987_J5089_postknowledge",0,0,"J3987_postknowledge","J5089_postknowledge",11,0,-0.0102243315941875,-0.451405062337721
"J3987 J5121",1,"J3987 J5121",1,"J3987","J5121","knowledge","knowledge","knowledge knowledge",1,NA,NA,0,"knowledge",-0.498090256889084,-4.84134615384615,-0.982954874545535,"J3987_J5121","postknowledge","J3987_J5121_postknowledge",0,0,"J3987_postknowledge","J5121_postknowledge",11,25,-0.0102243315941875,1.03883978949531
"J3987 J5316",1,"J3987 J5316",1,"J3987","J5316","knowledge","naive","knowledge naive",1,NA,NA,0,"knowledge",-0.498090256889084,-7.25,-0.606259648399471,"J3987_J5316","postknowledge","J3987_J5316_postknowledge",2,1,"J3987_postknowledge","J5316_postknowledge",11,37,-0.0102243315941875,1.75415731837517
"J5694 J3987",6,"J5694 J3987",6,"J3987","J5694","knowledge","knowledge","knowledge knowledge",6,NA,NA,0,"knowledge",0.0859622674281642,0.158653846153846,0.0322120266732896,"J3987_J5694","postknowledge","J3987_J5694_postknowledge",0,0,"J3987_postknowledge","J5694_postknowledge",11,0,-0.0102243315941875,-0.451405062337721
"J3987 J5695",2,"J3987 J5695",2,"J3987","J5695","knowledge","knowledge","knowledge knowledge",3,NA,NA,0,"knowledge",-0.264469247162184,-2.84134615384615,-0.576888114058005,"J3987_J5695","postknowledge","J3987_J5695_postknowledge",0,0,"J3987_postknowledge","J5695_postknowledge",11,0,-0.0102243315941875,-0.451405062337721
"J3987 J5723A",2,"J3987 J5723A",2,"J3987","J5723A","knowledge","naive","knowledge naive",2,NA,NA,0,"knowledge",-0.381279752025634,-6.25,-0.522637627930578,"J3987_J5723A","postknowledge","J3987_J5723A_postknowledge",0,0,"J3987_postknowledge","J5723A_postknowledge",11,0,-0.0102243315941875,-0.451405062337721
"J3987 J5728B",2,"J3987 J5728B",2,"J3987","J5728B","knowledge","naive","knowledge naive",2,0.0344827586206897,NA,1,"knowledge",-0.381279752025634,-6.25,-0.522637627930578,"J3987_J5728B","postknowledge","J3987_J5728B_postknowledge",0,0,"J3987_postknowledge","J5728B_postknowledge",11,0,-0.0102243315941875,-0.451405062337721
"J5730 J3987",1,"J5730 J3987",1,"J3987","J5730","knowledge","knowledge","knowledge knowledge",1,NA,NA,0,"knowledge",-0.498090256889084,-4.84134615384615,-0.982954874545535,"J3987_J5730","postknowledge","J3987_J5730_postknowledge",0,0,"J3987_postknowledge","J5730_postknowledge",11,0,-0.0102243315941875,-0.451405062337721
"J3987 J5763",3,"J3987 J5763",3,"J3987","J5763","knowledge","naive","knowledge naive",3,0.0136986301369863,NA,1,"knowledge",-0.264469247162184,-5.25,-0.439015607461686,"J3987_J5763","postknowledge","J3987_J5763_postknowledge",0,0,"J3987_postknowledge","J5763_postknowledge",11,0,-0.0102243315941875,-0.451405062337721
"J3987 J5766",6,"J3987 J5766",6,"J3987","J5766","knowledge","naive","knowledge naive",6,NA,NA,0,"knowledge",0.0859622674281642,-2.25,-0.188149546055008,"J3987_J5766","postknowledge","J3987_J5766_postknowledge",0,0,"J3987_postknowledge","J5766_postknowledge",11,0,-0.0102243315941875,-0.451405062337721
"J3987 J5888",1,"J3987 J5888",1,"J3987","J5888","knowledge","naive","knowledge naive",1,NA,NA,0,"knowledge",-0.498090256889084,-7.25,-0.606259648399471,"J3987_J5888","postknowledge","J3987_J5888_postknowledge",0,0,"J3987_postknowledge","J5888_postknowledge",11,0,-0.0102243315941875,-0.451405062337721
"J3987 J6056",2,"J3987 J6056",2,"J3987","J6056","knowledge","naive","knowledge naive",2,NA,NA,0,"knowledge",-0.381279752025634,-6.25,-0.522637627930578,"J3987_J6056","postknowledge","J3987_J6056_postknowledge",0,0,"J3987_postknowledge","J6056_postknowledge",11,0,-0.0102243315941875,-0.451405062337721
"J4315 J4011",7,"J4315 J4011",7,"J4011","J4315","knowledge","naive","knowledge naive",7,NA,NA,0,"knowledge",0.202772772291614,-1.25,-0.104527525586116,"J4011_J4315","postknowledge","J4011_J4315_postknowledge",0,0,"J4011_postknowledge","J4315_postknowledge",0,9,-0.499376761210493,0.0850830843221708
"J4514 J4011",21,"J4514 J4011",21,"J4011","J4514","knowledge","naive","knowledge naive",21,NA,NA,0,"knowledge",1.83811984037991,12.75,1.06618076097838,"J4011_J4514","postknowledge","J4011_J4514_postknowledge",0,0,"J4011_postknowledge","J4514_postknowledge",0,18,-0.499376761210493,0.621571230982063
"J4011 J4654",1,"J4011 J4654",1,"J4011","J4654","naive","naive","naive naive",3.5,NA,NA,0,"naive",-0.20606399473046,0.177750410509031,0.0363346468566139,"J4011_J4654","postknowledge","J4011_J4654_postknowledge",0,0,"J4011_postknowledge","J4654_postknowledge",0,4,-0.499376761210493,-0.212965886044436
"J4747 J4011",2,"J4747 J4011",2,"J4011","J4747","naive","naive","naive naive",2,NA,NA,0,"naive",-0.381279752025634,-1.32224958949097,-0.270286137471486,"J4011_J4747","postknowledge","J4011_J4747_postknowledge",0,0,"J4011_postknowledge","J4747_postknowledge",0,77,-0.499376761210493,4.13854908130802
"J4967 J4011",12,"J4967 J4011",12,"J4011","J4967","knowledge","naive","knowledge naive",12,NA,NA,0,"knowledge",0.786825296608862,3.75,0.313582576758347,"J4011_J4967","postknowledge","J4011_J4967_postknowledge",0,0,"J4011_postknowledge","J4967_postknowledge",0,3,-0.499376761210493,-0.272575680117757
"J4982 J4011",4,"J4982 J4011",4,"J4011","J4982","naive","naive","naive naive",4,NA,NA,0,"naive",-0.147658742298735,0.677750410509031,0.138541574965981,"J4011_J4982","postknowledge","J4011_J4982_postknowledge",0,0,"J4011_postknowledge","J4982_postknowledge",0,1,-0.499376761210493,-0.3917952682644
"J4011 J5043",2,"J4011 J5043",2,"J4011","J5043","naive","naive","naive naive",2,NA,NA,0,"naive",-0.381279752025634,-1.32224958949097,-0.270286137471486,"J4011_J5043","postknowledge","J4011_J5043_postknowledge",0,0,"J4011_postknowledge","J5043_postknowledge",0,2,-0.499376761210493,-0.332185474191078
"J5146 J4011",49,"J5146 J4011",49,"J4011","J5146","knowledge","naive","knowledge naive",49,NA,NA,0,"knowledge",5.1088139765565,40.75,3.40759733410737,"J4011_J5146","postknowledge","J4011_J5146_postknowledge",0,0,"J4011_postknowledge","J5146_postknowledge",0,4,-0.499376761210493,-0.212965886044436
"J5167 J4011",3,"J5167 J4011",3,"J4011","J5167","naive","naive","naive naive",3,NA,NA,0,"naive",-0.264469247162184,-0.322249589490969,-0.0658722812527527,"J4011_J5167","postknowledge","J4011_J5167_postknowledge",0,0,"J4011_postknowledge","J5167_postknowledge",0,0,-0.499376761210493,-0.451405062337721
"J5215 J4011",6,"J5215 J4011",6,"J4011","J5215","naive","naive","naive naive",6,NA,NA,0,"naive",0.0859622674281642,2.67775041050903,0.547369287403447,"J4011_J5215","postknowledge","J4011_J5215_postknowledge",0,0,"J4011_postknowledge","J5215_postknowledge",0,10,-0.499376761210493,0.144692878395492
"J5238 J4011",4,"J5238 J4011",4,"J4011","J5238","naive","naive","naive naive",4,NA,NA,0,"naive",-0.147658742298735,0.677750410509031,0.138541574965981,"J4011_J5238","postknowledge","J4011_J5238_postknowledge",0,0,"J4011_postknowledge","J5238_postknowledge",0,0,-0.499376761210493,-0.451405062337721
"J5316 J4011",4,"J5316 J4011",4,"J4011","J5316","naive","naive","naive naive",4,NA,NA,0,"naive",-0.147658742298735,0.677750410509031,0.138541574965981,"J4011_J5316","postknowledge","J4011_J5316_postknowledge",0,0,"J4011_postknowledge","J5316_postknowledge",0,37,-0.499376761210493,1.75415731837517
"J4011 J5607",1,"J4011 J5607",1,"J4011","J5607","naive","naive","naive naive",3.5,NA,NA,0,"naive",-0.20606399473046,0.177750410509031,0.0363346468566139,"J4011_J5607","postknowledge","J4011_J5607_postknowledge",0,0,"J4011_postknowledge","J5607_postknowledge",0,26,-0.499376761210493,1.09844958356863
"J5645 J4011",8,"J5645 J4011",8,"J4011","J5645","naive","naive","naive naive",8,NA,NA,0,"naive",0.319583277155063,4.67775041050903,0.956196999840914,"J4011_J5645","postknowledge","J4011_J5645_postknowledge",0,0,"J4011_postknowledge","J5645_postknowledge",0,0,-0.499376761210493,-0.451405062337721
"J4011 J5651",1,"J4011 J5651",1,"J4011","J5651","naive","naive","naive naive",1,NA,NA,0,"naive",-0.498090256889084,-2.32224958949097,-0.474699993690219,"J4011_J5651","postknowledge","J4011_J5651_postknowledge",0,0,"J4011_postknowledge","J5651_postknowledge",0,0,-0.499376761210493,-0.451405062337721
"J5657A J4011",3,"J5657A J4011",3,"J4011","J5657A","naive","naive","naive naive",3,NA,NA,0,"naive",-0.264469247162184,-0.322249589490969,-0.0658722812527527,"J4011_J5657A","postknowledge","J4011_J5657A_postknowledge",0,0,"J4011_postknowledge","J5657A_postknowledge",0,0,-0.499376761210493,-0.451405062337721
"J5811 J4011",2,"J5811 J4011",2,"J4011","J5811","naive","naive","naive naive",2,NA,NA,0,"naive",-0.381279752025634,-1.32224958949097,-0.270286137471486,"J4011_J5811","postknowledge","J4011_J5811_postknowledge",0,0,"J4011_postknowledge","J5811_postknowledge",0,0,-0.499376761210493,-0.451405062337721
"J5827 J4011",4,"J5827 J4011",4,"J4011","J5827","naive","naive","naive naive",4,NA,NA,0,"naive",-0.147658742298735,0.677750410509031,0.138541574965981,"J4011_J5827","postknowledge","J4011_J5827_postknowledge",0,0,"J4011_postknowledge","J5827_postknowledge",0,0,-0.499376761210493,-0.451405062337721
"J5963 J4011",2,"J5963 J4011",2,"J4011","J5963","naive","naive","naive naive",2,NA,NA,0,"naive",-0.381279752025634,-1.32224958949097,-0.270286137471486,"J4011_J5963","postknowledge","J4011_J5963_postknowledge",0,0,"J4011_postknowledge","J5963_postknowledge",0,0,-0.499376761210493,-0.451405062337721
"J5964 J4011",5,"J5964 J4011",5,"J4011","J5964","naive","naive","naive naive",5,NA,NA,0,"naive",-0.0308482374352854,1.67775041050903,0.342955431184714,"J4011_J5964","postknowledge","J4011_J5964_postknowledge",0,0,"J4011_postknowledge","J5964_postknowledge",0,0,-0.499376761210493,-0.451405062337721
"J6000 J4011",2,"J6000 J4011",2,"J4011","J6000","naive","naive","naive naive",2,NA,NA,0,"naive",-0.381279752025634,-1.32224958949097,-0.270286137471486,"J4011_J6000","postknowledge","J4011_J6000_postknowledge",0,0,"J4011_postknowledge","J6000_postknowledge",0,0,-0.499376761210493,-0.451405062337721
"J831 J4011",3,"J831 J4011",3,"J4011","J831","knowledge","naive","knowledge naive",3,NA,NA,0,"knowledge",-0.264469247162184,-5.25,-0.439015607461686,"J4011_J831","postknowledge","J4011_J831_postknowledge",0,0,"J4011_postknowledge","J831_postknowledge",0,0,-0.499376761210493,-0.451405062337721
"J4044 J4104",7,"J4044 J4104",7,"J4044","J4104","naive","naive","naive naive",7,NA,NA,0,"naive",0.202772772291614,3.67775041050903,0.75178314362218,"J4044_J4104","postknowledge","J4044_J4104_postknowledge",0,0,"J4044_postknowledge","J4104_postknowledge",0,0,-0.499376761210493,-0.451405062337721
"J4044 J42",1,"J4044 J42",1,"J4044","J42","naive","naive","naive naive",2,0.0122699386503067,NA,1,"naive",-0.381279752025634,-1.32224958949097,-0.270286137471486,"J4044_J42","postknowledge","J4044_J42_postknowledge",0,0,"J4044_postknowledge","J42_postknowledge",0,0,-0.499376761210493,-0.451405062337721
"J4304 J4044",38,"J4304 J4044",38,"J4044","J4304","knowledge","naive","knowledge naive",38,0.00632911392405063,NA,1,"knowledge",3.82389842305855,29.75,2.48775510894955,"J4044_J4304","postknowledge","J4044_J4304_postknowledge",0,0,"J4044_postknowledge","J4304_postknowledge",0,0,-0.499376761210493,-0.451405062337721
"J4715 J4044",3,"J4715 J4044",3,"J4044","J4715","naive","naive","naive naive",3,0.008,NA,1,"naive",-0.264469247162184,-0.322249589490969,-0.0658722812527527,"J4044_J4715","postknowledge","J4044_J4715_postknowledge",0,0,"J4044_postknowledge","J4715_postknowledge",0,3,-0.499376761210493,-0.272575680117757
"J4044 J4770",1,"J4044 J4770",1,"J4044","J4770","naive","naive","naive naive",1.5,NA,NA,0,"naive",-0.439685004457359,-1.82224958949097,-0.372493065580853,"J4044_J4770","postknowledge","J4044_J4770_postknowledge",0,0,"J4044_postknowledge","J4770_postknowledge",0,1,-0.499376761210493,-0.3917952682644
"J4782 J4044",2,"J4782 J4044",2,"J4044","J4782","naive","naive","naive naive",2,NA,NA,0,"naive",-0.381279752025634,-1.32224958949097,-0.270286137471486,"J4044_J4782","postknowledge","J4044_J4782_postknowledge",0,0,"J4044_postknowledge","J4782_postknowledge",0,10,-0.499376761210493,0.144692878395492
"J4044 J4951",6,"J4044 J4951",6,"J4044","J4951","naive","naive","naive naive",6,NA,NA,0,"naive",0.0859622674281642,2.67775041050903,0.547369287403447,"J4044_J4951","postknowledge","J4044_J4951_postknowledge",0,0,"J4044_postknowledge","J4951_postknowledge",0,0,-0.499376761210493,-0.451405062337721
"J5045 J4044",1,"J5045 J4044",1,"J4044","J5045","naive","naive","naive naive",1,NA,NA,0,"naive",-0.498090256889084,-2.32224958949097,-0.474699993690219,"J4044_J5045","postknowledge","J4044_J5045_postknowledge",0,0,"J4044_postknowledge","J5045_postknowledge",0,0,-0.499376761210493,-0.451405062337721
"J4044 J5056",1,"J4044 J5056",1,"J4044","J5056","naive","naive","naive naive",1,NA,NA,0,"naive",-0.498090256889084,-2.32224958949097,-0.474699993690219,"J4044_J5056","postknowledge","J4044_J5056_postknowledge",0,0,"J4044_postknowledge","J5056_postknowledge",0,0,-0.499376761210493,-0.451405062337721
"J4044 J5087",2,"J4044 J5087",2,"J4044","J5087","naive","naive","naive naive",4.5,NA,NA,0,"naive",-0.0892534898670101,1.17775041050903,0.240748503075347,"J4044_J5087","postknowledge","J4044_J5087_postknowledge",0,0,"J4044_postknowledge","J5087_postknowledge",0,0,-0.499376761210493,-0.451405062337721
"J5271 J4044",4,"J5271 J4044",4,"J4044","J5271","naive","naive","naive naive",4,NA,NA,0,"naive",-0.147658742298735,0.677750410509031,0.138541574965981,"J4044_J5271","postknowledge","J4044_J5271_postknowledge",0,0,"J4044_postknowledge","J5271_postknowledge",0,9,-0.499376761210493,0.0850830843221708
"J5334 J4044",3,"J5334 J4044",3,"J4044","J5334","naive","naive","naive naive",3,NA,NA,0,"naive",-0.264469247162184,-0.322249589490969,-0.0658722812527527,"J4044_J5334","postknowledge","J4044_J5334_postknowledge",0,0,"J4044_postknowledge","J5334_postknowledge",0,11,-0.499376761210493,0.204302672468813
"J5694 J4044",11,"J5694 J4044",11,"J4044","J5694","knowledge","naive","knowledge naive",11,NA,NA,0,"knowledge",0.670014791745412,2.75,0.229960556289454,"J4044_J5694","postknowledge","J4044_J5694_postknowledge",0,0,"J4044_postknowledge","J5694_postknowledge",0,0,-0.499376761210493,-0.451405062337721
"J5695 J4044",4,"J5695 J4044",4,"J4044","J5695","knowledge","naive","knowledge naive",4,0.0136054421768707,NA,1,"knowledge",-0.147658742298735,-4.25,-0.355393586992793,"J4044_J5695","postknowledge","J4044_J5695_postknowledge",0,0,"J4044_postknowledge","J5695_postknowledge",0,0,-0.499376761210493,-0.451405062337721
"J4044 J5724",2,"J4044 J5724",2,"J4044","J5724","naive","naive","naive naive",4,NA,NA,0,"naive",-0.147658742298735,0.677750410509031,0.138541574965981,"J4044_J5724","postknowledge","J4044_J5724_postknowledge",0,0,"J4044_postknowledge","J5724_postknowledge",0,0,-0.499376761210493,-0.451405062337721
"J5730 J4044",2,"J5730 J4044",2,"J4044","J5730","knowledge","naive","knowledge naive",2,NA,NA,0,"knowledge",-0.381279752025634,-6.25,-0.522637627930578,"J4044_J5730","postknowledge","J4044_J5730_postknowledge",0,0,"J4044_postknowledge","J5730_postknowledge",0,0,-0.499376761210493,-0.451405062337721
"J5766 J4044",3,"J5766 J4044",3,"J4044","J5766","naive","naive","naive naive",3,NA,NA,0,"naive",-0.264469247162184,-0.322249589490969,-0.0658722812527527,"J4044_J5766","postknowledge","J4044_J5766_postknowledge",0,0,"J4044_postknowledge","J5766_postknowledge",0,0,-0.499376761210493,-0.451405062337721
"J5804 J4044",4,"J5804 J4044",4,"J4044","J5804","naive","naive","naive naive",4,NA,NA,0,"naive",-0.147658742298735,0.677750410509031,0.138541574965981,"J4044_J5804","postknowledge","J4044_J5804_postknowledge",NA,NA,"J4044_postknowledge","J5804_postknowledge",0,NA,-0.499376761210493,NA
"J5888 J4044",1,"J5888 J4044",1,"J4044","J5888","naive","naive","naive naive",1,NA,NA,0,"naive",-0.498090256889084,-2.32224958949097,-0.474699993690219,"J4044_J5888","postknowledge","J4044_J5888_postknowledge",0,0,"J4044_postknowledge","J5888_postknowledge",0,0,-0.499376761210493,-0.451405062337721
"J4044 J6042",1,"J4044 J6042",1,"J4044","J6042","naive","naive","naive naive",1,NA,NA,0,"naive",-0.498090256889084,-2.32224958949097,-0.474699993690219,"J4044_J6042","postknowledge","J4044_J6042_postknowledge",0,0,"J4044_postknowledge","J6042_postknowledge",0,0,-0.499376761210493,-0.451405062337721
"J4044 J972",2,"J4044 J972",2,"J4044","J972","naive","naive","naive naive",2,NA,NA,0,"naive",-0.381279752025634,-1.32224958949097,-0.270286137471486,"J4044_J972","postknowledge","J4044_J972_postknowledge",0,0,"J4044_postknowledge","J972_postknowledge",0,0,-0.499376761210493,-0.451405062337721
"J5121 J4046",2,"J5121 J4046",2,"J4046","J5121","knowledge","naive","knowledge naive",2,NA,NA,0,"knowledge",-0.381279752025634,-6.25,-0.522637627930578,"J4046_J5121","postknowledge","J4046_J5121_postknowledge",4,1,"J4046_postknowledge","J5121_postknowledge",40,25,1.27935934648516,1.03883978949531
"J5766 J4046",1,"J5766 J4046",1,"J4046","J5766","naive","naive","naive naive",1,0.0178571428571429,NA,1,"naive",-0.498090256889084,-2.32224958949097,-0.474699993690219,"J4046_J5766","postknowledge","J4046_J5766_postknowledge",0,0,"J4046_postknowledge","J5766_postknowledge",40,0,1.27935934648516,-0.451405062337721
"J4315 J41",1,"J4315 J41",1,"J41","J4315","knowledge","naive","knowledge naive",1,NA,NA,0,"knowledge",-0.498090256889084,-7.25,-0.606259648399471,"J41_J4315","postknowledge","J41_J4315_postknowledge",0,0,"J41_postknowledge","J4315_postknowledge",0,9,-0.499376761210493,0.0850830843221708
"J5017 J41",1,"J5017 J41",1,"J41","J5017","naive","naive","naive naive",1,NA,NA,0,"naive",-0.498090256889084,-2.32224958949097,-0.474699993690219,"J41_J5017","postknowledge","J41_J5017_postknowledge",0,0,"J41_postknowledge","J5017_postknowledge",0,0,-0.499376761210493,-0.451405062337721
"J4104 J4151",6,"J4104 J4151",6,"J4104","J4151","naive","naive","naive naive",7.5,0.0212765957446809,NA,1,"naive",0.261178024723339,4.17775041050903,0.853990071731547,"J4104_J4151","postknowledge","J4104_J4151_postknowledge",0,0,"J4104_postknowledge","J4151_postknowledge",0,26,-0.499376761210493,1.09844958356863
"J4304 J4104",23,"J4304 J4104",23,"J4104","J4304","knowledge","naive","knowledge naive",23,0.0238095238095238,NA,1,"knowledge",2.07174085010681,14.75,1.23342480191616,"J4104_J4304","postknowledge","J4104_J4304_postknowledge",0,0,"J4104_postknowledge","J4304_postknowledge",0,0,-0.499376761210493,-0.451405062337721
"J4521 J4104",1,"J4521 J4104",1,"J4104","J4521","knowledge","naive","knowledge naive",1,NA,NA,0,"knowledge",-0.498090256889084,-7.25,-0.606259648399471,"J4104_J4521","postknowledge","J4104_J4521_postknowledge",0,0,"J4104_postknowledge","J4521_postknowledge",0,60,-0.499376761210493,3.12518258206156
"J4552 J4104",3,"J4552 J4104",3,"J4104","J4552","naive","naive","naive naive",3,NA,NA,0,"naive",-0.264469247162184,-0.322249589490969,-0.0658722812527527,"J4104_J4552","postknowledge","J4104_J4552_postknowledge",0,0,"J4104_postknowledge","J4552_postknowledge",0,78,-0.499376761210493,4.19815887538134
"J4601 J4104",2,"J4601 J4104",2,"J4104","J4601","knowledge","naive","knowledge naive",2,NA,NA,0,"knowledge",-0.381279752025634,-6.25,-0.522637627930578,"J4104_J4601","postknowledge","J4104_J4601_postknowledge",0,0,"J4104_postknowledge","J4601_postknowledge",0,0,-0.499376761210493,-0.451405062337721
"J4715 J4104",1,"J4715 J4104",1,"J4104","J4715","naive","naive","naive naive",1,NA,NA,0,"naive",-0.498090256889084,-2.32224958949097,-0.474699993690219,"J4104_J4715","postknowledge","J4104_J4715_postknowledge",0,0,"J4104_postknowledge","J4715_postknowledge",0,3,-0.499376761210493,-0.272575680117757
"J4770 J4104",2,"J4770 J4104",2,"J4104","J4770","naive","naive","naive naive",2,NA,NA,0,"naive",-0.381279752025634,-1.32224958949097,-0.270286137471486,"J4104_J4770","postknowledge","J4104_J4770_postknowledge",0,0,"J4104_postknowledge","J4770_postknowledge",0,1,-0.499376761210493,-0.3917952682644
"J4104 J4776",2,"J4104 J4776",2,"J4104","J4776","naive","naive","naive naive",4.5,NA,NA,0,"naive",-0.0892534898670101,1.17775041050903,0.240748503075347,"J4104_J4776","postknowledge","J4104_J4776_postknowledge",0,0,"J4104_postknowledge","J4776_postknowledge",0,3,-0.499376761210493,-0.272575680117757
"J4104 J4951",4,"J4104 J4951",4,"J4104","J4951","naive","naive","naive naive",4,0.04,NA,1,"naive",-0.147658742298735,0.677750410509031,0.138541574965981,"J4104_J4951","postknowledge","J4104_J4951_postknowledge",0,0,"J4104_postknowledge","J4951_postknowledge",0,0,-0.499376761210493,-0.451405062337721
"J4104 J4954",1,"J4104 J4954",1,"J4104","J4954","naive","naive","naive naive",3.5,NA,NA,0,"naive",-0.20606399473046,0.177750410509031,0.0363346468566139,"J4104_J4954","postknowledge","J4104_J4954_postknowledge",0,0,"J4104_postknowledge","J4954_postknowledge",0,76,-0.499376761210493,4.0789392872347
"J4986 J4104",3,"J4986 J4104",3,"J4104","J4986","naive","naive","naive naive",3,NA,NA,0,"naive",-0.264469247162184,-0.322249589490969,-0.0658722812527527,"J4104_J4986","postknowledge","J4104_J4986_postknowledge",0,0,"J4104_postknowledge","J4986_postknowledge",0,56,-0.499376761210493,2.88674340576827
"J4104 J505",7,"J4104 J505",7,"J4104","J505","naive","naive","naive naive",10,NA,NA,0,"naive",0.553204286881962,6.67775041050903,1.36502471227838,"J4104_J505","postknowledge","J4104_J505_postknowledge",0,0,"J4104_postknowledge","J505_postknowledge",0,22,-0.499376761210493,0.860010407275348
"J5053 J4104",11,"J5053 J4104",11,"J4104","J5053","knowledge","naive","knowledge naive",11,NA,NA,0,"knowledge",0.670014791745412,2.75,0.229960556289454,"J4104_J5053","postknowledge","J4104_J5053_postknowledge",0,0,"J4104_postknowledge","J5053_postknowledge",0,56,-0.499376761210493,2.88674340576827
"J5056 J4104",2,"J5056 J4104",2,"J4104","J5056","naive","naive","naive naive",2,NA,NA,0,"naive",-0.381279752025634,-1.32224958949097,-0.270286137471486,"J4104_J5056","postknowledge","J4104_J5056_postknowledge",0,0,"J4104_postknowledge","J5056_postknowledge",0,0,-0.499376761210493,-0.451405062337721
"J4104 J5087",43,"J4104 J5087",43,"J4104","J5087","naive","naive","naive naive",33.5,0.142857142857143,NA,1,"naive",3.29825115117303,30.177750410509,6.16875033341861,"J4104_J5087","postknowledge","J4104_J5087_postknowledge",0,0,"J4104_postknowledge","J5087_postknowledge",0,0,-0.499376761210493,-0.451405062337721
"J5089 J4104",7,"J5089 J4104",7,"J4104","J5089","knowledge","naive","knowledge naive",7,0.0185185185185185,NA,1,"knowledge",0.202772772291614,-1.25,-0.104527525586116,"J4104_J5089","postknowledge","J4104_J5089_postknowledge",0,0,"J4104_postknowledge","J5089_postknowledge",0,0,-0.499376761210493,-0.451405062337721
"J5121 J4104",2,"J5121 J4104",2,"J4104","J5121","knowledge","naive","knowledge naive",2,NA,NA,0,"knowledge",-0.381279752025634,-6.25,-0.522637627930578,"J4104_J5121","postknowledge","J4104_J5121_postknowledge",0,0,"J4104_postknowledge","J5121_postknowledge",0,25,-0.499376761210493,1.03883978949531
"J5694 J4104",11,"J5694 J4104",11,"J4104","J5694","knowledge","naive","knowledge naive",11,NA,NA,0,"knowledge",0.670014791745412,2.75,0.229960556289454,"J4104_J5694","postknowledge","J4104_J5694_postknowledge",0,0,"J4104_postknowledge","J5694_postknowledge",0,0,-0.499376761210493,-0.451405062337721
"J5695 J4104",21,"J5695 J4104",21,"J4104","J5695","knowledge","naive","knowledge naive",21,NA,NA,0,"knowledge",1.83811984037991,12.75,1.06618076097838,"J4104_J5695","postknowledge","J4104_J5695_postknowledge",0,0,"J4104_postknowledge","J5695_postknowledge",0,0,-0.499376761210493,-0.451405062337721
"J5723A J4104",2,"J5723A J4104",2,"J4104","J5723A","naive","naive","naive naive",2,NA,NA,0,"naive",-0.381279752025634,-1.32224958949097,-0.270286137471486,"J4104_J5723A","postknowledge","J4104_J5723A_postknowledge",0,0,"J4104_postknowledge","J5723A_postknowledge",0,0,-0.499376761210493,-0.451405062337721
"J5730 J4104",2,"J5730 J4104",2,"J4104","J5730","knowledge","naive","knowledge naive",2,NA,NA,0,"knowledge",-0.381279752025634,-6.25,-0.522637627930578,"J4104_J5730","postknowledge","J4104_J5730_postknowledge",0,0,"J4104_postknowledge","J5730_postknowledge",0,0,-0.499376761210493,-0.451405062337721
"J4104 J5763",2,"J4104 J5763",2,"J4104","J5763","naive","naive","naive naive",2,0.0136986301369863,NA,1,"naive",-0.381279752025634,-1.32224958949097,-0.270286137471486,"J4104_J5763","postknowledge","J4104_J5763_postknowledge",0,0,"J4104_postknowledge","J5763_postknowledge",0,0,-0.499376761210493,-0.451405062337721
"J5766 J4104",2,"J5766 J4104",2,"J4104","J5766","naive","naive","naive naive",2,NA,NA,0,"naive",-0.381279752025634,-1.32224958949097,-0.270286137471486,"J4104_J5766","postknowledge","J4104_J5766_postknowledge",0,0,"J4104_postknowledge","J5766_postknowledge",0,0,-0.499376761210493,-0.451405062337721
"J6036 J4104",2,"J6036 J4104",2,"J4104","J6036","naive","naive","naive naive",2,NA,NA,0,"naive",-0.381279752025634,-1.32224958949097,-0.270286137471486,"J4104_J6036","postknowledge","J4104_J6036_postknowledge",0,0,"J4104_postknowledge","J6036_postknowledge",0,0,-0.499376761210493,-0.451405062337721
"J664 J4104",2,"J664 J4104",2,"J4104","J664","knowledge","naive","knowledge naive",2,NA,NA,0,"knowledge",-0.381279752025634,-6.25,-0.522637627930578,"J4104_J664","postknowledge","J4104_J664_postknowledge",0,0,"J4104_postknowledge","J664_postknowledge",0,0,-0.499376761210493,-0.451405062337721
"J4104 J972",11,"J4104 J972",11,"J4104","J972","naive","naive","naive naive",11,NA,NA,0,"naive",0.670014791745412,7.67775041050903,1.56943856849711,"J4104_J972","postknowledge","J4104_J972_postknowledge",0,0,"J4104_postknowledge","J972_postknowledge",0,0,-0.499376761210493,-0.451405062337721
"J4162 J4112",12,"J4162 J4112",12,"J4112","J4162","knowledge","naive","knowledge naive",12,0.0909090909090909,NA,1,"knowledge",0.786825296608862,3.75,0.313582576758347,"J4112_J4162","postknowledge","J4112_J4162_postknowledge",0,0,"J4112_postknowledge","J4162_postknowledge",0,3,-0.499376761210493,-0.272575680117757
"J42 J4112",3,"J42 J4112",3,"J4112","J42","naive","naive","naive naive",3,NA,NA,0,"naive",-0.264469247162184,-0.322249589490969,-0.0658722812527527,"J4112_J42","postknowledge","J4112_J42_postknowledge",0,0,"J4112_postknowledge","J42_postknowledge",0,0,-0.499376761210493,-0.451405062337721
"J4112 J5939",3,"J4112 J5939",3,"J4112","J5939","naive","naive","naive naive",2.5,NA,NA,0,"naive",-0.322874499593909,-0.822249589490969,-0.168079209362119,"J4112_J5939","postknowledge","J4112_J5939_postknowledge",0,0,"J4112_postknowledge","J5939_postknowledge",0,0,-0.499376761210493,-0.451405062337721
"J4569 J4151",1,"J4569 J4151",1,"J4151","J4569","naive","naive","naive naive",1,0.0119047619047619,NA,1,"naive",-0.498090256889084,-2.32224958949097,-0.474699993690219,"J4151_J4569","postknowledge","J4151_J4569_postknowledge",0,0,"J4151_postknowledge","J4569_postknowledge",26,0,0.656801708791684,-0.451405062337721
"J4770 J4151",1,"J4770 J4151",1,"J4151","J4770","naive","naive","naive naive",1,NA,NA,0,"naive",-0.498090256889084,-2.32224958949097,-0.474699993690219,"J4151_J4770","postknowledge","J4151_J4770_postknowledge",0,0,"J4151_postknowledge","J4770_postknowledge",26,1,0.656801708791684,-0.3917952682644
"J4151 J4951",2,"J4151 J4951",2,"J4151","J4951","naive","naive","naive naive",1.5,NA,NA,0,"naive",-0.439685004457359,-1.82224958949097,-0.372493065580853,"J4151_J4951","postknowledge","J4151_J4951_postknowledge",0,0,"J4151_postknowledge","J4951_postknowledge",26,0,0.656801708791684,-0.451405062337721
"J4151 J4954",3,"J4151 J4954",3,"J4151","J4954","naive","naive","naive naive",3,NA,NA,0,"naive",-0.264469247162184,-0.322249589490969,-0.0658722812527527,"J4151_J4954","postknowledge","J4151_J4954_postknowledge",0,0,"J4151_postknowledge","J4954_postknowledge",26,76,0.656801708791684,4.0789392872347
"J4151 J4961",1,"J4151 J4961",1,"J4151","J4961","naive","naive","naive naive",1,NA,NA,0,"naive",-0.498090256889084,-2.32224958949097,-0.474699993690219,"J4151_J4961","postknowledge","J4151_J4961_postknowledge",0,0,"J4151_postknowledge","J4961_postknowledge",26,0,0.656801708791684,-0.451405062337721
"J4986 J4151",1,"J4986 J4151",1,"J4151","J4986","naive","naive","naive naive",1,0.0121951219512195,NA,1,"naive",-0.498090256889084,-2.32224958949097,-0.474699993690219,"J4151_J4986","postknowledge","J4151_J4986_postknowledge",1,1,"J4151_postknowledge","J4986_postknowledge",26,56,0.656801708791684,2.88674340576827
"J5022 J4151",4,"J5022 J4151",4,"J4151","J5022","naive","naive","naive naive",4,NA,NA,0,"naive",-0.147658742298735,0.677750410509031,0.138541574965981,"J4151_J5022","postknowledge","J4151_J5022_postknowledge",0,0,"J4151_postknowledge","J5022_postknowledge",26,0,0.656801708791684,-0.451405062337721
"J4151 J505",15,"J4151 J505",15,"J4151","J505","naive","naive","naive naive",8,NA,NA,0,"naive",0.319583277155063,4.67775041050903,0.956196999840914,"J4151_J505","postknowledge","J4151_J505_postknowledge",0,0,"J4151_postknowledge","J505_postknowledge",26,22,0.656801708791684,0.860010407275348
"J4151 J5050",2,"J4151 J5050",2,"J4151","J5050","naive","naive","naive naive",2,NA,NA,0,"naive",-0.381279752025634,-1.32224958949097,-0.270286137471486,"J4151_J5050","postknowledge","J4151_J5050_postknowledge",0,0,"J4151_postknowledge","J5050_postknowledge",26,0,0.656801708791684,-0.451405062337721
"J5053 J4151",6,"J5053 J4151",6,"J4151","J5053","knowledge","naive","knowledge naive",6,NA,NA,0,"knowledge",0.0859622674281642,-2.25,-0.188149546055008,"J4151_J5053","postknowledge","J4151_J5053_postknowledge",0,0,"J4151_postknowledge","J5053_postknowledge",26,56,0.656801708791684,2.88674340576827
"J4151 J5087",8,"J4151 J5087",8,"J4151","J5087","naive","naive","naive naive",4.5,0.024390243902439,NA,1,"naive",-0.0892534898670101,1.17775041050903,0.240748503075347,"J4151_J5087","postknowledge","J4151_J5087_postknowledge",0,0,"J4151_postknowledge","J5087_postknowledge",26,0,0.656801708791684,-0.451405062337721
"J5694 J4151",1,"J5694 J4151",1,"J4151","J5694","knowledge","naive","knowledge naive",1,0.0232558139534884,NA,1,"knowledge",-0.498090256889084,-7.25,-0.606259648399471,"J4151_J5694","postknowledge","J4151_J5694_postknowledge",0,0,"J4151_postknowledge","J5694_postknowledge",26,0,0.656801708791684,-0.451405062337721
"J5695 J4151",7,"J5695 J4151",7,"J4151","J5695","knowledge","naive","knowledge naive",7,NA,NA,0,"knowledge",0.202772772291614,-1.25,-0.104527525586116,"J4151_J5695","postknowledge","J4151_J5695_postknowledge",0,0,"J4151_postknowledge","J5695_postknowledge",26,0,0.656801708791684,-0.451405062337721
"J5730 J4151",4,"J5730 J4151",4,"J4151","J5730","knowledge","naive","knowledge naive",4,NA,NA,0,"knowledge",-0.147658742298735,-4.25,-0.355393586992793,"J4151_J5730","postknowledge","J4151_J5730_postknowledge",0,0,"J4151_postknowledge","J5730_postknowledge",26,0,0.656801708791684,-0.451405062337721
"J5766 J4151",4,"J5766 J4151",4,"J4151","J5766","naive","naive","naive naive",4,NA,NA,0,"naive",-0.147658742298735,0.677750410509031,0.138541574965981,"J4151_J5766","postknowledge","J4151_J5766_postknowledge",0,0,"J4151_postknowledge","J5766_postknowledge",26,0,0.656801708791684,-0.451405062337721
"J4151 J5888",1,"J4151 J5888",1,"J4151","J5888","naive","naive","naive naive",1,NA,NA,0,"naive",-0.498090256889084,-2.32224958949097,-0.474699993690219,"J4151_J5888","postknowledge","J4151_J5888_postknowledge",0,0,"J4151_postknowledge","J5888_postknowledge",26,0,0.656801708791684,-0.451405062337721
"J4151 J595",1,"J4151 J595",1,"J4151","J595","naive","naive","naive naive",1,NA,NA,0,"naive",-0.498090256889084,-2.32224958949097,-0.474699993690219,"J4151_J595","postknowledge","J4151_J595_postknowledge",0,0,"J4151_postknowledge","J595_postknowledge",26,1,0.656801708791684,-0.3917952682644
"J4151 J972",6,"J4151 J972",6,"J4151","J972","naive","naive","naive naive",6,NA,NA,0,"naive",0.0859622674281642,2.67775041050903,0.547369287403447,"J4151_J972","postknowledge","J4151_J972_postknowledge",0,0,"J4151_postknowledge","J972_postknowledge",26,0,0.656801708791684,-0.451405062337721
"J5810 J4161",2,"J5810 J4161",2,"J4161","J5810","knowledge","naive","knowledge naive",2,NA,NA,0,"knowledge",-0.381279752025634,-6.25,-0.522637627930578,"J4161_J5810","postknowledge","J4161_J5810_postknowledge",0,0,"J4161_postknowledge","J5810_postknowledge",26,0,0.656801708791684,-0.451405062337721
"J5874 J4161",2,"J5874 J4161",2,"J4161","J5874","naive","naive","naive naive",2,NA,NA,0,"naive",-0.381279752025634,-1.32224958949097,-0.270286137471486,"J4161_J5874","postknowledge","J4161_J5874_postknowledge",0,0,"J4161_postknowledge","J5874_postknowledge",26,0,0.656801708791684,-0.451405062337721
"J4162 J4514",2,"J4162 J4514",2,"J4162","J4514","knowledge","knowledge","knowledge knowledge",2,NA,NA,0,"knowledge",-0.381279752025634,-3.84134615384615,-0.77992149430177,"J4162_J4514","postknowledge","J4162_J4514_postknowledge",0,0,"J4162_postknowledge","J4514_postknowledge",3,18,-0.365971553133319,0.621571230982063
"J4162 J5017",1,"J4162 J5017",1,"J4162","J5017","knowledge","naive","knowledge naive",1,NA,NA,0,"knowledge",-0.498090256889084,-7.25,-0.606259648399471,"J4162_J5017","postknowledge","J4162_J5017_postknowledge",0,0,"J4162_postknowledge","J5017_postknowledge",3,0,-0.365971553133319,-0.451405062337721
"J4162 J5167",3,"J4162 J5167",3,"J4162","J5167","knowledge","naive","knowledge naive",3,NA,NA,0,"knowledge",-0.264469247162184,-5.25,-0.439015607461686,"J4162_J5167","postknowledge","J4162_J5167_postknowledge",0,0,"J4162_postknowledge","J5167_postknowledge",3,0,-0.365971553133319,-0.451405062337721
"J4162 J5316",1,"J4162 J5316",1,"J4162","J5316","knowledge","naive","knowledge naive",1,NA,NA,0,"knowledge",-0.498090256889084,-7.25,-0.606259648399471,"J4162_J5316","postknowledge","J4162_J5316_postknowledge",0,0,"J4162_postknowledge","J5316_postknowledge",3,37,-0.365971553133319,1.75415731837517
"J4162 J5379",4,"J4162 J5379",4,"J4162","J5379","knowledge","naive","knowledge naive",4,NA,NA,0,"knowledge",-0.147658742298735,-4.25,-0.355393586992793,"J4162_J5379","postknowledge","J4162_J5379_postknowledge",0,0,"J4162_postknowledge","J5379_postknowledge",3,7,-0.365971553133319,-0.0341365038244718
"J4162 J5475",4,"J4162 J5475",4,"J4162","J5475","knowledge","naive","knowledge naive",4,NA,NA,0,"knowledge",-0.147658742298735,-4.25,-0.355393586992793,"J4162_J5475","postknowledge","J4162_J5475_postknowledge",0,0,"J4162_postknowledge","J5475_postknowledge",3,0,-0.365971553133319,-0.451405062337721
"J4162 J5477",8,"J4162 J5477",8,"J4162","J5477","knowledge","naive","knowledge naive",8,NA,NA,0,"knowledge",0.319583277155063,-0.25,-0.0209055051172231,"J4162_J5477","postknowledge","J4162_J5477_postknowledge",0,0,"J4162_postknowledge","J5477_postknowledge",3,36,-0.365971553133319,1.69454752430185
"J4162 J5582",1,"J4162 J5582",1,"J4162","J5582","knowledge","naive","knowledge naive",1,NA,NA,0,"knowledge",-0.498090256889084,-7.25,-0.606259648399471,"J4162_J5582","postknowledge","J4162_J5582_postknowledge",0,0,"J4162_postknowledge","J5582_postknowledge",3,0,-0.365971553133319,-0.451405062337721
"J4162 J5651",8,"J4162 J5651",8,"J4162","J5651","knowledge","naive","knowledge naive",8,NA,NA,0,"knowledge",0.319583277155063,-0.25,-0.0209055051172231,"J4162_J5651","postknowledge","J4162_J5651_postknowledge",0,0,"J4162_postknowledge","J5651_postknowledge",3,0,-0.365971553133319,-0.451405062337721
"J4162 J5803",2,"J4162 J5803",2,"J4162","J5803","knowledge","naive","knowledge naive",2,NA,NA,0,"knowledge",-0.381279752025634,-6.25,-0.522637627930578,"J4162_J5803","postknowledge","J4162_J5803_postknowledge",0,0,"J4162_postknowledge","J5803_postknowledge",3,0,-0.365971553133319,-0.451405062337721
"J4162 J5809",5,"J4162 J5809",5,"J4162","J5809","knowledge","naive","knowledge naive",5,NA,NA,0,"knowledge",-0.0308482374352854,-3.25,-0.271771566523901,"J4162_J5809","postknowledge","J4162_J5809_postknowledge",0,0,"J4162_postknowledge","J5809_postknowledge",3,0,-0.365971553133319,-0.451405062337721
"J4162 J5874",7,"J4162 J5874",7,"J4162","J5874","knowledge","naive","knowledge naive",7,NA,NA,0,"knowledge",0.202772772291614,-1.25,-0.104527525586116,"J4162_J5874","postknowledge","J4162_J5874_postknowledge",0,0,"J4162_postknowledge","J5874_postknowledge",3,0,-0.365971553133319,-0.451405062337721
"J4162 J5922",4,"J4162 J5922",4,"J4162","J5922","knowledge","naive","knowledge naive",4,NA,NA,0,"knowledge",-0.147658742298735,-4.25,-0.355393586992793,"J4162_J5922","postknowledge","J4162_J5922_postknowledge",0,0,"J4162_postknowledge","J5922_postknowledge",3,0,-0.365971553133319,-0.451405062337721
"J4162 J5939",6,"J4162 J5939",6,"J4162","J5939","knowledge","naive","knowledge naive",6,NA,NA,0,"knowledge",0.0859622674281642,-2.25,-0.188149546055008,"J4162_J5939","postknowledge","J4162_J5939_postknowledge",0,0,"J4162_postknowledge","J5939_postknowledge",3,0,-0.365971553133319,-0.451405062337721
"J4162 J5963",1,"J4162 J5963",1,"J4162","J5963","knowledge","naive","knowledge naive",1,NA,NA,0,"knowledge",-0.498090256889084,-7.25,-0.606259648399471,"J4162_J5963","postknowledge","J4162_J5963_postknowledge",0,0,"J4162_postknowledge","J5963_postknowledge",3,0,-0.365971553133319,-0.451405062337721
"J4162 J664",2,"J4162 J664",2,"J4162","J664","knowledge","knowledge","knowledge knowledge",2,NA,NA,0,"knowledge",-0.381279752025634,-3.84134615384615,-0.77992149430177,"J4162_J664","postknowledge","J4162_J664_postknowledge",0,0,"J4162_postknowledge","J664_postknowledge",3,0,-0.365971553133319,-0.451405062337721
"J4654 J4189",1,"J4654 J4189",1,"J4189","J4654","naive","naive","naive naive",1,NA,NA,0,"naive",-0.498090256889084,-2.32224958949097,-0.474699993690219,"J4189_J4654","postknowledge","J4189_J4654_postknowledge",0,0,"J4189_postknowledge","J4654_postknowledge",13,4,0.0787124737905954,-0.212965886044436
"J4315 J42",7,"J4315 J42",7,"J42","J4315","knowledge","naive","knowledge naive",7,NA,NA,0,"knowledge",0.202772772291614,-1.25,-0.104527525586116,"J42_J4315","postknowledge","J42_J4315_postknowledge",0,0,"J42_postknowledge","J4315_postknowledge",0,9,-0.499376761210493,0.0850830843221708
"J4521 J42",5,"J4521 J42",5,"J42","J4521","knowledge","naive","knowledge naive",5,NA,NA,0,"knowledge",-0.0308482374352854,-3.25,-0.271771566523901,"J42_J4521","postknowledge","J42_J4521_postknowledge",0,0,"J42_postknowledge","J4521_postknowledge",0,60,-0.499376761210493,3.12518258206156
"J42 J4954",2,"J42 J4954",2,"J42","J4954","naive","naive","naive naive",2,NA,NA,0,"naive",-0.381279752025634,-1.32224958949097,-0.270286137471486,"J42_J4954","postknowledge","J42_J4954_postknowledge",0,0,"J42_postknowledge","J4954_postknowledge",0,76,-0.499376761210493,4.0789392872347
"J42 J4961",1,"J42 J4961",1,"J42","J4961","naive","naive","naive naive",1,NA,NA,0,"naive",-0.498090256889084,-2.32224958949097,-0.474699993690219,"J42_J4961","postknowledge","J42_J4961_postknowledge",0,0,"J42_postknowledge","J4961_postknowledge",0,0,-0.499376761210493,-0.451405062337721
"J42 J5017",1,"J42 J5017",1,"J42","J5017","naive","naive","naive naive",1,NA,NA,0,"naive",-0.498090256889084,-2.32224958949097,-0.474699993690219,"J42_J5017","postknowledge","J42_J5017_postknowledge",0,0,"J42_postknowledge","J5017_postknowledge",0,0,-0.499376761210493,-0.451405062337721
"J42 J505",1,"J42 J505",1,"J42","J505","naive","naive","naive naive",1,NA,NA,0,"naive",-0.498090256889084,-2.32224958949097,-0.474699993690219,"J42_J505","postknowledge","J42_J505_postknowledge",0,0,"J42_postknowledge","J505_postknowledge",0,22,-0.499376761210493,0.860010407275348
"J42 J5087",1,"J42 J5087",1,"J42","J5087","naive","naive","naive naive",1,NA,NA,0,"naive",-0.498090256889084,-2.32224958949097,-0.474699993690219,"J42_J5087","postknowledge","J42_J5087_postknowledge",0,0,"J42_postknowledge","J5087_postknowledge",0,0,-0.499376761210493,-0.451405062337721
"J5146 J42",6,"J5146 J42",6,"J42","J5146","knowledge","naive","knowledge naive",6,NA,NA,0,"knowledge",0.0859622674281642,-2.25,-0.188149546055008,"J42_J5146","postknowledge","J42_J5146_postknowledge",0,0,"J42_postknowledge","J5146_postknowledge",0,4,-0.499376761210493,-0.212965886044436
"J42 J5269",1,"J42 J5269",1,"J42","J5269","naive","naive","naive naive",1,NA,NA,0,"naive",-0.498090256889084,-2.32224958949097,-0.474699993690219,"J42_J5269","postknowledge","J42_J5269_postknowledge",0,0,"J42_postknowledge","J5269_postknowledge",0,5,-0.499376761210493,-0.153356091971114
"J42 J5475",2,"J42 J5475",2,"J42","J5475","naive","naive","naive naive",2,NA,NA,0,"naive",-0.381279752025634,-1.32224958949097,-0.270286137471486,"J42_J5475","postknowledge","J42_J5475_postknowledge",0,0,"J42_postknowledge","J5475_postknowledge",0,0,-0.499376761210493,-0.451405062337721
"J42 J5477",1,"J42 J5477",1,"J42","J5477","naive","naive","naive naive",1,NA,NA,0,"naive",-0.498090256889084,-2.32224958949097,-0.474699993690219,"J42_J5477","postknowledge","J42_J5477_postknowledge",0,0,"J42_postknowledge","J5477_postknowledge",0,36,-0.499376761210493,1.69454752430185
"J42 J5498",2,"J42 J5498",2,"J42","J5498","naive","naive","naive naive",2,NA,NA,0,"naive",-0.381279752025634,-1.32224958949097,-0.270286137471486,"J42_J5498","postknowledge","J42_J5498_postknowledge",0,0,"J42_postknowledge","J5498_postknowledge",0,5,-0.499376761210493,-0.153356091971114
"J42 J5582",2,"J42 J5582",2,"J42","J5582","naive","naive","naive naive",2,NA,NA,0,"naive",-0.381279752025634,-1.32224958949097,-0.270286137471486,"J42_J5582","postknowledge","J42_J5582_postknowledge",0,0,"J42_postknowledge","J5582_postknowledge",0,0,-0.499376761210493,-0.451405062337721
"J42 J5645",1,"J42 J5645",1,"J42","J5645","naive","naive","naive naive",1,NA,NA,0,"naive",-0.498090256889084,-2.32224958949097,-0.474699993690219,"J42_J5645","postknowledge","J42_J5645_postknowledge",0,0,"J42_postknowledge","J5645_postknowledge",0,0,-0.499376761210493,-0.451405062337721
"J42 J5651",5,"J42 J5651",5,"J42","J5651","naive","naive","naive naive",5,NA,NA,0,"naive",-0.0308482374352854,1.67775041050903,0.342955431184714,"J42_J5651","postknowledge","J42_J5651_postknowledge",0,0,"J42_postknowledge","J5651_postknowledge",0,0,-0.499376761210493,-0.451405062337721
"J42 J5740",1,"J42 J5740",1,"J42","J5740","naive","naive","naive naive",1,NA,NA,0,"naive",-0.498090256889084,-2.32224958949097,-0.474699993690219,"J42_J5740","postknowledge","J42_J5740_postknowledge",0,0,"J42_postknowledge","J5740_postknowledge",0,0,-0.499376761210493,-0.451405062337721
"J5810 J42",1,"J5810 J42",1,"J42","J5810","knowledge","naive","knowledge naive",1,NA,NA,0,"knowledge",-0.498090256889084,-7.25,-0.606259648399471,"J42_J5810","postknowledge","J42_J5810_postknowledge",0,0,"J42_postknowledge","J5810_postknowledge",0,0,-0.499376761210493,-0.451405062337721
"J42 J5939",6,"J42 J5939",6,"J42","J5939","naive","naive","naive naive",6,NA,NA,0,"naive",0.0859622674281642,2.67775041050903,0.547369287403447,"J42_J5939","postknowledge","J42_J5939_postknowledge",0,0,"J42_postknowledge","J5939_postknowledge",0,0,-0.499376761210493,-0.451405062337721
"J42 J595",3,"J42 J595",3,"J42","J595","naive","naive","naive naive",3,NA,NA,0,"naive",-0.264469247162184,-0.322249589490969,-0.0658722812527527,"J42_J595","postknowledge","J42_J595_postknowledge",0,0,"J42_postknowledge","J595_postknowledge",0,1,-0.499376761210493,-0.3917952682644
"J42 J5963",1,"J42 J5963",1,"J42","J5963","naive","naive","naive naive",1,0.0227272727272727,NA,1,"naive",-0.498090256889084,-2.32224958949097,-0.474699993690219,"J42_J5963","postknowledge","J42_J5963_postknowledge",0,0,"J42_postknowledge","J5963_postknowledge",0,0,-0.499376761210493,-0.451405062337721
"J664 J42",4,"J664 J42",4,"J42","J664","knowledge","naive","knowledge naive",4,0.021978021978022,NA,1,"knowledge",-0.147658742298735,-4.25,-0.355393586992793,"J42_J664","postknowledge","J42_J664_postknowledge",0,0,"J42_postknowledge","J664_postknowledge",0,0,-0.499376761210493,-0.451405062337721
"J4214 J5043",4,"J4214 J5043",4,"J4214","J5043","naive","naive","naive naive",4,NA,NA,0,"naive",-0.147658742298735,0.677750410509031,0.138541574965981,"J4214_J5043","postknowledge","J4214_J5043_postknowledge",0,0,"J4214_postknowledge","J5043_postknowledge",65,2,2.39106941379495,-0.332185474191078
"J4214 J5316",2,"J4214 J5316",2,"J4214","J5316","naive","naive","naive naive",2,0.0169491525423729,NA,1,"naive",-0.381279752025634,-1.32224958949097,-0.270286137471486,"J4214_J5316","postknowledge","J4214_J5316_postknowledge",2,1,"J4214_postknowledge","J5316_postknowledge",65,37,2.39106941379495,1.75415731837517
"J4214 J5964",2,"J4214 J5964",2,"J4214","J5964","naive","naive","naive naive",2,NA,NA,0,"naive",-0.381279752025634,-1.32224958949097,-0.270286137471486,"J4214_J5964","postknowledge","J4214_J5964_postknowledge",0,0,"J4214_postknowledge","J5964_postknowledge",65,0,2.39106941379495,-0.451405062337721
"J4304 J4521",35,"J4304 J4521",35,"J4304","J4521","knowledge","knowledge","knowledge knowledge",18,0.0087719298245614,NA,1,"knowledge",1.48768832578956,12.1586538461538,2.46861258959847,"J4304_J4521","postknowledge","J4304_J4521_postknowledge",0,0,"J4304_postknowledge","J4521_postknowledge",0,60,-0.499376761210493,3.12518258206156
"J4304 J4552",5,"J4304 J4552",5,"J4304","J4552","knowledge","naive","knowledge naive",5,0.0188679245283019,NA,1,"knowledge",-0.0308482374352854,-3.25,-0.271771566523901,"J4304_J4552","postknowledge","J4304_J4552_postknowledge",0,0,"J4304_postknowledge","J4552_postknowledge",0,78,-0.499376761210493,4.19815887538134
"J4304 J4601",8,"J4304 J4601",8,"J4304","J4601","knowledge","knowledge","knowledge knowledge",8,0.0149253731343284,NA,1,"knowledge",0.319583277155063,2.15865384615385,0.43827878716082,"J4304_J4601","postknowledge","J4304_J4601_postknowledge",0,0,"J4304_postknowledge","J4601_postknowledge",0,0,-0.499376761210493,-0.451405062337721
"J4304 J4715",2,"J4304 J4715",2,"J4304","J4715","knowledge","naive","knowledge naive",2,NA,NA,0,"knowledge",-0.381279752025634,-6.25,-0.522637627930578,"J4304_J4715","postknowledge","J4304_J4715_postknowledge",0,0,"J4304_postknowledge","J4715_postknowledge",0,3,-0.499376761210493,-0.272575680117757
"J4304 J4770",2,"J4304 J4770",2,"J4304","J4770","knowledge","naive","knowledge naive",2,NA,NA,0,"knowledge",-0.381279752025634,-6.25,-0.522637627930578,"J4304_J4770","postknowledge","J4304_J4770_postknowledge",0,0,"J4304_postknowledge","J4770_postknowledge",0,1,-0.499376761210493,-0.3917952682644
"J4304 J4776",3,"J4304 J4776",3,"J4304","J4776","knowledge","naive","knowledge naive",3,NA,NA,0,"knowledge",-0.264469247162184,-5.25,-0.439015607461686,"J4304_J4776","postknowledge","J4304_J4776_postknowledge",0,0,"J4304_postknowledge","J4776_postknowledge",0,3,-0.499376761210493,-0.272575680117757
"J4304 J4951",17,"J4304 J4951",17,"J4304","J4951","knowledge","naive","knowledge naive",17,NA,NA,0,"knowledge",1.37087782092611,8.75,0.731692679102809,"J4304_J4951","postknowledge","J4304_J4951_postknowledge",0,0,"J4304_postknowledge","J4951_postknowledge",0,0,-0.499376761210493,-0.451405062337721
"J4304 J4954",2,"J4304 J4954",2,"J4304","J4954","knowledge","naive","knowledge naive",2,NA,NA,0,"knowledge",-0.381279752025634,-6.25,-0.522637627930578,"J4304_J4954","postknowledge","J4304_J4954_postknowledge",0,0,"J4304_postknowledge","J4954_postknowledge",0,76,-0.499376761210493,4.0789392872347
"J4304 J4961",3,"J4304 J4961",3,"J4304","J4961","knowledge","naive","knowledge naive",3,NA,NA,0,"knowledge",-0.264469247162184,-5.25,-0.439015607461686,"J4304_J4961","postknowledge","J4304_J4961_postknowledge",0,0,"J4304_postknowledge","J4961_postknowledge",0,0,-0.499376761210493,-0.451405062337721
"J4304 J5012",3,"J4304 J5012",3,"J4304","J5012","knowledge","naive","knowledge naive",3,0.0185185185185185,NA,1,"knowledge",-0.264469247162184,-5.25,-0.439015607461686,"J4304_J5012","postknowledge","J4304_J5012_postknowledge",0,0,"J4304_postknowledge","J5012_postknowledge",0,21,-0.499376761210493,0.800400613202027
"J4304 J5021",3,"J4304 J5021",3,"J4304","J5021","knowledge","naive","knowledge naive",3,0.00840336134453781,NA,1,"knowledge",-0.264469247162184,-5.25,-0.439015607461686,"J4304_J5021","postknowledge","J4304_J5021_postknowledge",0,0,"J4304_postknowledge","J5021_postknowledge",0,73,-0.499376761210493,3.90010990501474
"J4304 J505",12,"J4304 J505",12,"J4304","J505","knowledge","naive","knowledge naive",12,NA,NA,0,"knowledge",0.786825296608862,3.75,0.313582576758347,"J4304_J505","postknowledge","J4304_J505_postknowledge",0,0,"J4304_postknowledge","J505_postknowledge",0,22,-0.499376761210493,0.860010407275348
"J4304 J5050",1,"J4304 J5050",1,"J4304","J5050","knowledge","naive","knowledge naive",1,NA,NA,0,"knowledge",-0.498090256889084,-7.25,-0.606259648399471,"J4304_J5050","postknowledge","J4304_J5050_postknowledge",0,0,"J4304_postknowledge","J5050_postknowledge",0,0,-0.499376761210493,-0.451405062337721
"J4304 J5053",6,"J4304 J5053",6,"J4304","J5053","knowledge","knowledge","knowledge knowledge",6.5,NA,NA,0,"knowledge",0.144367519859889,0.658653846153846,0.133728716795172,"J4304_J5053","postknowledge","J4304_J5053_postknowledge",0,0,"J4304_postknowledge","J5053_postknowledge",0,56,-0.499376761210493,2.88674340576827
"J4304 J5056",2,"J4304 J5056",2,"J4304","J5056","knowledge","naive","knowledge naive",2,NA,NA,0,"knowledge",-0.381279752025634,-6.25,-0.522637627930578,"J4304_J5056","postknowledge","J4304_J5056_postknowledge",0,0,"J4304_postknowledge","J5056_postknowledge",0,0,-0.499376761210493,-0.451405062337721
"J4304 J5087",24,"J4304 J5087",24,"J4304","J5087","knowledge","naive","knowledge naive",24,0.0277777777777778,NA,1,"knowledge",2.18855135497026,15.75,1.31704682238506,"J4304_J5087","postknowledge","J4304_J5087_postknowledge",0,0,"J4304_postknowledge","J5087_postknowledge",0,0,-0.499376761210493,-0.451405062337721
"J4304 J5089",20,"J4304 J5089",20,"J4304","J5089","knowledge","knowledge","knowledge knowledge",13.5,0.0120481927710843,NA,1,"knowledge",0.962041053904036,7.65865384615385,1.55496237850153,"J4304_J5089","postknowledge","J4304_J5089_postknowledge",0,0,"J4304_postknowledge","J5089_postknowledge",0,0,-0.499376761210493,-0.451405062337721
"J4304 J5121",3,"J4304 J5121",3,"J4304","J5121","knowledge","knowledge","knowledge knowledge",3,NA,NA,0,"knowledge",-0.264469247162184,-2.84134615384615,-0.576888114058005,"J4304_J5121","postknowledge","J4304_J5121_postknowledge",0,0,"J4304_postknowledge","J5121_postknowledge",0,25,-0.499376761210493,1.03883978949531
"J4304 J5167",2,"J4304 J5167",2,"J4304","J5167","knowledge","naive","knowledge naive",2,NA,NA,0,"knowledge",-0.381279752025634,-6.25,-0.522637627930578,"J4304_J5167","postknowledge","J4304_J5167_postknowledge",0,0,"J4304_postknowledge","J5167_postknowledge",0,0,-0.499376761210493,-0.451405062337721
"J4304 J5222",5,"J4304 J5222",5,"J4304","J5222","knowledge","naive","knowledge naive",5,NA,NA,0,"knowledge",-0.0308482374352854,-3.25,-0.271771566523901,"J4304_J5222","postknowledge","J4304_J5222_postknowledge",0,0,"J4304_postknowledge","J5222_postknowledge",0,11,-0.499376761210493,0.204302672468813
"J4304 J5269",1,"J4304 J5269",1,"J4304","J5269","knowledge","naive","knowledge naive",1,NA,NA,0,"knowledge",-0.498090256889084,-7.25,-0.606259648399471,"J4304_J5269","postknowledge","J4304_J5269_postknowledge",0,0,"J4304_postknowledge","J5269_postknowledge",0,5,-0.499376761210493,-0.153356091971114
"J4304 J5583",1,"J4304 J5583",1,"J4304","J5583","knowledge","naive","knowledge naive",1,0.0175438596491228,NA,1,"knowledge",-0.498090256889084,-7.25,-0.606259648399471,"J4304_J5583","postknowledge","J4304_J5583_postknowledge",0,0,"J4304_postknowledge","J5583_postknowledge",0,28,-0.499376761210493,1.21766917171528
"J4304 J5693",1,"J4304 J5693",1,"J4304","J5693","knowledge","knowledge","knowledge knowledge",1,NA,NA,0,"knowledge",-0.498090256889084,-4.84134615384615,-0.982954874545535,"J4304_J5693","postknowledge","J4304_J5693_postknowledge",0,0,"J4304_postknowledge","J5693_postknowledge",0,0,-0.499376761210493,-0.451405062337721
"J4304 J5694",7,"J4304 J5694",7,"J4304","J5694","knowledge","knowledge","knowledge knowledge",4,NA,NA,0,"knowledge",-0.147658742298735,-1.84134615384615,-0.37385473381424,"J4304_J5694","postknowledge","J4304_J5694_postknowledge",0,0,"J4304_postknowledge","J5694_postknowledge",0,0,-0.499376761210493,-0.451405062337721
"J4304 J5695",10,"J4304 J5695",10,"J4304","J5695","knowledge","knowledge","knowledge knowledge",12,NA,NA,0,"knowledge",0.786825296608862,6.15865384615385,1.25041230813588,"J4304_J5695","postknowledge","J4304_J5695_postknowledge",0,0,"J4304_postknowledge","J5695_postknowledge",0,0,-0.499376761210493,-0.451405062337721
"J4304 J5724",5,"J4304 J5724",5,"J4304","J5724","knowledge","naive","knowledge naive",5,NA,NA,0,"knowledge",-0.0308482374352854,-3.25,-0.271771566523901,"J4304_J5724","postknowledge","J4304_J5724_postknowledge",0,0,"J4304_postknowledge","J5724_postknowledge",0,0,-0.499376761210493,-0.451405062337721
"J4304 J5728B",7,"J4304 J5728B",7,"J4304","J5728B","knowledge","naive","knowledge naive",7,NA,NA,0,"knowledge",0.202772772291614,-1.25,-0.104527525586116,"J4304_J5728B","postknowledge","J4304_J5728B_postknowledge",0,0,"J4304_postknowledge","J5728B_postknowledge",0,0,-0.499376761210493,-0.451405062337721
"J4304 J5730",1,"J4304 J5730",1,"J4304","J5730","knowledge","knowledge","knowledge knowledge",1,NA,NA,0,"knowledge",-0.498090256889084,-4.84134615384615,-0.982954874545535,"J4304_J5730","postknowledge","J4304_J5730_postknowledge",0,0,"J4304_postknowledge","J5730_postknowledge",0,0,-0.499376761210493,-0.451405062337721
"J4304 J5766",6,"J4304 J5766",6,"J4304","J5766","knowledge","naive","knowledge naive",6,NA,NA,0,"knowledge",0.0859622674281642,-2.25,-0.188149546055008,"J4304_J5766","postknowledge","J4304_J5766_postknowledge",0,0,"J4304_postknowledge","J5766_postknowledge",0,0,-0.499376761210493,-0.451405062337721
"J4304 J5804",1,"J4304 J5804",1,"J4304","J5804","knowledge","naive","knowledge naive",1,NA,NA,0,"knowledge",-0.498090256889084,-7.25,-0.606259648399471,"J4304_J5804","postknowledge","J4304_J5804_postknowledge",NA,NA,"J4304_postknowledge","J5804_postknowledge",0,NA,-0.499376761210493,NA
"J4304 J5888",4,"J4304 J5888",4,"J4304","J5888","knowledge","naive","knowledge naive",4,NA,NA,0,"knowledge",-0.147658742298735,-4.25,-0.355393586992793,"J4304_J5888","postknowledge","J4304_J5888_postknowledge",0,0,"J4304_postknowledge","J5888_postknowledge",0,0,-0.499376761210493,-0.451405062337721
"J4304 J595",5,"J4304 J595",5,"J4304","J595","knowledge","naive","knowledge naive",5,NA,NA,0,"knowledge",-0.0308482374352854,-3.25,-0.271771566523901,"J4304_J595","postknowledge","J4304_J595_postknowledge",0,0,"J4304_postknowledge","J595_postknowledge",0,1,-0.499376761210493,-0.3917952682644
"J4304 J6037",4,"J4304 J6037",4,"J4304","J6037","knowledge","naive","knowledge naive",4,NA,NA,0,"knowledge",-0.147658742298735,-4.25,-0.355393586992793,"J4304_J6037","postknowledge","J4304_J6037_postknowledge",0,0,"J4304_postknowledge","J6037_postknowledge",0,0,-0.499376761210493,-0.451405062337721
"J4304 J664",9,"J4304 J664",9,"J4304","J664","knowledge","knowledge","knowledge knowledge",9,0.00558659217877095,NA,1,"knowledge",0.436393782018513,3.15865384615385,0.641312167404585,"J4304_J664","postknowledge","J4304_J664_postknowledge",0,0,"J4304_postknowledge","J664_postknowledge",0,0,-0.499376761210493,-0.451405062337721
"J4304 J972",4,"J4304 J972",4,"J4304","J972","knowledge","naive","knowledge naive",4,NA,NA,0,"knowledge",-0.147658742298735,-4.25,-0.355393586992793,"J4304_J972","postknowledge","J4304_J972_postknowledge",0,0,"J4304_postknowledge","J972_postknowledge",0,0,-0.499376761210493,-0.451405062337721
"J4315 J4514",15,"J4315 J4514",15,"J4315","J4514","knowledge","knowledge","knowledge knowledge",15,NA,NA,0,"knowledge",1.13725681119921,9.15865384615385,1.85951244886717,"J4315_J4514","postknowledge","J4315_J4514_postknowledge",1,1,"J4315_postknowledge","J4514_postknowledge",9,18,-0.0991611369789704,0.621571230982063
"J4315 J4651",9,"J4315 J4651",9,"J4315","J4651","knowledge","naive","knowledge naive",9,NA,NA,0,"knowledge",0.436393782018513,0.75,0.0627165153516694,"J4315_J4651","postknowledge","J4315_J4651_postknowledge",0,0,"J4315_postknowledge","J4651_postknowledge",9,34,-0.0991611369789704,1.5753279361552
"J4315 J4654",2,"J4315 J4654",2,"J4315","J4654","knowledge","naive","knowledge naive",2,NA,NA,0,"knowledge",-0.381279752025634,-6.25,-0.522637627930578,"J4315_J4654","postknowledge","J4315_J4654_postknowledge",0,0,"J4315_postknowledge","J4654_postknowledge",9,4,-0.0991611369789704,-0.212965886044436
"J4315 J4747",15,"J4315 J4747",15,"J4315","J4747","knowledge","naive","knowledge naive",15,NA,NA,0,"knowledge",1.13725681119921,6.75,0.564448638165024,"J4315_J4747","postknowledge","J4315_J4747_postknowledge",0,0,"J4315_postknowledge","J4747_postknowledge",9,77,-0.0991611369789704,4.13854908130802
"J4315 J4819",1,"J4315 J4819",1,"J4315","J4819","knowledge","naive","knowledge naive",1,NA,NA,0,"knowledge",-0.498090256889084,-7.25,-0.606259648399471,"J4315_J4819","postknowledge","J4315_J4819_postknowledge",0,0,"J4315_postknowledge","J4819_postknowledge",9,0,-0.0991611369789704,-0.451405062337721
"J4315 J4967",5,"J4315 J4967",5,"J4315","J4967","knowledge","knowledge","knowledge knowledge",8.5,NA,NA,0,"knowledge",0.377988529586788,2.65865384615385,0.539795477282702,"J4315_J4967","postknowledge","J4315_J4967_postknowledge",0,0,"J4315_postknowledge","J4967_postknowledge",9,3,-0.0991611369789704,-0.272575680117757
"J4315 J4982",15,"J4315 J4982",15,"J4315","J4982","knowledge","naive","knowledge naive",15,NA,NA,0,"knowledge",1.13725681119921,6.75,0.564448638165024,"J4315_J4982","postknowledge","J4315_J4982_postknowledge",0,0,"J4315_postknowledge","J4982_postknowledge",9,1,-0.0991611369789704,-0.3917952682644
"J4315 J5017",4,"J4315 J5017",4,"J4315","J5017","knowledge","naive","knowledge naive",4,NA,NA,0,"knowledge",-0.147658742298735,-4.25,-0.355393586992793,"J4315_J5017","postknowledge","J4315_J5017_postknowledge",0,0,"J4315_postknowledge","J5017_postknowledge",9,0,-0.0991611369789704,-0.451405062337721
"J4315 J5167",11,"J4315 J5167",11,"J4315","J5167","knowledge","naive","knowledge naive",11,NA,NA,0,"knowledge",0.670014791745412,2.75,0.229960556289454,"J4315_J5167","postknowledge","J4315_J5167_postknowledge",0,0,"J4315_postknowledge","J5167_postknowledge",9,0,-0.0991611369789704,-0.451405062337721
"J4315 J5215",4,"J4315 J5215",4,"J4315","J5215","knowledge","naive","knowledge naive",4,NA,NA,0,"knowledge",-0.147658742298735,-4.25,-0.355393586992793,"J4315_J5215","postknowledge","J4315_J5215_postknowledge",0,0,"J4315_postknowledge","J5215_postknowledge",9,10,-0.0991611369789704,0.144692878395492
"J4315 J5316",10,"J4315 J5316",10,"J4315","J5316","knowledge","naive","knowledge naive",10,NA,NA,0,"knowledge",0.553204286881962,1.75,0.146338535820562,"J4315_J5316","postknowledge","J4315_J5316_postknowledge",0,0,"J4315_postknowledge","J5316_postknowledge",9,37,-0.0991611369789704,1.75415731837517
"J4315 J5379",6,"J4315 J5379",6,"J4315","J5379","knowledge","naive","knowledge naive",6,NA,NA,0,"knowledge",0.0859622674281642,-2.25,-0.188149546055008,"J4315_J5379","postknowledge","J4315_J5379_postknowledge",0,0,"J4315_postknowledge","J5379_postknowledge",9,7,-0.0991611369789704,-0.0341365038244718
"J4315 J5475",6,"J4315 J5475",6,"J4315","J5475","knowledge","naive","knowledge naive",6,NA,NA,0,"knowledge",0.0859622674281642,-2.25,-0.188149546055008,"J4315_J5475","postknowledge","J4315_J5475_postknowledge",0,0,"J4315_postknowledge","J5475_postknowledge",9,0,-0.0991611369789704,-0.451405062337721
"J4315 J5489",4,"J4315 J5489",4,"J4315","J5489","knowledge","naive","knowledge naive",4,NA,NA,0,"knowledge",-0.147658742298735,-4.25,-0.355393586992793,"J4315_J5489","postknowledge","J4315_J5489_postknowledge",0,0,"J4315_postknowledge","J5489_postknowledge",9,1,-0.0991611369789704,-0.3917952682644
"J4315 J5498",3,"J4315 J5498",3,"J4315","J5498","knowledge","naive","knowledge naive",3,NA,NA,0,"knowledge",-0.264469247162184,-5.25,-0.439015607461686,"J4315_J5498","postknowledge","J4315_J5498_postknowledge",0,0,"J4315_postknowledge","J5498_postknowledge",9,5,-0.0991611369789704,-0.153356091971114
"J4315 J5519",5,"J4315 J5519",5,"J4315","J5519","knowledge","naive","knowledge naive",5,0.0238095238095238,NA,1,"knowledge",-0.0308482374352854,-3.25,-0.271771566523901,"J4315_J5519","postknowledge","J4315_J5519_postknowledge",5,1,"J4315_postknowledge","J5519_postknowledge",9,53,-0.0991611369789704,2.70791402354831
"J4315 J5582",2,"J4315 J5582",2,"J4315","J5582","knowledge","naive","knowledge naive",2,NA,NA,0,"knowledge",-0.381279752025634,-6.25,-0.522637627930578,"J4315_J5582","postknowledge","J4315_J5582_postknowledge",0,0,"J4315_postknowledge","J5582_postknowledge",9,0,-0.0991611369789704,-0.451405062337721
"J4315 J5584",2,"J4315 J5584",2,"J4315","J5584","knowledge","naive","knowledge naive",2,NA,NA,0,"knowledge",-0.381279752025634,-6.25,-0.522637627930578,"J4315_J5584","postknowledge","J4315_J5584_postknowledge",0,0,"J4315_postknowledge","J5584_postknowledge",9,0,-0.0991611369789704,-0.451405062337721
"J4315 J5607",9,"J4315 J5607",9,"J4315","J5607","knowledge","naive","knowledge naive",9,NA,NA,0,"knowledge",0.436393782018513,0.75,0.0627165153516694,"J4315_J5607","postknowledge","J4315_J5607_postknowledge",0,0,"J4315_postknowledge","J5607_postknowledge",9,26,-0.0991611369789704,1.09844958356863
"J4315 J5649",3,"J4315 J5649",3,"J4315","J5649","knowledge","naive","knowledge naive",3,NA,NA,0,"knowledge",-0.264469247162184,-5.25,-0.439015607461686,"J4315_J5649","postknowledge","J4315_J5649_postknowledge",0,0,"J4315_postknowledge","J5649_postknowledge",9,0,-0.0991611369789704,-0.451405062337721
"J4315 J5651",4,"J4315 J5651",4,"J4315","J5651","knowledge","naive","knowledge naive",4,NA,NA,0,"knowledge",-0.147658742298735,-4.25,-0.355393586992793,"J4315_J5651","postknowledge","J4315_J5651_postknowledge",0,0,"J4315_postknowledge","J5651_postknowledge",9,0,-0.0991611369789704,-0.451405062337721
"J4315 J5810",11,"J4315 J5810",11,"J4315","J5810","knowledge","knowledge","knowledge knowledge",7.5,NA,NA,0,"knowledge",0.261178024723339,1.65865384615385,0.336762097038937,"J4315_J5810","postknowledge","J4315_J5810_postknowledge",0,0,"J4315_postknowledge","J5810_postknowledge",9,0,-0.0991611369789704,-0.451405062337721
"J4315 J5827",5,"J4315 J5827",5,"J4315","J5827","knowledge","naive","knowledge naive",5,NA,NA,0,"knowledge",-0.0308482374352854,-3.25,-0.271771566523901,"J4315_J5827","postknowledge","J4315_J5827_postknowledge",0,0,"J4315_postknowledge","J5827_postknowledge",9,0,-0.0991611369789704,-0.451405062337721
"J4315 J5874",6,"J4315 J5874",6,"J4315","J5874","knowledge","naive","knowledge naive",6,NA,NA,0,"knowledge",0.0859622674281642,-2.25,-0.188149546055008,"J4315_J5874","postknowledge","J4315_J5874_postknowledge",0,0,"J4315_postknowledge","J5874_postknowledge",9,0,-0.0991611369789704,-0.451405062337721
"J4315 J5922",4,"J4315 J5922",4,"J4315","J5922","knowledge","naive","knowledge naive",4,NA,NA,0,"knowledge",-0.147658742298735,-4.25,-0.355393586992793,"J4315_J5922","postknowledge","J4315_J5922_postknowledge",0,0,"J4315_postknowledge","J5922_postknowledge",9,0,-0.0991611369789704,-0.451405062337721
"J4315 J5939",32,"J4315 J5939",32,"J4315","J5939","knowledge","naive","knowledge naive",32,NA,NA,0,"knowledge",3.12303539387785,23.75,1.9860229861362,"J4315_J5939","postknowledge","J4315_J5939_postknowledge",0,0,"J4315_postknowledge","J5939_postknowledge",9,0,-0.0991611369789704,-0.451405062337721
"J4315 J5963",33,"J4315 J5963",33,"J4315","J5963","knowledge","naive","knowledge naive",33,NA,NA,0,"knowledge",3.2398458987413,24.75,2.06964500660509,"J4315_J5963","postknowledge","J4315_J5963_postknowledge",0,0,"J4315_postknowledge","J5963_postknowledge",9,0,-0.0991611369789704,-0.451405062337721
"J4315 J5964",7,"J4315 J5964",7,"J4315","J5964","knowledge","naive","knowledge naive",7,NA,NA,0,"knowledge",0.202772772291614,-1.25,-0.104527525586116,"J4315_J5964","postknowledge","J4315_J5964_postknowledge",0,0,"J4315_postknowledge","J5964_postknowledge",9,0,-0.0991611369789704,-0.451405062337721
"J4315 J5999",2,"J4315 J5999",2,"J4315","J5999","knowledge","naive","knowledge naive",2,NA,NA,0,"knowledge",-0.381279752025634,-6.25,-0.522637627930578,"J4315_J5999","postknowledge","J4315_J5999_postknowledge",0,0,"J4315_postknowledge","J5999_postknowledge",9,0,-0.0991611369789704,-0.451405062337721
"J4315 J6017",7,"J4315 J6017",7,"J4315","J6017","knowledge","naive","knowledge naive",7,NA,NA,0,"knowledge",0.202772772291614,-1.25,-0.104527525586116,"J4315_J6017","postknowledge","J4315_J6017_postknowledge",0,0,"J4315_postknowledge","J6017_postknowledge",9,0,-0.0991611369789704,-0.451405062337721
"J4315 J856",2,"J4315 J856",2,"J4315","J856","knowledge","naive","knowledge naive",2,NA,NA,0,"knowledge",-0.381279752025634,-6.25,-0.522637627930578,"J4315_J856","postknowledge","J4315_J856_postknowledge",0,0,"J4315_postknowledge","J856_postknowledge",9,0,-0.0991611369789704,-0.451405062337721
"J4782 J4345",2,"J4782 J4345",2,"J4345","J4782","naive","naive","naive naive",2,NA,NA,0,"naive",-0.381279752025634,-1.32224958949097,-0.270286137471486,"J4345_J4782","postknowledge","J4345_J4782_postknowledge",0,0,"J4345_postknowledge","J4782_postknowledge",11,10,-0.0102243315941875,0.144692878395492
"J4345 J4951",1,"J4345 J4951",1,"J4345","J4951","naive","naive","naive naive",1,NA,NA,0,"naive",-0.498090256889084,-2.32224958949097,-0.474699993690219,"J4345_J4951","postknowledge","J4345_J4951_postknowledge",0,0,"J4345_postknowledge","J4951_postknowledge",11,0,-0.0102243315941875,-0.451405062337721
"J5012 J4345",1,"J5012 J4345",1,"J4345","J5012","naive","naive","naive naive",1,NA,NA,0,"naive",-0.498090256889084,-2.32224958949097,-0.474699993690219,"J4345_J5012","postknowledge","J4345_J5012_postknowledge",1,1,"J4345_postknowledge","J5012_postknowledge",11,21,-0.0102243315941875,0.800400613202027
"J4345 J505",2,"J4345 J505",2,"J4345","J505","naive","naive","naive naive",2,NA,NA,0,"naive",-0.381279752025634,-1.32224958949097,-0.270286137471486,"J4345_J505","postknowledge","J4345_J505_postknowledge",0,0,"J4345_postknowledge","J505_postknowledge",11,22,-0.0102243315941875,0.860010407275348
"J5675B J4345",2,"J5675B J4345",2,"J4345","J5675B","naive","naive","naive naive",2,NA,NA,0,"naive",-0.381279752025634,-1.32224958949097,-0.270286137471486,"J4345_J5675B","postknowledge","J4345_J5675B_postknowledge",0,0,"J4345_postknowledge","J5675B_postknowledge",11,0,-0.0102243315941875,-0.451405062337721
"J5999 J4475",1,"J5999 J4475",1,"J4475","J5999","naive","naive","naive naive",1,NA,NA,0,"naive",-0.498090256889084,-2.32224958949097,-0.474699993690219,"J4475_J5999","postknowledge","J4475_J5999_postknowledge",0,0,"J4475_postknowledge","J5999_postknowledge",0,0,-0.499376761210493,-0.451405062337721
"J4514 J4654",6,"J4514 J4654",6,"J4514","J4654","knowledge","naive","knowledge naive",6,0.05,NA,1,"knowledge",0.0859622674281642,-2.25,-0.188149546055008,"J4514_J4654","postknowledge","J4514_J4654_postknowledge",1,1,"J4514_postknowledge","J4654_postknowledge",18,4,0.301054487252553,-0.212965886044436
"J4514 J4747",6,"J4514 J4747",6,"J4514","J4747","knowledge","naive","knowledge naive",6,0.0101010101010101,NA,1,"knowledge",0.0859622674281642,-2.25,-0.188149546055008,"J4514_J4747","postknowledge","J4514_J4747_postknowledge",2,1,"J4514_postknowledge","J4747_postknowledge",18,77,0.301054487252553,4.13854908130802
"J4514 J4967",3,"J4514 J4967",3,"J4514","J4967","knowledge","knowledge","knowledge knowledge",7.5,NA,NA,0,"knowledge",0.261178024723339,1.65865384615385,0.336762097038937,"J4514_J4967","postknowledge","J4514_J4967_postknowledge",0,0,"J4514_postknowledge","J4967_postknowledge",18,3,0.301054487252553,-0.272575680117757
"J4514 J4982",11,"J4514 J4982",11,"J4514","J4982","knowledge","naive","knowledge naive",11,NA,NA,0,"knowledge",0.670014791745412,2.75,0.229960556289454,"J4514_J4982","postknowledge","J4514_J4982_postknowledge",0,0,"J4514_postknowledge","J4982_postknowledge",18,1,0.301054487252553,-0.3917952682644
"J4514 J5017",3,"J4514 J5017",3,"J4514","J5017","knowledge","naive","knowledge naive",3,NA,NA,0,"knowledge",-0.264469247162184,-5.25,-0.439015607461686,"J4514_J5017","postknowledge","J4514_J5017_postknowledge",0,0,"J4514_postknowledge","J5017_postknowledge",18,0,0.301054487252553,-0.451405062337721
"J4514 J5146",6,"J4514 J5146",6,"J4514","J5146","knowledge","knowledge","knowledge knowledge",17,NA,NA,0,"knowledge",1.37087782092611,11.1586538461538,2.2655792093547,"J4514_J5146","postknowledge","J4514_J5146_postknowledge",0,0,"J4514_postknowledge","J5146_postknowledge",18,4,0.301054487252553,-0.212965886044436
"J4514 J5167",20,"J4514 J5167",20,"J4514","J5167","knowledge","naive","knowledge naive",20,NA,NA,0,"knowledge",1.72130933551646,11.75,0.982558740509487,"J4514_J5167","postknowledge","J4514_J5167_postknowledge",0,0,"J4514_postknowledge","J5167_postknowledge",18,0,0.301054487252553,-0.451405062337721
"J4514 J5316",8,"J4514 J5316",8,"J4514","J5316","knowledge","naive","knowledge naive",8,NA,NA,0,"knowledge",0.319583277155063,-0.25,-0.0209055051172231,"J4514_J5316","postknowledge","J4514_J5316_postknowledge",0,0,"J4514_postknowledge","J5316_postknowledge",18,37,0.301054487252553,1.75415731837517
"J4514 J5379",2,"J4514 J5379",2,"J4514","J5379","knowledge","naive","knowledge naive",2,NA,NA,0,"knowledge",-0.381279752025634,-6.25,-0.522637627930578,"J4514_J5379","postknowledge","J4514_J5379_postknowledge",0,0,"J4514_postknowledge","J5379_postknowledge",18,7,0.301054487252553,-0.0341365038244718
"J4514 J5456",2,"J4514 J5456",2,"J4514","J5456","knowledge","naive","knowledge naive",2,0.0588235294117647,NA,1,"knowledge",-0.381279752025634,-6.25,-0.522637627930578,"J4514_J5456","postknowledge","J4514_J5456_postknowledge",1,1,"J4514_postknowledge","J5456_postknowledge",18,5,0.301054487252553,-0.153356091971114
"J4514 J5475",4,"J4514 J5475",4,"J4514","J5475","knowledge","naive","knowledge naive",4,NA,NA,0,"knowledge",-0.147658742298735,-4.25,-0.355393586992793,"J4514_J5475","postknowledge","J4514_J5475_postknowledge",0,0,"J4514_postknowledge","J5475_postknowledge",18,0,0.301054487252553,-0.451405062337721
"J4514 J5489",5,"J4514 J5489",5,"J4514","J5489","knowledge","naive","knowledge naive",5,NA,NA,0,"knowledge",-0.0308482374352854,-3.25,-0.271771566523901,"J4514_J5489","postknowledge","J4514_J5489_postknowledge",0,0,"J4514_postknowledge","J5489_postknowledge",18,1,0.301054487252553,-0.3917952682644
"J4514 J5607",2,"J4514 J5607",2,"J4514","J5607","knowledge","naive","knowledge naive",2,NA,NA,0,"knowledge",-0.381279752025634,-6.25,-0.522637627930578,"J4514_J5607","postknowledge","J4514_J5607_postknowledge",0,0,"J4514_postknowledge","J5607_postknowledge",18,26,0.301054487252553,1.09844958356863
"J4514 J5651",6,"J4514 J5651",6,"J4514","J5651","knowledge","naive","knowledge naive",6,NA,NA,0,"knowledge",0.0859622674281642,-2.25,-0.188149546055008,"J4514_J5651","postknowledge","J4514_J5651_postknowledge",0,0,"J4514_postknowledge","J5651_postknowledge",18,0,0.301054487252553,-0.451405062337721
"J4514 J5827",1,"J4514 J5827",1,"J4514","J5827","knowledge","naive","knowledge naive",1,NA,NA,0,"knowledge",-0.498090256889084,-7.25,-0.606259648399471,"J4514_J5827","postknowledge","J4514_J5827_postknowledge",0,0,"J4514_postknowledge","J5827_postknowledge",18,0,0.301054487252553,-0.451405062337721
"J4514 J5963",25,"J4514 J5963",25,"J4514","J5963","knowledge","naive","knowledge naive",25,NA,NA,0,"knowledge",2.30536185983371,16.75,1.40066884285395,"J4514_J5963","postknowledge","J4514_J5963_postknowledge",0,0,"J4514_postknowledge","J5963_postknowledge",18,0,0.301054487252553,-0.451405062337721
"J4514 J5964",11,"J4514 J5964",11,"J4514","J5964","knowledge","naive","knowledge naive",11,NA,NA,0,"knowledge",0.670014791745412,2.75,0.229960556289454,"J4514_J5964","postknowledge","J4514_J5964_postknowledge",0,0,"J4514_postknowledge","J5964_postknowledge",18,0,0.301054487252553,-0.451405062337721
"J4514 J831",14,"J4514 J831",14,"J4514","J831","knowledge","knowledge","knowledge knowledge",14,NA,NA,0,"knowledge",1.02044630633576,8.15865384615385,1.65647906862341,"J4514_J831","postknowledge","J4514_J831_postknowledge",0,0,"J4514_postknowledge","J831_postknowledge",18,0,0.301054487252553,-0.451405062337721
"J4521 J4954",4,"J4521 J4954",4,"J4521","J4954","knowledge","naive","knowledge naive",4,NA,NA,0,"knowledge",-0.147658742298735,-4.25,-0.355393586992793,"J4521_J4954","postknowledge","J4521_J4954_postknowledge",0,0,"J4521_postknowledge","J4954_postknowledge",60,76,2.16872740033299,4.0789392872347
"J4521 J505",2,"J4521 J505",2,"J4521","J505","knowledge","naive","knowledge naive",2,0.0105263157894737,NA,1,"knowledge",-0.381279752025634,-6.25,-0.522637627930578,"J4521_J505","postknowledge","J4521_J505_postknowledge",0,0,"J4521_postknowledge","J505_postknowledge",60,22,2.16872740033299,0.860010407275348
"J4521 J5056",1,"J4521 J5056",1,"J4521","J5056","knowledge","naive","knowledge naive",1,NA,NA,0,"knowledge",-0.498090256889084,-7.25,-0.606259648399471,"J4521_J5056","postknowledge","J4521_J5056_postknowledge",0,0,"J4521_postknowledge","J5056_postknowledge",60,0,2.16872740033299,-0.451405062337721
"J4521 J5087",2,"J4521 J5087",2,"J4521","J5087","knowledge","naive","knowledge naive",2,NA,NA,0,"knowledge",-0.381279752025634,-6.25,-0.522637627930578,"J4521_J5087","postknowledge","J4521_J5087_postknowledge",0,0,"J4521_postknowledge","J5087_postknowledge",60,0,2.16872740033299,-0.451405062337721
"J5074 J4552",2,"J5074 J4552",2,"J4552","J5074","knowledge","naive","knowledge naive",2,0.0256410256410256,NA,1,"knowledge",-0.381279752025634,-6.25,-0.522637627930578,"J4552_J5074","postknowledge","J4552_J5074_postknowledge",9,1,"J4552_postknowledge","J5074_postknowledge",78,59,2.96915864879604,3.06557278798824
"J4552 J5087",1,"J4552 J5087",1,"J4552","J5087","naive","naive","naive naive",1,NA,NA,0,"naive",-0.498090256889084,-2.32224958949097,-0.474699993690219,"J4552_J5087","postknowledge","J4552_J5087_postknowledge",0,0,"J4552_postknowledge","J5087_postknowledge",78,0,2.96915864879604,-0.451405062337721
"J4552 J5222",3,"J4552 J5222",3,"J4552","J5222","naive","naive","naive naive",3,NA,NA,0,"naive",-0.264469247162184,-0.322249589490969,-0.0658722812527527,"J4552_J5222","postknowledge","J4552_J5222_postknowledge",0,0,"J4552_postknowledge","J5222_postknowledge",78,11,2.96915864879604,0.204302672468813
"J5695 J4552",2,"J5695 J4552",2,"J4552","J5695","knowledge","naive","knowledge naive",2,0.0103092783505155,NA,1,"knowledge",-0.381279752025634,-6.25,-0.522637627930578,"J4552_J5695","postknowledge","J4552_J5695_postknowledge",0,0,"J4552_postknowledge","J5695_postknowledge",78,0,2.96915864879604,-0.451405062337721
"J4552 J6042",2,"J4552 J6042",2,"J4552","J6042","naive","naive","naive naive",2,NA,NA,0,"naive",-0.381279752025634,-1.32224958949097,-0.270286137471486,"J4552_J6042","postknowledge","J4552_J6042_postknowledge",0,0,"J4552_postknowledge","J6042_postknowledge",78,0,2.96915864879604,-0.451405062337721
"J4961 J4569",1,"J4961 J4569",1,"J4569","J4961","naive","naive","naive naive",1,0.0153846153846154,NA,1,"naive",-0.498090256889084,-2.32224958949097,-0.474699993690219,"J4569_J4961","postknowledge","J4569_J4961_postknowledge",0,0,"J4569_postknowledge","J4961_postknowledge",0,0,-0.499376761210493,-0.451405062337721
"J5695 J4569",2,"J5695 J4569",2,"J4569","J5695","knowledge","naive","knowledge naive",2,NA,NA,0,"knowledge",-0.381279752025634,-6.25,-0.522637627930578,"J4569_J5695","postknowledge","J4569_J5695_postknowledge",0,0,"J4569_postknowledge","J5695_postknowledge",0,0,-0.499376761210493,-0.451405062337721
"J595 J4569",1,"J595 J4569",1,"J4569","J595","naive","naive","naive naive",1,NA,NA,0,"naive",-0.498090256889084,-2.32224958949097,-0.474699993690219,"J4569_J595","postknowledge","J4569_J595_postknowledge",0,0,"J4569_postknowledge","J595_postknowledge",0,1,-0.499376761210493,-0.3917952682644
"J6043 J4569",1,"J6043 J4569",1,"J4569","J6043","naive","naive","naive naive",1,0.00704225352112676,NA,1,"naive",-0.498090256889084,-2.32224958949097,-0.474699993690219,"J4569_J6043","postknowledge","J4569_J6043_postknowledge",0,0,"J4569_postknowledge","J6043_postknowledge",0,0,-0.499376761210493,-0.451405062337721
"J4601 J4715",2,"J4601 J4715",2,"J4601","J4715","knowledge","naive","knowledge naive",2,0.00980392156862745,NA,1,"knowledge",-0.381279752025634,-6.25,-0.522637627930578,"J4601_J4715","postknowledge","J4601_J4715_postknowledge",0,0,"J4601_postknowledge","J4715_postknowledge",0,3,-0.499376761210493,-0.272575680117757
"J4601 J4819",1,"J4601 J4819",1,"J4601","J4819","knowledge","naive","knowledge naive",1,0.0072992700729927,NA,1,"knowledge",-0.498090256889084,-7.25,-0.606259648399471,"J4601_J4819","postknowledge","J4601_J4819_postknowledge",0,0,"J4601_postknowledge","J4819_postknowledge",0,0,-0.499376761210493,-0.451405062337721
"J4601 J4951",3,"J4601 J4951",3,"J4601","J4951","knowledge","naive","knowledge naive",3,0.00847457627118644,NA,1,"knowledge",-0.264469247162184,-5.25,-0.439015607461686,"J4601_J4951","postknowledge","J4601_J4951_postknowledge",0,0,"J4601_postknowledge","J4951_postknowledge",0,0,-0.499376761210493,-0.451405062337721
"J4601 J5006",9,"J4601 J5006",9,"J4601","J5006","knowledge","naive","knowledge naive",9,NA,NA,0,"knowledge",0.436393782018513,0.75,0.0627165153516694,"J4601_J5006","postknowledge","J4601_J5006_postknowledge",0,0,"J4601_postknowledge","J5006_postknowledge",0,16,-0.499376761210493,0.50235164283542
"J4601 J505",3,"J4601 J505",3,"J4601","J505","knowledge","naive","knowledge naive",3,NA,NA,0,"knowledge",-0.264469247162184,-5.25,-0.439015607461686,"J4601_J505","postknowledge","J4601_J505_postknowledge",0,0,"J4601_postknowledge","J505_postknowledge",0,22,-0.499376761210493,0.860010407275348
"J4601 J5056",3,"J4601 J5056",3,"J4601","J5056","knowledge","naive","knowledge naive",3,0.0232558139534884,NA,1,"knowledge",-0.264469247162184,-5.25,-0.439015607461686,"J4601_J5056","postknowledge","J4601_J5056_postknowledge",0,0,"J4601_postknowledge","J5056_postknowledge",0,0,-0.499376761210493,-0.451405062337721
"J4601 J5074",10,"J4601 J5074",10,"J4601","J5074","knowledge","knowledge","knowledge knowledge",10,NA,NA,0,"knowledge",0.553204286881962,4.15865384615385,0.844345547648349,"J4601_J5074","postknowledge","J4601_J5074_postknowledge",0,0,"J4601_postknowledge","J5074_postknowledge",0,59,-0.499376761210493,3.06557278798824
"J4601 J5651",2,"J4601 J5651",2,"J4601","J5651","knowledge","naive","knowledge naive",2,NA,NA,0,"knowledge",-0.381279752025634,-6.25,-0.522637627930578,"J4601_J5651","postknowledge","J4601_J5651_postknowledge",0,0,"J4601_postknowledge","J5651_postknowledge",0,0,-0.499376761210493,-0.451405062337721
"J4601 J5694",19,"J4601 J5694",19,"J4601","J5694","knowledge","knowledge","knowledge knowledge",10,NA,NA,0,"knowledge",0.553204286881962,4.15865384615385,0.844345547648349,"J4601_J5694","postknowledge","J4601_J5694_postknowledge",0,0,"J4601_postknowledge","J5694_postknowledge",0,0,-0.499376761210493,-0.451405062337721
"J4601 J5809",8,"J4601 J5809",8,"J4601","J5809","knowledge","naive","knowledge naive",8,NA,NA,0,"knowledge",0.319583277155063,-0.25,-0.0209055051172231,"J4601_J5809","postknowledge","J4601_J5809_postknowledge",0,0,"J4601_postknowledge","J5809_postknowledge",0,0,-0.499376761210493,-0.451405062337721
"J4601 J595",3,"J4601 J595",3,"J4601","J595","knowledge","naive","knowledge naive",3,NA,NA,0,"knowledge",-0.264469247162184,-5.25,-0.439015607461686,"J4601_J595","postknowledge","J4601_J595_postknowledge",0,0,"J4601_postknowledge","J595_postknowledge",0,1,-0.499376761210493,-0.3917952682644
"J4601 J5999",2,"J4601 J5999",2,"J4601","J5999","knowledge","naive","knowledge naive",2,NA,NA,0,"knowledge",-0.381279752025634,-6.25,-0.522637627930578,"J4601_J5999","postknowledge","J4601_J5999_postknowledge",0,0,"J4601_postknowledge","J5999_postknowledge",0,0,-0.499376761210493,-0.451405062337721
"J4601 J972",5,"J4601 J972",5,"J4601","J972","knowledge","naive","knowledge naive",5,NA,NA,0,"knowledge",-0.0308482374352854,-3.25,-0.271771566523901,"J4601_J972","postknowledge","J4601_J972_postknowledge",0,0,"J4601_postknowledge","J972_postknowledge",0,0,-0.499376761210493,-0.451405062337721
"J4654 J4651",1,"J4654 J4651",1,"J4651","J4654","naive","naive","naive naive",1,NA,NA,0,"naive",-0.498090256889084,-2.32224958949097,-0.474699993690219,"J4651_J4654","postknowledge","J4651_J4654_postknowledge",0,0,"J4651_postknowledge","J4654_postknowledge",34,4,1.01254893033082,-0.212965886044436
"J4967 J4651",2,"J4967 J4651",2,"J4651","J4967","knowledge","naive","knowledge naive",2,NA,NA,0,"knowledge",-0.381279752025634,-6.25,-0.522637627930578,"J4651_J4967","postknowledge","J4651_J4967_postknowledge",0,0,"J4651_postknowledge","J4967_postknowledge",34,3,1.01254893033082,-0.272575680117757
"J5475 J4651",2,"J5475 J4651",2,"J4651","J5475","naive","naive","naive naive",2,NA,NA,0,"naive",-0.381279752025634,-1.32224958949097,-0.270286137471486,"J4651_J5475","postknowledge","J4651_J5475_postknowledge",0,0,"J4651_postknowledge","J5475_postknowledge",34,0,1.01254893033082,-0.451405062337721
"J4651 J5489",1,"J4651 J5489",1,"J4651","J5489","naive","naive","naive naive",1,NA,NA,0,"naive",-0.498090256889084,-2.32224958949097,-0.474699993690219,"J4651_J5489","postknowledge","J4651_J5489_postknowledge",0,0,"J4651_postknowledge","J5489_postknowledge",34,1,1.01254893033082,-0.3917952682644
"J4747 J4654",7,"J4747 J4654",7,"J4654","J4747","naive","naive","naive naive",7,NA,NA,0,"naive",0.202772772291614,3.67775041050903,0.75178314362218,"J4654_J4747","postknowledge","J4654_J4747_postknowledge",1,1,"J4654_postknowledge","J4747_postknowledge",4,77,-0.321503150440928,4.13854908130802
"J4654 J4982",2,"J4654 J4982",2,"J4654","J4982","naive","naive","naive naive",1.5,NA,NA,0,"naive",-0.439685004457359,-1.82224958949097,-0.372493065580853,"J4654_J4982","postknowledge","J4654_J4982_postknowledge",0,0,"J4654_postknowledge","J4982_postknowledge",4,1,-0.321503150440928,-0.3917952682644
"J5146 J4654",31,"J5146 J4654",31,"J4654","J5146","knowledge","naive","knowledge naive",31,NA,NA,0,"knowledge",3.0062248890144,22.75,1.9024009656673,"J4654_J5146","postknowledge","J4654_J5146_postknowledge",0,0,"J4654_postknowledge","J5146_postknowledge",4,4,-0.321503150440928,-0.212965886044436
"J5167 J4654",6,"J5167 J4654",6,"J4654","J5167","naive","naive","naive naive",6,NA,NA,0,"naive",0.0859622674281642,2.67775041050903,0.547369287403447,"J4654_J5167","postknowledge","J4654_J5167_postknowledge",0,0,"J4654_postknowledge","J5167_postknowledge",4,0,-0.321503150440928,-0.451405062337721
"J5184 J4654",1,"J5184 J4654",1,"J4654","J5184","naive","naive","naive naive",1,NA,NA,0,"naive",-0.498090256889084,-2.32224958949097,-0.474699993690219,"J4654_J5184","postknowledge","J4654_J5184_postknowledge",0,0,"J4654_postknowledge","J5184_postknowledge",4,0,-0.321503150440928,-0.451405062337721
"J5475 J4654",2,"J5475 J4654",2,"J4654","J5475","naive","naive","naive naive",2,NA,NA,0,"naive",-0.381279752025634,-1.32224958949097,-0.270286137471486,"J4654_J5475","postknowledge","J4654_J5475_postknowledge",0,0,"J4654_postknowledge","J5475_postknowledge",4,0,-0.321503150440928,-0.451405062337721
"J5607 J4654",4,"J5607 J4654",4,"J4654","J5607","naive","naive","naive naive",4,0.0285714285714286,NA,1,"naive",-0.147658742298735,0.677750410509031,0.138541574965981,"J4654_J5607","postknowledge","J4654_J5607_postknowledge",1,1,"J4654_postknowledge","J5607_postknowledge",4,26,-0.321503150440928,1.09844958356863
"J5827 J4654",2,"J5827 J4654",2,"J4654","J5827","naive","naive","naive naive",2,NA,NA,0,"naive",-0.381279752025634,-1.32224958949097,-0.270286137471486,"J4654_J5827","postknowledge","J4654_J5827_postknowledge",0,0,"J4654_postknowledge","J5827_postknowledge",4,0,-0.321503150440928,-0.451405062337721
"J5939 J4654",2,"J5939 J4654",2,"J4654","J5939","naive","naive","naive naive",2,NA,NA,0,"naive",-0.381279752025634,-1.32224958949097,-0.270286137471486,"J4654_J5939","postknowledge","J4654_J5939_postknowledge",0,0,"J4654_postknowledge","J5939_postknowledge",4,0,-0.321503150440928,-0.451405062337721
"J5963 J4654",1,"J5963 J4654",1,"J4654","J5963","naive","naive","naive naive",1,NA,NA,0,"naive",-0.498090256889084,-2.32224958949097,-0.474699993690219,"J4654_J5963","postknowledge","J4654_J5963_postknowledge",0,0,"J4654_postknowledge","J5963_postknowledge",4,0,-0.321503150440928,-0.451405062337721
"J5964 J4654",1,"J5964 J4654",1,"J4654","J5964","naive","naive","naive naive",1,NA,NA,0,"naive",-0.498090256889084,-2.32224958949097,-0.474699993690219,"J4654_J5964","postknowledge","J4654_J5964_postknowledge",0,0,"J4654_postknowledge","J5964_postknowledge",4,0,-0.321503150440928,-0.451405062337721
"J4715 J505",1,"J4715 J505",1,"J4715","J505","naive","naive","naive naive",1,NA,NA,0,"naive",-0.498090256889084,-2.32224958949097,-0.474699993690219,"J4715_J505","postknowledge","J4715_J505_postknowledge",1,1,"J4715_postknowledge","J505_postknowledge",3,22,-0.365971553133319,0.860010407275348
"J4731 J5963",1,"J4731 J5963",1,"J4731","J5963","naive","naive","naive naive",1,NA,NA,0,"naive",-0.498090256889084,-2.32224958949097,-0.474699993690219,"J4731_J5963","postknowledge","J4731_J5963_postknowledge",0,0,"J4731_postknowledge","J5963_postknowledge",32,0,0.923612124946033,-0.451405062337721
"J4731 J5999",2,"J4731 J5999",2,"J4731","J5999","naive","naive","naive naive",2,NA,NA,0,"naive",-0.381279752025634,-1.32224958949097,-0.270286137471486,"J4731_J5999","postknowledge","J4731_J5999_postknowledge",0,0,"J4731_postknowledge","J5999_postknowledge",32,0,0.923612124946033,-0.451405062337721
"J4967 J4747",19,"J4967 J4747",19,"J4747","J4967","knowledge","naive","knowledge naive",19,NA,NA,0,"knowledge",1.60449883065301,10.75,0.898936720040594,"J4747_J4967","postknowledge","J4747_J4967_postknowledge",0,0,"J4747_postknowledge","J4967_postknowledge",77,3,2.92469024610365,-0.272575680117757
"J4747 J4982",2,"J4747 J4982",2,"J4747","J4982","naive","naive","naive naive",2.5,NA,NA,0,"naive",-0.322874499593909,-0.822249589490969,-0.168079209362119,"J4747_J4982","postknowledge","J4747_J4982_postknowledge",0,0,"J4747_postknowledge","J4982_postknowledge",77,1,2.92469024610365,-0.3917952682644
"J5146 J4747",21,"J5146 J4747",21,"J4747","J5146","knowledge","naive","knowledge naive",21,NA,NA,0,"knowledge",1.83811984037991,12.75,1.06618076097838,"J4747_J5146","postknowledge","J4747_J5146_postknowledge",1,1,"J4747_postknowledge","J5146_postknowledge",77,4,2.92469024610365,-0.212965886044436
"J5167 J4747",2,"J5167 J4747",2,"J4747","J5167","naive","naive","naive naive",2,NA,NA,0,"naive",-0.381279752025634,-1.32224958949097,-0.270286137471486,"J4747_J5167","postknowledge","J4747_J5167_postknowledge",0,0,"J4747_postknowledge","J5167_postknowledge",77,0,2.92469024610365,-0.451405062337721
"J5379 J4747",8,"J5379 J4747",8,"J4747","J5379","naive","naive","naive naive",8,0.0112359550561798,NA,1,"naive",0.319583277155063,4.67775041050903,0.956196999840914,"J4747_J5379","postknowledge","J4747_J5379_postknowledge",2,1,"J4747_postknowledge","J5379_postknowledge",77,7,2.92469024610365,-0.0341365038244718
"J5475 J4747",2,"J5475 J4747",2,"J4747","J5475","naive","naive","naive naive",2,NA,NA,0,"naive",-0.381279752025634,-1.32224958949097,-0.270286137471486,"J4747_J5475","postknowledge","J4747_J5475_postknowledge",0,0,"J4747_postknowledge","J5475_postknowledge",77,0,2.92469024610365,-0.451405062337721
"J5658 J4747",2,"J5658 J4747",2,"J4747","J5658","naive","naive","naive naive",2,NA,NA,0,"naive",-0.381279752025634,-1.32224958949097,-0.270286137471486,"J4747_J5658","postknowledge","J4747_J5658_postknowledge",0,0,"J4747_postknowledge","J5658_postknowledge",77,0,2.92469024610365,-0.451405062337721
"J5740 J4747",4,"J5740 J4747",4,"J4747","J5740","naive","naive","naive naive",4,NA,NA,0,"naive",-0.147658742298735,0.677750410509031,0.138541574965981,"J4747_J5740","postknowledge","J4747_J5740_postknowledge",0,0,"J4747_postknowledge","J5740_postknowledge",77,0,2.92469024610365,-0.451405062337721
"J5874 J4747",2,"J5874 J4747",2,"J4747","J5874","naive","naive","naive naive",2,NA,NA,0,"naive",-0.381279752025634,-1.32224958949097,-0.270286137471486,"J4747_J5874","postknowledge","J4747_J5874_postknowledge",0,0,"J4747_postknowledge","J5874_postknowledge",77,0,2.92469024610365,-0.451405062337721
"J5922 J4747",6,"J5922 J4747",6,"J4747","J5922","naive","naive","naive naive",6,NA,NA,0,"naive",0.0859622674281642,2.67775041050903,0.547369287403447,"J4747_J5922","postknowledge","J4747_J5922_postknowledge",0,0,"J4747_postknowledge","J5922_postknowledge",77,0,2.92469024610365,-0.451405062337721
"J5964 J4747",3,"J5964 J4747",3,"J4747","J5964","naive","naive","naive naive",3,NA,NA,0,"naive",-0.264469247162184,-0.322249589490969,-0.0658722812527527,"J4747_J5964","postknowledge","J4747_J5964_postknowledge",0,0,"J4747_postknowledge","J5964_postknowledge",77,0,2.92469024610365,-0.451405062337721
"J4752 J5827",2,"J4752 J5827",2,"J4752","J5827","naive","naive","naive naive",2,NA,NA,0,"naive",-0.381279752025634,-1.32224958949097,-0.270286137471486,"J4752_J5827","postknowledge","J4752_J5827_postknowledge",0,0,"J4752_postknowledge","J5827_postknowledge",2,0,-0.41043995582571,-0.451405062337721
"J4752 J5963",6,"J4752 J5963",6,"J4752","J5963","naive","naive","naive naive",6,NA,NA,0,"naive",0.0859622674281642,2.67775041050903,0.547369287403447,"J4752_J5963","postknowledge","J4752_J5963_postknowledge",0,0,"J4752_postknowledge","J5963_postknowledge",2,0,-0.41043995582571,-0.451405062337721
"J4770 J4776",2,"J4770 J4776",2,"J4770","J4776","naive","naive","naive naive",2,NA,NA,0,"naive",-0.381279752025634,-1.32224958949097,-0.270286137471486,"J4770_J4776","postknowledge","J4770_J4776_postknowledge",0,0,"J4770_postknowledge","J4776_postknowledge",1,3,-0.454908358518102,-0.272575680117757
"J4961 J4770",1,"J4961 J4770",1,"J4770","J4961","naive","naive","naive naive",1,NA,NA,0,"naive",-0.498090256889084,-2.32224958949097,-0.474699993690219,"J4770_J4961","postknowledge","J4770_J4961_postknowledge",0,0,"J4770_postknowledge","J4961_postknowledge",1,0,-0.454908358518102,-0.451405062337721
"J4770 J5056",4,"J4770 J5056",4,"J4770","J5056","naive","naive","naive naive",4,NA,NA,0,"naive",-0.147658742298735,0.677750410509031,0.138541574965981,"J4770_J5056","postknowledge","J4770_J5056_postknowledge",0,0,"J4770_postknowledge","J5056_postknowledge",1,0,-0.454908358518102,-0.451405062337721
"J4770 J5087",1,"J4770 J5087",1,"J4770","J5087","naive","naive","naive naive",1,NA,NA,0,"naive",-0.498090256889084,-2.32224958949097,-0.474699993690219,"J4770_J5087","postknowledge","J4770_J5087_postknowledge",0,0,"J4770_postknowledge","J5087_postknowledge",1,0,-0.454908358518102,-0.451405062337721
"J5121 J4770",4,"J5121 J4770",4,"J4770","J5121","knowledge","naive","knowledge naive",4,NA,NA,0,"knowledge",-0.147658742298735,-4.25,-0.355393586992793,"J4770_J5121","postknowledge","J4770_J5121_postknowledge",0,0,"J4770_postknowledge","J5121_postknowledge",1,25,-0.454908358518102,1.03883978949531
"J5730 J4770",1,"J5730 J4770",1,"J4770","J5730","knowledge","naive","knowledge naive",1,NA,NA,0,"knowledge",-0.498090256889084,-7.25,-0.606259648399471,"J4770_J5730","postknowledge","J4770_J5730_postknowledge",0,0,"J4770_postknowledge","J5730_postknowledge",1,0,-0.454908358518102,-0.451405062337721
"J4770 J5766",2,"J4770 J5766",2,"J4770","J5766","naive","naive","naive naive",2,NA,NA,0,"naive",-0.381279752025634,-1.32224958949097,-0.270286137471486,"J4770_J5766","postknowledge","J4770_J5766_postknowledge",0,0,"J4770_postknowledge","J5766_postknowledge",1,0,-0.454908358518102,-0.451405062337721
"J6042 J4770",1,"J6042 J4770",1,"J4770","J6042","naive","naive","naive naive",1,NA,NA,0,"naive",-0.498090256889084,-2.32224958949097,-0.474699993690219,"J4770_J6042","postknowledge","J4770_J6042_postknowledge",0,0,"J4770_postknowledge","J6042_postknowledge",1,0,-0.454908358518102,-0.451405062337721
"J4776 J4782",2,"J4776 J4782",2,"J4776","J4782","naive","naive","naive naive",2,NA,NA,0,"naive",-0.381279752025634,-1.32224958949097,-0.270286137471486,"J4776_J4782","postknowledge","J4776_J4782_postknowledge",1,1,"J4776_postknowledge","J4782_postknowledge",3,10,-0.365971553133319,0.144692878395492
"J4986 J4776",2,"J4986 J4776",2,"J4776","J4986","naive","naive","naive naive",2,NA,NA,0,"naive",-0.381279752025634,-1.32224958949097,-0.270286137471486,"J4776_J4986","postknowledge","J4776_J4986_postknowledge",1,1,"J4776_postknowledge","J4986_postknowledge",3,56,-0.365971553133319,2.88674340576827
"J4776 J505",2,"J4776 J505",2,"J4776","J505","naive","naive","naive naive",2,NA,NA,0,"naive",-0.381279752025634,-1.32224958949097,-0.270286137471486,"J4776_J505","postknowledge","J4776_J505_postknowledge",0,0,"J4776_postknowledge","J505_postknowledge",3,22,-0.365971553133319,0.860010407275348
"J5053 J4776",2,"J5053 J4776",2,"J4776","J5053","knowledge","naive","knowledge naive",2,NA,NA,0,"knowledge",-0.381279752025634,-6.25,-0.522637627930578,"J4776_J5053","postknowledge","J4776_J5053_postknowledge",2,1,"J4776_postknowledge","J5053_postknowledge",3,56,-0.365971553133319,2.88674340576827
"J5087 J4776",1,"J5087 J4776",1,"J4776","J5087","naive","naive","naive naive",1,NA,NA,0,"naive",-0.498090256889084,-2.32224958949097,-0.474699993690219,"J4776_J5087","postknowledge","J4776_J5087_postknowledge",0,0,"J4776_postknowledge","J5087_postknowledge",3,0,-0.365971553133319,-0.451405062337721
"J5089 J4776",2,"J5089 J4776",2,"J4776","J5089","knowledge","naive","knowledge naive",2,NA,NA,0,"knowledge",-0.381279752025634,-6.25,-0.522637627930578,"J4776_J5089","postknowledge","J4776_J5089_postknowledge",0,0,"J4776_postknowledge","J5089_postknowledge",3,0,-0.365971553133319,-0.451405062337721
"J5694 J4776",5,"J5694 J4776",5,"J4776","J5694","knowledge","naive","knowledge naive",5,NA,NA,0,"knowledge",-0.0308482374352854,-3.25,-0.271771566523901,"J4776_J5694","postknowledge","J4776_J5694_postknowledge",0,0,"J4776_postknowledge","J5694_postknowledge",3,0,-0.365971553133319,-0.451405062337721
"J5695 J4776",3,"J5695 J4776",3,"J4776","J5695","knowledge","naive","knowledge naive",3,NA,NA,0,"knowledge",-0.264469247162184,-5.25,-0.439015607461686,"J4776_J5695","postknowledge","J4776_J5695_postknowledge",0,0,"J4776_postknowledge","J5695_postknowledge",3,0,-0.365971553133319,-0.451405062337721
"J4776 J5723A",2,"J4776 J5723A",2,"J4776","J5723A","naive","naive","naive naive",1.5,NA,NA,0,"naive",-0.439685004457359,-1.82224958949097,-0.372493065580853,"J4776_J5723A","postknowledge","J4776_J5723A_postknowledge",0,0,"J4776_postknowledge","J5723A_postknowledge",3,0,-0.365971553133319,-0.451405062337721
"J5728B J4776",1,"J5728B J4776",1,"J4776","J5728B","naive","naive","naive naive",1,NA,NA,0,"naive",-0.498090256889084,-2.32224958949097,-0.474699993690219,"J4776_J5728B","postknowledge","J4776_J5728B_postknowledge",0,0,"J4776_postknowledge","J5728B_postknowledge",3,0,-0.365971553133319,-0.451405062337721
"J5766 J4776",1,"J5766 J4776",1,"J4776","J5766","naive","naive","naive naive",1,NA,NA,0,"naive",-0.498090256889084,-2.32224958949097,-0.474699993690219,"J4776_J5766","postknowledge","J4776_J5766_postknowledge",0,0,"J4776_postknowledge","J5766_postknowledge",3,0,-0.365971553133319,-0.451405062337721
"J6051 J4776",2,"J6051 J4776",2,"J4776","J6051","naive","naive","naive naive",2,NA,NA,0,"naive",-0.381279752025634,-1.32224958949097,-0.270286137471486,"J4776_J6051","postknowledge","J4776_J6051_postknowledge",0,0,"J4776_postknowledge","J6051_postknowledge",3,0,-0.365971553133319,-0.451405062337721
"J4782 J5006",1,"J4782 J5006",1,"J4782","J5006","naive","naive","naive naive",1,NA,NA,0,"naive",-0.498090256889084,-2.32224958949097,-0.474699993690219,"J4782_J5006","postknowledge","J4782_J5006_postknowledge",0,0,"J4782_postknowledge","J5006_postknowledge",10,16,-0.0546927342865789,0.50235164283542
"J5053 J4782",2,"J5053 J4782",2,"J4782","J5053","knowledge","naive","knowledge naive",2,0.0204081632653061,NA,1,"knowledge",-0.381279752025634,-6.25,-0.522637627930578,"J4782_J5053","postknowledge","J4782_J5053_postknowledge",2,1,"J4782_postknowledge","J5053_postknowledge",10,56,-0.0546927342865789,2.88674340576827
"J5089 J4782",4,"J5089 J4782",4,"J4782","J5089","knowledge","naive","knowledge naive",4,NA,NA,0,"knowledge",-0.147658742298735,-4.25,-0.355393586992793,"J4782_J5089","postknowledge","J4782_J5089_postknowledge",0,0,"J4782_postknowledge","J5089_postknowledge",10,0,-0.0546927342865789,-0.451405062337721
"J4782 J5215",2,"J4782 J5215",2,"J4782","J5215","naive","naive","naive naive",2,NA,NA,0,"naive",-0.381279752025634,-1.32224958949097,-0.270286137471486,"J4782_J5215","postknowledge","J4782_J5215_postknowledge",0,0,"J4782_postknowledge","J5215_postknowledge",10,10,-0.0546927342865789,0.144692878395492
"J5695 J4782",2,"J5695 J4782",2,"J4782","J5695","knowledge","naive","knowledge naive",2,NA,NA,0,"knowledge",-0.381279752025634,-6.25,-0.522637627930578,"J4782_J5695","postknowledge","J4782_J5695_postknowledge",0,0,"J4782_postknowledge","J5695_postknowledge",10,0,-0.0546927342865789,-0.451405062337721
"J4782 J5723A",2,"J4782 J5723A",2,"J4782","J5723A","naive","naive","naive naive",2,NA,NA,0,"naive",-0.381279752025634,-1.32224958949097,-0.270286137471486,"J4782_J5723A","postknowledge","J4782_J5723A_postknowledge",0,0,"J4782_postknowledge","J5723A_postknowledge",10,0,-0.0546927342865789,-0.451405062337721
"J4782 J5763",1,"J4782 J5763",1,"J4782","J5763","naive","naive","naive naive",1,0.0138888888888889,NA,1,"naive",-0.498090256889084,-2.32224958949097,-0.474699993690219,"J4782_J5763","postknowledge","J4782_J5763_postknowledge",0,0,"J4782_postknowledge","J5763_postknowledge",10,0,-0.0546927342865789,-0.451405062337721
"J4782 J5803",1,"J4782 J5803",1,"J4782","J5803","naive","naive","naive naive",2.5,NA,NA,0,"naive",-0.322874499593909,-0.822249589490969,-0.168079209362119,"J4782_J5803","postknowledge","J4782_J5803_postknowledge",0,0,"J4782_postknowledge","J5803_postknowledge",10,0,-0.0546927342865789,-0.451405062337721
"J4782 J6033",1,"J4782 J6033",1,"J4782","J6033","naive","naive","naive naive",1,NA,NA,0,"naive",-0.498090256889084,-2.32224958949097,-0.474699993690219,"J4782_J6033","postknowledge","J4782_J6033_postknowledge",0,0,"J4782_postknowledge","J6033_postknowledge",10,0,-0.0546927342865789,-0.451405062337721
"J4782 J972",2,"J4782 J972",2,"J4782","J972","naive","naive","naive naive",2,NA,NA,0,"naive",-0.381279752025634,-1.32224958949097,-0.270286137471486,"J4782_J972","postknowledge","J4782_J972_postknowledge",0,0,"J4782_postknowledge","J972_postknowledge",10,0,-0.0546927342865789,-0.451405062337721
"J4967 J4819",8,"J4967 J4819",8,"J4819","J4967","knowledge","naive","knowledge naive",8,NA,NA,0,"knowledge",0.319583277155063,-0.25,-0.0209055051172231,"J4819_J4967","postknowledge","J4819_J4967_postknowledge",0,0,"J4819_postknowledge","J4967_postknowledge",0,3,-0.499376761210493,-0.272575680117757
"J4819 J5043",8,"J4819 J5043",8,"J4819","J5043","naive","naive","naive naive",8,0.0256410256410256,NA,1,"naive",0.319583277155063,4.67775041050903,0.956196999840914,"J4819_J5043","postknowledge","J4819_J5043_postknowledge",0,0,"J4819_postknowledge","J5043_postknowledge",0,2,-0.499376761210493,-0.332185474191078
"J5456 J4819",1,"J5456 J4819",1,"J4819","J5456","naive","naive","naive naive",1,NA,NA,0,"naive",-0.498090256889084,-2.32224958949097,-0.474699993690219,"J4819_J5456","postknowledge","J4819_J5456_postknowledge",0,0,"J4819_postknowledge","J5456_postknowledge",0,5,-0.499376761210493,-0.153356091971114
"J5568 J4819",2,"J5568 J4819",2,"J4819","J5568","knowledge","naive","knowledge naive",2,0.0714285714285714,NA,1,"knowledge",-0.381279752025634,-6.25,-0.522637627930578,"J4819_J5568","postknowledge","J4819_J5568_postknowledge",0,0,"J4819_postknowledge","J5568_postknowledge",0,30,-0.499376761210493,1.33688875986192
"J4819 J5582",1,"J4819 J5582",1,"J4819","J5582","naive","naive","naive naive",1,NA,NA,0,"naive",-0.498090256889084,-2.32224958949097,-0.474699993690219,"J4819_J5582","postknowledge","J4819_J5582_postknowledge",0,0,"J4819_postknowledge","J5582_postknowledge",0,0,-0.499376761210493,-0.451405062337721
"J5651 J4819",2,"J5651 J4819",2,"J4819","J5651","naive","naive","naive naive",2,NA,NA,0,"naive",-0.381279752025634,-1.32224958949097,-0.270286137471486,"J4819_J5651","postknowledge","J4819_J5651_postknowledge",0,0,"J4819_postknowledge","J5651_postknowledge",0,0,-0.499376761210493,-0.451405062337721
"J5810 J4819",2,"J5810 J4819",2,"J4819","J5810","knowledge","naive","knowledge naive",2,NA,NA,0,"knowledge",-0.381279752025634,-6.25,-0.522637627930578,"J4819_J5810","postknowledge","J4819_J5810_postknowledge",0,0,"J4819_postknowledge","J5810_postknowledge",0,0,-0.499376761210493,-0.451405062337721
"J4954 J4951",2,"J4954 J4951",2,"J4951","J4954","naive","naive","naive naive",2,NA,NA,0,"naive",-0.381279752025634,-1.32224958949097,-0.270286137471486,"J4951_J4954","postknowledge","J4951_J4954_postknowledge",0,0,"J4951_postknowledge","J4954_postknowledge",0,76,-0.499376761210493,4.0789392872347
"J5006 J4951",2,"J5006 J4951",2,"J4951","J5006","naive","naive","naive naive",2,NA,NA,0,"naive",-0.381279752025634,-1.32224958949097,-0.270286137471486,"J4951_J5006","postknowledge","J4951_J5006_postknowledge",0,0,"J4951_postknowledge","J5006_postknowledge",0,16,-0.499376761210493,0.50235164283542
"J5012 J4951",2,"J5012 J4951",2,"J4951","J5012","naive","naive","naive naive",2,NA,NA,0,"naive",-0.381279752025634,-1.32224958949097,-0.270286137471486,"J4951_J5012","postknowledge","J4951_J5012_postknowledge",0,0,"J4951_postknowledge","J5012_postknowledge",0,21,-0.499376761210493,0.800400613202027
"J505 J4951",3,"J505 J4951",3,"J4951","J505","naive","naive","naive naive",3,NA,NA,0,"naive",-0.264469247162184,-0.322249589490969,-0.0658722812527527,"J4951_J505","postknowledge","J4951_J505_postknowledge",0,0,"J4951_postknowledge","J505_postknowledge",0,22,-0.499376761210493,0.860010407275348
"J5053 J4951",22,"J5053 J4951",22,"J4951","J5053","knowledge","naive","knowledge naive",22,NA,NA,0,"knowledge",1.95493034524336,13.75,1.14980278144727,"J4951_J5053","postknowledge","J4951_J5053_postknowledge",0,0,"J4951_postknowledge","J5053_postknowledge",0,56,-0.499376761210493,2.88674340576827
"J5087 J4951",3,"J5087 J4951",3,"J4951","J5087","naive","naive","naive naive",3,NA,NA,0,"naive",-0.264469247162184,-0.322249589490969,-0.0658722812527527,"J4951_J5087","postknowledge","J4951_J5087_postknowledge",0,0,"J4951_postknowledge","J5087_postknowledge",0,0,-0.499376761210493,-0.451405062337721
"J5089 J4951",5,"J5089 J4951",5,"J4951","J5089","knowledge","naive","knowledge naive",5,0.0151515151515152,NA,1,"knowledge",-0.0308482374352854,-3.25,-0.271771566523901,"J4951_J5089","postknowledge","J4951_J5089_postknowledge",0,0,"J4951_postknowledge","J5089_postknowledge",0,0,-0.499376761210493,-0.451405062337721
"J5121 J4951",2,"J5121 J4951",2,"J4951","J5121","knowledge","naive","knowledge naive",2,NA,NA,0,"knowledge",-0.381279752025634,-6.25,-0.522637627930578,"J4951_J5121","postknowledge","J4951_J5121_postknowledge",0,0,"J4951_postknowledge","J5121_postknowledge",0,25,-0.499376761210493,1.03883978949531
"J5645 J4951",2,"J5645 J4951",2,"J4951","J5645","naive","naive","naive naive",2,NA,NA,0,"naive",-0.381279752025634,-1.32224958949097,-0.270286137471486,"J4951_J5645","postknowledge","J4951_J5645_postknowledge",0,0,"J4951_postknowledge","J5645_postknowledge",0,0,-0.499376761210493,-0.451405062337721
"J5657A J4951",2,"J5657A J4951",2,"J4951","J5657A","naive","naive","naive naive",2,NA,NA,0,"naive",-0.381279752025634,-1.32224958949097,-0.270286137471486,"J4951_J5657A","postknowledge","J4951_J5657A_postknowledge",0,0,"J4951_postknowledge","J5657A_postknowledge",0,0,-0.499376761210493,-0.451405062337721
"J5693 J4951",2,"J5693 J4951",2,"J4951","J5693","knowledge","naive","knowledge naive",2,NA,NA,0,"knowledge",-0.381279752025634,-6.25,-0.522637627930578,"J4951_J5693","postknowledge","J4951_J5693_postknowledge",0,0,"J4951_postknowledge","J5693_postknowledge",0,0,-0.499376761210493,-0.451405062337721
"J5694 J4951",18,"J5694 J4951",18,"J4951","J5694","knowledge","naive","knowledge naive",18,NA,NA,0,"knowledge",1.48768832578956,9.75,0.815314699571702,"J4951_J5694","postknowledge","J4951_J5694_postknowledge",0,0,"J4951_postknowledge","J5694_postknowledge",0,0,-0.499376761210493,-0.451405062337721
"J5695 J4951",9,"J5695 J4951",9,"J4951","J5695","knowledge","naive","knowledge naive",9,NA,NA,0,"knowledge",0.436393782018513,0.75,0.0627165153516694,"J4951_J5695","postknowledge","J4951_J5695_postknowledge",0,0,"J4951_postknowledge","J5695_postknowledge",0,0,-0.499376761210493,-0.451405062337721
"J4951 J5723A",1,"J4951 J5723A",1,"J4951","J5723A","naive","naive","naive naive",1,NA,NA,0,"naive",-0.498090256889084,-2.32224958949097,-0.474699993690219,"J4951_J5723A","postknowledge","J4951_J5723A_postknowledge",0,0,"J4951_postknowledge","J5723A_postknowledge",0,0,-0.499376761210493,-0.451405062337721
"J5724 J4951",4,"J5724 J4951",4,"J4951","J5724","naive","naive","naive naive",4,NA,NA,0,"naive",-0.147658742298735,0.677750410509031,0.138541574965981,"J4951_J5724","postknowledge","J4951_J5724_postknowledge",0,0,"J4951_postknowledge","J5724_postknowledge",0,0,-0.499376761210493,-0.451405062337721
"J5728B J4951",2,"J5728B J4951",2,"J4951","J5728B","naive","naive","naive naive",2,NA,NA,0,"naive",-0.381279752025634,-1.32224958949097,-0.270286137471486,"J4951_J5728B","postknowledge","J4951_J5728B_postknowledge",0,0,"J4951_postknowledge","J5728B_postknowledge",0,0,-0.499376761210493,-0.451405062337721
"J5730 J4951",6,"J5730 J4951",6,"J4951","J5730","knowledge","naive","knowledge naive",6,NA,NA,0,"knowledge",0.0859622674281642,-2.25,-0.188149546055008,"J4951_J5730","postknowledge","J4951_J5730_postknowledge",0,0,"J4951_postknowledge","J5730_postknowledge",0,0,-0.499376761210493,-0.451405062337721
"J5763 J4951",2,"J5763 J4951",2,"J4951","J5763","naive","naive","naive naive",2,0.0238095238095238,NA,1,"naive",-0.381279752025634,-1.32224958949097,-0.270286137471486,"J4951_J5763","postknowledge","J4951_J5763_postknowledge",0,0,"J4951_postknowledge","J5763_postknowledge",0,0,-0.499376761210493,-0.451405062337721
"J4951 J5804",1,"J4951 J5804",1,"J4951","J5804","naive","naive","naive naive",1,NA,NA,0,"naive",-0.498090256889084,-2.32224958949097,-0.474699993690219,"J4951_J5804","postknowledge","J4951_J5804_postknowledge",NA,NA,"J4951_postknowledge","J5804_postknowledge",0,NA,-0.499376761210493,NA
"J4951 J6043",2,"J4951 J6043",2,"J4951","J6043","naive","naive","naive naive",2,NA,NA,0,"naive",-0.381279752025634,-1.32224958949097,-0.270286137471486,"J4951_J6043","postknowledge","J4951_J6043_postknowledge",0,0,"J4951_postknowledge","J6043_postknowledge",0,0,-0.499376761210493,-0.451405062337721
"J6056 J4951",3,"J6056 J4951",3,"J4951","J6056","naive","naive","naive naive",3,NA,NA,0,"naive",-0.264469247162184,-0.322249589490969,-0.0658722812527527,"J4951_J6056","postknowledge","J4951_J6056_postknowledge",0,0,"J4951_postknowledge","J6056_postknowledge",0,0,-0.499376761210493,-0.451405062337721
"J972 J4951",5,"J972 J4951",5,"J4951","J972","naive","naive","naive naive",5,NA,NA,0,"naive",-0.0308482374352854,1.67775041050903,0.342955431184714,"J4951_J972","postknowledge","J4951_J972_postknowledge",0,0,"J4951_postknowledge","J972_postknowledge",0,0,-0.499376761210493,-0.451405062337721
"J4954 J5087",2,"J4954 J5087",2,"J4954","J5087","naive","naive","naive naive",2,NA,NA,0,"naive",-0.381279752025634,-1.32224958949097,-0.270286137471486,"J4954_J5087","postknowledge","J4954_J5087_postknowledge",0,0,"J4954_postknowledge","J5087_postknowledge",76,0,2.88022184341126,-0.451405062337721
"J5089 J4954",5,"J5089 J4954",5,"J4954","J5089","knowledge","naive","knowledge naive",5,NA,NA,0,"knowledge",-0.0308482374352854,-3.25,-0.271771566523901,"J4954_J5089","postknowledge","J4954_J5089_postknowledge",0,0,"J4954_postknowledge","J5089_postknowledge",76,0,2.88022184341126,-0.451405062337721
"J5006 J4961",2,"J5006 J4961",2,"J4961","J5006","naive","naive","naive naive",2,0.03125,NA,1,"naive",-0.381279752025634,-1.32224958949097,-0.270286137471486,"J4961_J5006","postknowledge","J4961_J5006_postknowledge",0,0,"J4961_postknowledge","J5006_postknowledge",0,16,-0.499376761210493,0.50235164283542
"J4961 J5087",2,"J4961 J5087",2,"J4961","J5087","naive","naive","naive naive",2,NA,NA,0,"naive",-0.381279752025634,-1.32224958949097,-0.270286137471486,"J4961_J5087","postknowledge","J4961_J5087_postknowledge",0,0,"J4961_postknowledge","J5087_postknowledge",0,0,-0.499376761210493,-0.451405062337721
"J4961 J5763",1,"J4961 J5763",1,"J4961","J5763","naive","naive","naive naive",1,0.0113636363636364,NA,1,"naive",-0.498090256889084,-2.32224958949097,-0.474699993690219,"J4961_J5763","postknowledge","J4961_J5763_postknowledge",0,0,"J4961_postknowledge","J5763_postknowledge",0,0,-0.499376761210493,-0.451405062337721
"J6036 J4961",4,"J6036 J4961",4,"J4961","J6036","naive","naive","naive naive",4,NA,NA,0,"naive",-0.147658742298735,0.677750410509031,0.138541574965981,"J4961_J6036","postknowledge","J4961_J6036_postknowledge",0,0,"J4961_postknowledge","J6036_postknowledge",0,0,-0.499376761210493,-0.451405062337721
"J4961 J972",1,"J4961 J972",1,"J4961","J972","naive","naive","naive naive",1,NA,NA,0,"naive",-0.498090256889084,-2.32224958949097,-0.474699993690219,"J4961_J972","postknowledge","J4961_J972_postknowledge",0,0,"J4961_postknowledge","J972_postknowledge",0,0,-0.499376761210493,-0.451405062337721
"J5728B J4962",2,"J5728B J4962",2,"J4962","J5728B","naive","naive","naive naive",2,NA,NA,0,"naive",-0.381279752025634,-1.32224958949097,-0.270286137471486,"J4962_J5728B","postknowledge","J4962_J5728B_postknowledge",0,0,"J4962_postknowledge","J5728B_postknowledge",56,0,1.99085378956343,-0.451405062337721
"J4967 J4982",5,"J4967 J4982",5,"J4967","J4982","knowledge","naive","knowledge naive",5,NA,NA,0,"knowledge",-0.0308482374352854,-3.25,-0.271771566523901,"J4967_J4982","postknowledge","J4967_J4982_postknowledge",0,0,"J4967_postknowledge","J4982_postknowledge",3,1,-0.365971553133319,-0.3917952682644
"J4967 J5017",6,"J4967 J5017",6,"J4967","J5017","knowledge","naive","knowledge naive",6,NA,NA,0,"knowledge",0.0859622674281642,-2.25,-0.188149546055008,"J4967_J5017","postknowledge","J4967_J5017_postknowledge",0,0,"J4967_postknowledge","J5017_postknowledge",3,0,-0.365971553133319,-0.451405062337721
"J4967 J5146",21,"J4967 J5146",21,"J4967","J5146","knowledge","knowledge","knowledge knowledge",20.5,NA,NA,0,"knowledge",1.77971458794818,14.6586538461538,2.97619604020788,"J4967_J5146","postknowledge","J4967_J5146_postknowledge",0,0,"J4967_postknowledge","J5146_postknowledge",3,4,-0.365971553133319,-0.212965886044436
"J4967 J5167",16,"J4967 J5167",16,"J4967","J5167","knowledge","naive","knowledge naive",16,NA,NA,0,"knowledge",1.25406731606266,7.75,0.648070658633917,"J4967_J5167","postknowledge","J4967_J5167_postknowledge",0,0,"J4967_postknowledge","J5167_postknowledge",3,0,-0.365971553133319,-0.451405062337721
"J4967 J5215",7,"J4967 J5215",7,"J4967","J5215","knowledge","naive","knowledge naive",7,NA,NA,0,"knowledge",0.202772772291614,-1.25,-0.104527525586116,"J4967_J5215","postknowledge","J4967_J5215_postknowledge",0,0,"J4967_postknowledge","J5215_postknowledge",3,10,-0.365971553133319,0.144692878395492
"J5250 J4967",2,"J5250 J4967",2,"J4967","J5250","knowledge","knowledge","knowledge knowledge",2,NA,NA,0,"knowledge",-0.381279752025634,-3.84134615384615,-0.77992149430177,"J4967_J5250","postknowledge","J4967_J5250_postknowledge",0,0,"J4967_postknowledge","J5250_postknowledge",3,0,-0.365971553133319,-0.451405062337721
"J4967 J5316",10,"J4967 J5316",10,"J4967","J5316","knowledge","naive","knowledge naive",10,NA,NA,0,"knowledge",0.553204286881962,1.75,0.146338535820562,"J4967_J5316","postknowledge","J4967_J5316_postknowledge",0,0,"J4967_postknowledge","J5316_postknowledge",3,37,-0.365971553133319,1.75415731837517
"J4967 J5456",2,"J4967 J5456",2,"J4967","J5456","knowledge","naive","knowledge naive",2,NA,NA,0,"knowledge",-0.381279752025634,-6.25,-0.522637627930578,"J4967_J5456","postknowledge","J4967_J5456_postknowledge",0,0,"J4967_postknowledge","J5456_postknowledge",3,5,-0.365971553133319,-0.153356091971114
"J4967 J5475",7,"J4967 J5475",7,"J4967","J5475","knowledge","naive","knowledge naive",7,NA,NA,0,"knowledge",0.202772772291614,-1.25,-0.104527525586116,"J4967_J5475","postknowledge","J4967_J5475_postknowledge",0,0,"J4967_postknowledge","J5475_postknowledge",3,0,-0.365971553133319,-0.451405062337721
"J4967 J5489",9,"J4967 J5489",9,"J4967","J5489","knowledge","naive","knowledge naive",9,NA,NA,0,"knowledge",0.436393782018513,0.75,0.0627165153516694,"J4967_J5489","postknowledge","J4967_J5489_postknowledge",0,0,"J4967_postknowledge","J5489_postknowledge",3,1,-0.365971553133319,-0.3917952682644
"J4967 J5498",1,"J4967 J5498",1,"J4967","J5498","knowledge","naive","knowledge naive",1,NA,NA,0,"knowledge",-0.498090256889084,-7.25,-0.606259648399471,"J4967_J5498","postknowledge","J4967_J5498_postknowledge",0,0,"J4967_postknowledge","J5498_postknowledge",3,5,-0.365971553133319,-0.153356091971114
"J4967 J5566",2,"J4967 J5566",2,"J4967","J5566","knowledge","naive","knowledge naive",2,NA,NA,0,"knowledge",-0.381279752025634,-6.25,-0.522637627930578,"J4967_J5566","postknowledge","J4967_J5566_postknowledge",0,0,"J4967_postknowledge","J5566_postknowledge",3,0,-0.365971553133319,-0.451405062337721
"J4967 J56",1,"J4967 J56",1,"J4967","J56","knowledge","naive","knowledge naive",1,NA,NA,0,"knowledge",-0.498090256889084,-7.25,-0.606259648399471,"J4967_J56","postknowledge","J4967_J56_postknowledge",0,0,"J4967_postknowledge","J56_postknowledge",3,0,-0.365971553133319,-0.451405062337721
"J4967 J5607",1,"J4967 J5607",1,"J4967","J5607","knowledge","naive","knowledge naive",1,NA,NA,0,"knowledge",-0.498090256889084,-7.25,-0.606259648399471,"J4967_J5607","postknowledge","J4967_J5607_postknowledge",0,0,"J4967_postknowledge","J5607_postknowledge",3,26,-0.365971553133319,1.09844958356863
"J4967 J5645",4,"J4967 J5645",4,"J4967","J5645","knowledge","naive","knowledge naive",4,NA,NA,0,"knowledge",-0.147658742298735,-4.25,-0.355393586992793,"J4967_J5645","postknowledge","J4967_J5645_postknowledge",0,0,"J4967_postknowledge","J5645_postknowledge",3,0,-0.365971553133319,-0.451405062337721
"J4967 J5658",5,"J4967 J5658",5,"J4967","J5658","knowledge","naive","knowledge naive",5,NA,NA,0,"knowledge",-0.0308482374352854,-3.25,-0.271771566523901,"J4967_J5658","postknowledge","J4967_J5658_postknowledge",0,0,"J4967_postknowledge","J5658_postknowledge",3,0,-0.365971553133319,-0.451405062337721
"J4967 J5703",2,"J4967 J5703",2,"J4967","J5703","knowledge","knowledge","knowledge knowledge",2,NA,NA,0,"knowledge",-0.381279752025634,-3.84134615384615,-0.77992149430177,"J4967_J5703","postknowledge","J4967_J5703_postknowledge",0,0,"J4967_postknowledge","J5703_postknowledge",3,0,-0.365971553133319,-0.451405062337721
"J4967 J5740",7,"J4967 J5740",7,"J4967","J5740","knowledge","naive","knowledge naive",7,NA,NA,0,"knowledge",0.202772772291614,-1.25,-0.104527525586116,"J4967_J5740","postknowledge","J4967_J5740_postknowledge",0,0,"J4967_postknowledge","J5740_postknowledge",3,0,-0.365971553133319,-0.451405062337721
"J4967 J5810",21,"J4967 J5810",21,"J4967","J5810","knowledge","knowledge","knowledge knowledge",11.5,NA,NA,0,"knowledge",0.728420044177137,5.65865384615385,1.148895618014,"J4967_J5810","postknowledge","J4967_J5810_postknowledge",0,0,"J4967_postknowledge","J5810_postknowledge",3,0,-0.365971553133319,-0.451405062337721
"J4967 J5827",3,"J4967 J5827",3,"J4967","J5827","knowledge","naive","knowledge naive",3,NA,NA,0,"knowledge",-0.264469247162184,-5.25,-0.439015607461686,"J4967_J5827","postknowledge","J4967_J5827_postknowledge",0,0,"J4967_postknowledge","J5827_postknowledge",3,0,-0.365971553133319,-0.451405062337721
"J4967 J5833",3,"J4967 J5833",3,"J4967","J5833","knowledge","naive","knowledge naive",3,NA,NA,0,"knowledge",-0.264469247162184,-5.25,-0.439015607461686,"J4967_J5833","postknowledge","J4967_J5833_postknowledge",0,0,"J4967_postknowledge","J5833_postknowledge",3,0,-0.365971553133319,-0.451405062337721
"J4967 J5874",13,"J4967 J5874",13,"J4967","J5874","knowledge","naive","knowledge naive",13,NA,NA,0,"knowledge",0.903635801472311,4.75,0.397204597227239,"J4967_J5874","postknowledge","J4967_J5874_postknowledge",0,0,"J4967_postknowledge","J5874_postknowledge",3,0,-0.365971553133319,-0.451405062337721
"J4967 J5922",13,"J4967 J5922",13,"J4967","J5922","knowledge","naive","knowledge naive",13,NA,NA,0,"knowledge",0.903635801472311,4.75,0.397204597227239,"J4967_J5922","postknowledge","J4967_J5922_postknowledge",0,0,"J4967_postknowledge","J5922_postknowledge",3,0,-0.365971553133319,-0.451405062337721
"J4967 J5926",2,"J4967 J5926",2,"J4967","J5926","knowledge","naive","knowledge naive",2,NA,NA,0,"knowledge",-0.381279752025634,-6.25,-0.522637627930578,"J4967_J5926","postknowledge","J4967_J5926_postknowledge",0,0,"J4967_postknowledge","J5926_postknowledge",3,0,-0.365971553133319,-0.451405062337721
"J4967 J5939",31,"J4967 J5939",31,"J4967","J5939","knowledge","naive","knowledge naive",31,NA,NA,0,"knowledge",3.0062248890144,22.75,1.9024009656673,"J4967_J5939","postknowledge","J4967_J5939_postknowledge",0,0,"J4967_postknowledge","J5939_postknowledge",3,0,-0.365971553133319,-0.451405062337721
"J4967 J5963",25,"J4967 J5963",25,"J4967","J5963","knowledge","naive","knowledge naive",25,NA,NA,0,"knowledge",2.30536185983371,16.75,1.40066884285395,"J4967_J5963","postknowledge","J4967_J5963_postknowledge",0,0,"J4967_postknowledge","J5963_postknowledge",3,0,-0.365971553133319,-0.451405062337721
"J4967 J5964",7,"J4967 J5964",7,"J4967","J5964","knowledge","naive","knowledge naive",7,NA,NA,0,"knowledge",0.202772772291614,-1.25,-0.104527525586116,"J4967_J5964","postknowledge","J4967_J5964_postknowledge",0,0,"J4967_postknowledge","J5964_postknowledge",3,0,-0.365971553133319,-0.451405062337721
"J4967 J6017",3,"J4967 J6017",3,"J4967","J6017","knowledge","naive","knowledge naive",3,NA,NA,0,"knowledge",-0.264469247162184,-5.25,-0.439015607461686,"J4967_J6017","postknowledge","J4967_J6017_postknowledge",0,0,"J4967_postknowledge","J6017_postknowledge",3,0,-0.365971553133319,-0.451405062337721
"J4967 J664",3,"J4967 J664",3,"J4967","J664","knowledge","knowledge","knowledge knowledge",2,NA,NA,0,"knowledge",-0.381279752025634,-3.84134615384615,-0.77992149430177,"J4967_J664","postknowledge","J4967_J664_postknowledge",0,0,"J4967_postknowledge","J664_postknowledge",3,0,-0.365971553133319,-0.451405062337721
"J4967 J831",10,"J4967 J831",10,"J4967","J831","knowledge","knowledge","knowledge knowledge",6.5,NA,NA,0,"knowledge",0.144367519859889,0.658653846153846,0.133728716795172,"J4967_J831","postknowledge","J4967_J831_postknowledge",0,0,"J4967_postknowledge","J831_postknowledge",3,0,-0.365971553133319,-0.451405062337721
"J4967 J856",2,"J4967 J856",2,"J4967","J856","knowledge","naive","knowledge naive",2,NA,NA,0,"knowledge",-0.381279752025634,-6.25,-0.522637627930578,"J4967_J856","postknowledge","J4967_J856_postknowledge",0,0,"J4967_postknowledge","J856_postknowledge",3,0,-0.365971553133319,-0.451405062337721
"J5316 J4968",1,"J5316 J4968",1,"J4968","J5316","naive","naive","naive naive",1,NA,NA,0,"naive",-0.498090256889084,-2.32224958949097,-0.474699993690219,"J4968_J5316","postknowledge","J4968_J5316_postknowledge",0,0,"J4968_postknowledge","J5316_postknowledge",0,37,-0.499376761210493,1.75415731837517
"J4972 J5316",1,"J4972 J5316",1,"J4972","J5316","naive","naive","naive naive",1,NA,NA,0,"naive",-0.498090256889084,-2.32224958949097,-0.474699993690219,"J4972_J5316","postknowledge","J4972_J5316_postknowledge",0,0,"J4972_postknowledge","J5316_postknowledge",0,37,-0.499376761210493,1.75415731837517
"J4972 J5963",1,"J4972 J5963",1,"J4972","J5963","naive","naive","naive naive",1,NA,NA,0,"naive",-0.498090256889084,-2.32224958949097,-0.474699993690219,"J4972_J5963","postknowledge","J4972_J5963_postknowledge",0,0,"J4972_postknowledge","J5963_postknowledge",0,0,-0.499376761210493,-0.451405062337721
"J5146 J4982",12,"J5146 J4982",12,"J4982","J5146","knowledge","naive","knowledge naive",12,NA,NA,0,"knowledge",0.786825296608862,3.75,0.313582576758347,"J4982_J5146","postknowledge","J4982_J5146_postknowledge",0,0,"J4982_postknowledge","J5146_postknowledge",1,4,-0.454908358518102,-0.212965886044436
"J4982 J5167",2,"J4982 J5167",2,"J4982","J5167","naive","naive","naive naive",2,NA,NA,0,"naive",-0.381279752025634,-1.32224958949097,-0.270286137471486,"J4982_J5167","postknowledge","J4982_J5167_postknowledge",0,0,"J4982_postknowledge","J5167_postknowledge",1,0,-0.454908358518102,-0.451405062337721
"J4982 J5316",5,"J4982 J5316",5,"J4982","J5316","naive","naive","naive naive",3.5,NA,NA,0,"naive",-0.20606399473046,0.177750410509031,0.0363346468566139,"J4982_J5316","postknowledge","J4982_J5316_postknowledge",0,0,"J4982_postknowledge","J5316_postknowledge",1,37,-0.454908358518102,1.75415731837517
"J5379 J4982",1,"J5379 J4982",1,"J4982","J5379","naive","naive","naive naive",1,NA,NA,0,"naive",-0.498090256889084,-2.32224958949097,-0.474699993690219,"J4982_J5379","postknowledge","J4982_J5379_postknowledge",0,0,"J4982_postknowledge","J5379_postknowledge",1,7,-0.454908358518102,-0.0341365038244718
"J5475 J4982",1,"J5475 J4982",1,"J4982","J5475","naive","naive","naive naive",1,NA,NA,0,"naive",-0.498090256889084,-2.32224958949097,-0.474699993690219,"J4982_J5475","postknowledge","J4982_J5475_postknowledge",0,0,"J4982_postknowledge","J5475_postknowledge",1,0,-0.454908358518102,-0.451405062337721
"J4982 J5489",1,"J4982 J5489",1,"J4982","J5489","naive","naive","naive naive",1.5,NA,NA,0,"naive",-0.439685004457359,-1.82224958949097,-0.372493065580853,"J4982_J5489","postknowledge","J4982_J5489_postknowledge",0,0,"J4982_postknowledge","J5489_postknowledge",1,1,-0.454908358518102,-0.3917952682644
"J5607 J4982",1,"J5607 J4982",1,"J4982","J5607","naive","naive","naive naive",1,NA,NA,0,"naive",-0.498090256889084,-2.32224958949097,-0.474699993690219,"J4982_J5607","postknowledge","J4982_J5607_postknowledge",0,0,"J4982_postknowledge","J5607_postknowledge",1,26,-0.454908358518102,1.09844958356863
"J5806 J4982",2,"J5806 J4982",2,"J4982","J5806","naive","naive","naive naive",2,NA,NA,0,"naive",-0.381279752025634,-1.32224958949097,-0.270286137471486,"J4982_J5806","postknowledge","J4982_J5806_postknowledge",0,0,"J4982_postknowledge","J5806_postknowledge",1,0,-0.454908358518102,-0.451405062337721
"J5827 J4982",7,"J5827 J4982",7,"J4982","J5827","naive","naive","naive naive",7,NA,NA,0,"naive",0.202772772291614,3.67775041050903,0.75178314362218,"J4982_J5827","postknowledge","J4982_J5827_postknowledge",0,0,"J4982_postknowledge","J5827_postknowledge",1,0,-0.454908358518102,-0.451405062337721
"J5939 J4982",4,"J5939 J4982",4,"J4982","J5939","naive","naive","naive naive",4,NA,NA,0,"naive",-0.147658742298735,0.677750410509031,0.138541574965981,"J4982_J5939","postknowledge","J4982_J5939_postknowledge",0,0,"J4982_postknowledge","J5939_postknowledge",1,0,-0.454908358518102,-0.451405062337721
"J4982 J5963",1,"J4982 J5963",1,"J4982","J5963","naive","naive","naive naive",1,NA,NA,0,"naive",-0.498090256889084,-2.32224958949097,-0.474699993690219,"J4982_J5963","postknowledge","J4982_J5963_postknowledge",0,0,"J4982_postknowledge","J5963_postknowledge",1,0,-0.454908358518102,-0.451405062337721
"J4982 J5964",4,"J4982 J5964",4,"J4982","J5964","naive","naive","naive naive",4.5,NA,NA,0,"naive",-0.0892534898670101,1.17775041050903,0.240748503075347,"J4982_J5964","postknowledge","J4982_J5964_postknowledge",0,0,"J4982_postknowledge","J5964_postknowledge",1,0,-0.454908358518102,-0.451405062337721
"J4982 J6017",2,"J4982 J6017",2,"J4982","J6017","naive","naive","naive naive",2,NA,NA,0,"naive",-0.381279752025634,-1.32224958949097,-0.270286137471486,"J4982_J6017","postknowledge","J4982_J6017_postknowledge",0,0,"J4982_postknowledge","J6017_postknowledge",1,0,-0.454908358518102,-0.451405062337721
"J831 J4982",1,"J831 J4982",1,"J4982","J831","knowledge","naive","knowledge naive",1,NA,NA,0,"knowledge",-0.498090256889084,-7.25,-0.606259648399471,"J4982_J831","postknowledge","J4982_J831_postknowledge",0,0,"J4982_postknowledge","J831_postknowledge",1,0,-0.454908358518102,-0.451405062337721
"J933 J4982",5,"J933 J4982",5,"J4982","J933","naive","naive","naive naive",5,NA,NA,0,"naive",-0.0308482374352854,1.67775041050903,0.342955431184714,"J4982_J933","postknowledge","J4982_J933_postknowledge",0,0,"J4982_postknowledge","J933_postknowledge",1,0,-0.454908358518102,-0.451405062337721
"J4986 J5087",4,"J4986 J5087",4,"J4986","J5087","naive","naive","naive naive",2.5,NA,NA,0,"naive",-0.322874499593909,-0.822249589490969,-0.168079209362119,"J4986_J5087","postknowledge","J4986_J5087_postknowledge",0,0,"J4986_postknowledge","J5087_postknowledge",56,0,1.99085378956343,-0.451405062337721
"J5694 J4986",2,"J5694 J4986",2,"J4986","J5694","knowledge","naive","knowledge naive",2,NA,NA,0,"knowledge",-0.381279752025634,-6.25,-0.522637627930578,"J4986_J5694","postknowledge","J4986_J5694_postknowledge",0,0,"J4986_postknowledge","J5694_postknowledge",56,0,1.99085378956343,-0.451405062337721
"J5730 J4986",2,"J5730 J4986",2,"J4986","J5730","knowledge","naive","knowledge naive",2,NA,NA,0,"knowledge",-0.381279752025634,-6.25,-0.522637627930578,"J4986_J5730","postknowledge","J4986_J5730_postknowledge",0,0,"J4986_postknowledge","J5730_postknowledge",56,0,1.99085378956343,-0.451405062337721
"J4986 J5888",1,"J4986 J5888",1,"J4986","J5888","naive","naive","naive naive",1,NA,NA,0,"naive",-0.498090256889084,-2.32224958949097,-0.474699993690219,"J4986_J5888","postknowledge","J4986_J5888_postknowledge",0,0,"J4986_postknowledge","J5888_postknowledge",56,0,1.99085378956343,-0.451405062337721
"J5006 J5021",6,"J5006 J5021",6,"J5006","J5021","naive","naive","naive naive",6,NA,NA,0,"naive",0.0859622674281642,2.67775041050903,0.547369287403447,"J5006_J5021","postknowledge","J5006_J5021_postknowledge",0,0,"J5006_postknowledge","J5021_postknowledge",16,73,0.21211768186777,3.90010990501474
"J505 J5006",2,"J505 J5006",2,"J5006","J505","naive","naive","naive naive",2,NA,NA,0,"naive",-0.381279752025634,-1.32224958949097,-0.270286137471486,"J5006_J505","postknowledge","J5006_J505_postknowledge",0,0,"J5006_postknowledge","J505_postknowledge",16,22,0.21211768186777,0.860010407275348
"J5006 J5056",4,"J5006 J5056",4,"J5006","J5056","naive","naive","naive naive",4,NA,NA,0,"naive",-0.147658742298735,0.677750410509031,0.138541574965981,"J5006_J5056","postknowledge","J5006_J5056_postknowledge",0,0,"J5006_postknowledge","J5056_postknowledge",16,0,0.21211768186777,-0.451405062337721
"J5089 J5006",1,"J5089 J5006",1,"J5006","J5089","knowledge","naive","knowledge naive",1,NA,NA,0,"knowledge",-0.498090256889084,-7.25,-0.606259648399471,"J5006_J5089","postknowledge","J5006_J5089_postknowledge",0,0,"J5006_postknowledge","J5089_postknowledge",16,0,0.21211768186777,-0.451405062337721
"J5006 J5222",1,"J5006 J5222",1,"J5006","J5222","naive","naive","naive naive",1.5,NA,NA,0,"naive",-0.439685004457359,-1.82224958949097,-0.372493065580853,"J5006_J5222","postknowledge","J5006_J5222_postknowledge",1,1,"J5006_postknowledge","J5222_postknowledge",16,11,0.21211768186777,0.204302672468813
"J5006 J5763",2,"J5006 J5763",2,"J5006","J5763","naive","naive","naive naive",2,NA,NA,0,"naive",-0.381279752025634,-1.32224958949097,-0.270286137471486,"J5006_J5763","postknowledge","J5006_J5763_postknowledge",0,0,"J5006_postknowledge","J5763_postknowledge",16,0,0.21211768186777,-0.451405062337721
"J5006 J972",14,"J5006 J972",14,"J5006","J972","naive","naive","naive naive",8,NA,NA,0,"naive",0.319583277155063,4.67775041050903,0.956196999840914,"J5006_J972","postknowledge","J5006_J972_postknowledge",0,0,"J5006_postknowledge","J972_postknowledge",16,0,0.21211768186777,-0.451405062337721
"J5045 J5012",2,"J5045 J5012",2,"J5012","J5045","naive","naive","naive naive",2,NA,NA,0,"naive",-0.381279752025634,-1.32224958949097,-0.270286137471486,"J5012_J5045","postknowledge","J5012_J5045_postknowledge",0,0,"J5012_postknowledge","J5045_postknowledge",21,0,0.434459695329727,-0.451405062337721
"J5657A J5012",1,"J5657A J5012",1,"J5012","J5657A","naive","naive","naive naive",1,NA,NA,0,"naive",-0.498090256889084,-2.32224958949097,-0.474699993690219,"J5012_J5657A","postknowledge","J5012_J5657A_postknowledge",0,0,"J5012_postknowledge","J5657A_postknowledge",21,0,0.434459695329727,-0.451405062337721
"J5012 J5675B",1,"J5012 J5675B",1,"J5012","J5675B","naive","naive","naive naive",3.5,NA,NA,0,"naive",-0.20606399473046,0.177750410509031,0.0363346468566139,"J5012_J5675B","postknowledge","J5012_J5675B_postknowledge",0,0,"J5012_postknowledge","J5675B_postknowledge",21,0,0.434459695329727,-0.451405062337721
"J5694 J5012",8,"J5694 J5012",8,"J5012","J5694","knowledge","naive","knowledge naive",8,NA,NA,0,"knowledge",0.319583277155063,-0.25,-0.0209055051172231,"J5012_J5694","postknowledge","J5012_J5694_postknowledge",0,0,"J5012_postknowledge","J5694_postknowledge",21,0,0.434459695329727,-0.451405062337721
"J5723A J5012",1,"J5723A J5012",1,"J5012","J5723A","naive","naive","naive naive",1,NA,NA,0,"naive",-0.498090256889084,-2.32224958949097,-0.474699993690219,"J5012_J5723A","postknowledge","J5012_J5723A_postknowledge",0,0,"J5012_postknowledge","J5723A_postknowledge",21,0,0.434459695329727,-0.451405062337721
"J5730 J5012",2,"J5730 J5012",2,"J5012","J5730","knowledge","naive","knowledge naive",2,0.04,NA,1,"knowledge",-0.381279752025634,-6.25,-0.522637627930578,"J5012_J5730","postknowledge","J5012_J5730_postknowledge",0,0,"J5012_postknowledge","J5730_postknowledge",21,0,0.434459695329727,-0.451405062337721
"J5012 J5766",2,"J5012 J5766",2,"J5012","J5766","naive","naive","naive naive",2,NA,NA,0,"naive",-0.381279752025634,-1.32224958949097,-0.270286137471486,"J5012_J5766","postknowledge","J5012_J5766_postknowledge",0,0,"J5012_postknowledge","J5766_postknowledge",21,0,0.434459695329727,-0.451405062337721
"J5012 J5888",1,"J5012 J5888",1,"J5012","J5888","naive","naive","naive naive",1,NA,NA,0,"naive",-0.498090256889084,-2.32224958949097,-0.474699993690219,"J5012_J5888","postknowledge","J5012_J5888_postknowledge",0,0,"J5012_postknowledge","J5888_postknowledge",21,0,0.434459695329727,-0.451405062337721
"J6051 J5012",1,"J6051 J5012",1,"J5012","J6051","naive","naive","naive naive",1,NA,NA,0,"naive",-0.498090256889084,-2.32224958949097,-0.474699993690219,"J5012_J6051","postknowledge","J5012_J6051_postknowledge",0,0,"J5012_postknowledge","J6051_postknowledge",21,0,0.434459695329727,-0.451405062337721
"J5146 J5017",18,"J5146 J5017",18,"J5017","J5146","knowledge","naive","knowledge naive",18,NA,NA,0,"knowledge",1.48768832578956,9.75,0.815314699571702,"J5017_J5146","postknowledge","J5017_J5146_postknowledge",0,0,"J5017_postknowledge","J5146_postknowledge",0,4,-0.499376761210493,-0.212965886044436
"J5017 J5184",1,"J5017 J5184",1,"J5017","J5184","naive","naive","naive naive",1,NA,NA,0,"naive",-0.498090256889084,-2.32224958949097,-0.474699993690219,"J5017_J5184","postknowledge","J5017_J5184_postknowledge",0,0,"J5017_postknowledge","J5184_postknowledge",0,0,-0.499376761210493,-0.451405062337721
"J5017 J5316",2,"J5017 J5316",2,"J5017","J5316","naive","naive","naive naive",2,NA,NA,0,"naive",-0.381279752025634,-1.32224958949097,-0.270286137471486,"J5017_J5316","postknowledge","J5017_J5316_postknowledge",0,0,"J5017_postknowledge","J5316_postknowledge",0,37,-0.499376761210493,1.75415731837517
"J5017 J5475",4,"J5017 J5475",4,"J5017","J5475","naive","naive","naive naive",4,NA,NA,0,"naive",-0.147658742298735,0.677750410509031,0.138541574965981,"J5017_J5475","postknowledge","J5017_J5475_postknowledge",0,0,"J5017_postknowledge","J5475_postknowledge",0,0,-0.499376761210493,-0.451405062337721
"J5017 J5489",4,"J5017 J5489",4,"J5017","J5489","naive","naive","naive naive",3,NA,NA,0,"naive",-0.264469247162184,-0.322249589490969,-0.0658722812527527,"J5017_J5489","postknowledge","J5017_J5489_postknowledge",0,0,"J5017_postknowledge","J5489_postknowledge",0,1,-0.499376761210493,-0.3917952682644
"J5833 J5017",2,"J5833 J5017",2,"J5017","J5833","naive","naive","naive naive",2,NA,NA,0,"naive",-0.381279752025634,-1.32224958949097,-0.270286137471486,"J5017_J5833","postknowledge","J5017_J5833_postknowledge",0,0,"J5017_postknowledge","J5833_postknowledge",0,0,-0.499376761210493,-0.451405062337721
"J5017 J5939",26,"J5017 J5939",26,"J5017","J5939","naive","naive","naive naive",21,NA,NA,0,"naive",1.83811984037991,17.677750410509,3.61357713068445,"J5017_J5939","postknowledge","J5017_J5939_postknowledge",0,0,"J5017_postknowledge","J5939_postknowledge",0,0,-0.499376761210493,-0.451405062337721
"J5017 J5963",4,"J5017 J5963",4,"J5017","J5963","naive","naive","naive naive",4,NA,NA,0,"naive",-0.147658742298735,0.677750410509031,0.138541574965981,"J5017_J5963","postknowledge","J5017_J5963_postknowledge",0,0,"J5017_postknowledge","J5963_postknowledge",0,0,-0.499376761210493,-0.451405062337721
"J5964 J5017",2,"J5964 J5017",2,"J5017","J5964","naive","naive","naive naive",2,NA,NA,0,"naive",-0.381279752025634,-1.32224958949097,-0.270286137471486,"J5017_J5964","postknowledge","J5017_J5964_postknowledge",0,0,"J5017_postknowledge","J5964_postknowledge",0,0,-0.499376761210493,-0.451405062337721
"J5074 J5021",2,"J5074 J5021",2,"J5021","J5074","knowledge","naive","knowledge naive",2,NA,NA,0,"knowledge",-0.381279752025634,-6.25,-0.522637627930578,"J5021_J5074","postknowledge","J5021_J5074_postknowledge",1,1,"J5021_postknowledge","J5074_postknowledge",73,59,2.74681663533408,3.06557278798824
"J5146 J5043",2,"J5146 J5043",2,"J5043","J5146","knowledge","naive","knowledge naive",2,NA,NA,0,"knowledge",-0.381279752025634,-6.25,-0.522637627930578,"J5043_J5146","postknowledge","J5043_J5146_postknowledge",0,0,"J5043_postknowledge","J5146_postknowledge",2,4,-0.41043995582571,-0.212965886044436
"J5582 J5043",2,"J5582 J5043",2,"J5043","J5582","naive","naive","naive naive",2,NA,NA,0,"naive",-0.381279752025634,-1.32224958949097,-0.270286137471486,"J5043_J5582","postknowledge","J5043_J5582_postknowledge",0,0,"J5043_postknowledge","J5582_postknowledge",2,0,-0.41043995582571,-0.451405062337721
"J5043 J5658",1,"J5043 J5658",1,"J5043","J5658","naive","naive","naive naive",1,NA,NA,0,"naive",-0.498090256889084,-2.32224958949097,-0.474699993690219,"J5043_J5658","postknowledge","J5043_J5658_postknowledge",0,0,"J5043_postknowledge","J5658_postknowledge",2,0,-0.41043995582571,-0.451405062337721
"J5810 J5043",14,"J5810 J5043",14,"J5043","J5810","knowledge","naive","knowledge naive",14,NA,NA,0,"knowledge",1.02044630633576,5.75,0.480826617696132,"J5043_J5810","postknowledge","J5043_J5810_postknowledge",0,0,"J5043_postknowledge","J5810_postknowledge",2,0,-0.41043995582571,-0.451405062337721
"J5888 J5043",1,"J5888 J5043",1,"J5043","J5888","naive","naive","naive naive",1,NA,NA,0,"naive",-0.498090256889084,-2.32224958949097,-0.474699993690219,"J5043_J5888","postknowledge","J5043_J5888_postknowledge",0,0,"J5043_postknowledge","J5888_postknowledge",2,0,-0.41043995582571,-0.451405062337721
"J5043 J5964",1,"J5043 J5964",1,"J5043","J5964","naive","naive","naive naive",1,NA,NA,0,"naive",-0.498090256889084,-2.32224958949097,-0.474699993690219,"J5043_J5964","postknowledge","J5043_J5964_postknowledge",0,0,"J5043_postknowledge","J5964_postknowledge",2,0,-0.41043995582571,-0.451405062337721
"J505 J5050",5,"J505 J5050",5,"J505","J5050","naive","naive","naive naive",5,0.03125,NA,1,"naive",-0.0308482374352854,1.67775041050903,0.342955431184714,"J505_J5050","postknowledge","J505_J5050_postknowledge",0,0,"J505_postknowledge","J5050_postknowledge",22,0,0.478928098022118,-0.451405062337721
"J5056 J505",8,"J5056 J505",8,"J505","J5056","naive","naive","naive naive",8,NA,NA,0,"naive",0.319583277155063,4.67775041050903,0.956196999840914,"J505_J5056","postknowledge","J505_J5056_postknowledge",0,0,"J505_postknowledge","J5056_postknowledge",22,0,0.478928098022118,-0.451405062337721
"J505 J5087",8,"J505 J5087",8,"J505","J5087","naive","naive","naive naive",5,NA,NA,0,"naive",-0.0308482374352854,1.67775041050903,0.342955431184714,"J505_J5087","postknowledge","J505_J5087_postknowledge",0,0,"J505_postknowledge","J5087_postknowledge",22,0,0.478928098022118,-0.451405062337721
"J5271 J505",1,"J5271 J505",1,"J505","J5271","naive","naive","naive naive",1,NA,NA,0,"naive",-0.498090256889084,-2.32224958949097,-0.474699993690219,"J505_J5271","postknowledge","J505_J5271_postknowledge",0,0,"J505_postknowledge","J5271_postknowledge",22,9,0.478928098022118,0.0850830843221708
"J5316 J505",2,"J5316 J505",2,"J505","J5316","naive","naive","naive naive",2,NA,NA,0,"naive",-0.381279752025634,-1.32224958949097,-0.270286137471486,"J505_J5316","postknowledge","J505_J5316_postknowledge",0,0,"J505_postknowledge","J5316_postknowledge",22,37,0.478928098022118,1.75415731837517
"J5559 J505",5,"J5559 J505",5,"J505","J5559","naive","naive","naive naive",5,NA,NA,0,"naive",-0.0308482374352854,1.67775041050903,0.342955431184714,"J505_J5559","postknowledge","J505_J5559_postknowledge",1,1,"J505_postknowledge","J5559_postknowledge",22,13,0.478928098022118,0.323522260615456
"J5568 J505",3,"J5568 J505",3,"J505","J5568","knowledge","naive","knowledge naive",3,NA,NA,0,"knowledge",-0.264469247162184,-5.25,-0.439015607461686,"J505_J5568","postknowledge","J505_J5568_postknowledge",0,0,"J505_postknowledge","J5568_postknowledge",22,30,0.478928098022118,1.33688875986192
"J5694 J505",5,"J5694 J505",5,"J505","J5694","knowledge","naive","knowledge naive",5,NA,NA,0,"knowledge",-0.0308482374352854,-3.25,-0.271771566523901,"J505_J5694","postknowledge","J505_J5694_postknowledge",0,0,"J505_postknowledge","J5694_postknowledge",22,0,0.478928098022118,-0.451405062337721
"J5728B J505",3,"J5728B J505",3,"J505","J5728B","naive","naive","naive naive",3,NA,NA,0,"naive",-0.264469247162184,-0.322249589490969,-0.0658722812527527,"J505_J5728B","postknowledge","J505_J5728B_postknowledge",0,0,"J505_postknowledge","J5728B_postknowledge",22,0,0.478928098022118,-0.451405062337721
"J505 J5763",5,"J505 J5763",5,"J505","J5763","naive","naive","naive naive",3.5,0.0120481927710843,NA,1,"naive",-0.20606399473046,0.177750410509031,0.0363346468566139,"J505_J5763","postknowledge","J505_J5763_postknowledge",0,0,"J505_postknowledge","J5763_postknowledge",22,0,0.478928098022118,-0.451405062337721
"J505 J5766",2,"J505 J5766",2,"J505","J5766","naive","naive","naive naive",2,NA,NA,0,"naive",-0.381279752025634,-1.32224958949097,-0.270286137471486,"J505_J5766","postknowledge","J505_J5766_postknowledge",0,0,"J505_postknowledge","J5766_postknowledge",22,0,0.478928098022118,-0.451405062337721
"J505 J5804",2,"J505 J5804",2,"J505","J5804","naive","naive","naive naive",2,NA,NA,0,"naive",-0.381279752025634,-1.32224958949097,-0.270286137471486,"J505_J5804","postknowledge","J505_J5804_postknowledge",NA,NA,"J505_postknowledge","J5804_postknowledge",22,NA,0.478928098022118,NA
"J505 J595",3,"J505 J595",3,"J505","J595","naive","naive","naive naive",3,NA,NA,0,"naive",-0.264469247162184,-0.322249589490969,-0.0658722812527527,"J505_J595","postknowledge","J505_J595_postknowledge",0,0,"J505_postknowledge","J595_postknowledge",22,1,0.478928098022118,-0.3917952682644
"J505 J972",1,"J505 J972",1,"J505","J972","naive","naive","naive naive",2.5,NA,NA,0,"naive",-0.322874499593909,-0.822249589490969,-0.168079209362119,"J505_J972","postknowledge","J505_J972_postknowledge",0,0,"J505_postknowledge","J972_postknowledge",22,0,0.478928098022118,-0.451405062337721
"J5053 J5087",3,"J5053 J5087",3,"J5053","J5087","knowledge","naive","knowledge naive",3,NA,NA,0,"knowledge",-0.264469247162184,-5.25,-0.439015607461686,"J5053_J5087","postknowledge","J5053_J5087_postknowledge",0,0,"J5053_postknowledge","J5087_postknowledge",56,0,1.99085378956343,-0.451405062337721
"J5053 J5089",3,"J5053 J5089",3,"J5053","J5089","knowledge","knowledge","knowledge knowledge",6,0.0222222222222222,NA,1,"knowledge",0.0859622674281642,0.158653846153846,0.0322120266732896,"J5053_J5089","postknowledge","J5053_J5089_postknowledge",0,0,"J5053_postknowledge","J5089_postknowledge",56,0,1.99085378956343,-0.451405062337721
"J5053 J5121",1,"J5053 J5121",1,"J5053","J5121","knowledge","knowledge","knowledge knowledge",1,0.0169491525423729,NA,1,"knowledge",-0.498090256889084,-4.84134615384615,-0.982954874545535,"J5053_J5121","postknowledge","J5053_J5121_postknowledge",2,1,"J5053_postknowledge","J5121_postknowledge",56,25,1.99085378956343,1.03883978949531
"J5053 J5215",1,"J5053 J5215",1,"J5053","J5215","knowledge","naive","knowledge naive",1,NA,NA,0,"knowledge",-0.498090256889084,-7.25,-0.606259648399471,"J5053_J5215","postknowledge","J5053_J5215_postknowledge",0,0,"J5053_postknowledge","J5215_postknowledge",56,10,1.99085378956343,0.144692878395492
"J5053 J5222",2,"J5053 J5222",2,"J5053","J5222","knowledge","naive","knowledge naive",2,0.0192307692307692,NA,1,"knowledge",-0.381279752025634,-6.25,-0.522637627930578,"J5053_J5222","postknowledge","J5053_J5222_postknowledge",1,1,"J5053_postknowledge","J5222_postknowledge",56,11,1.99085378956343,0.204302672468813
"J5053 J5595",2,"J5053 J5595",2,"J5053","J5595","knowledge","naive","knowledge naive",2,0.0128205128205128,NA,1,"knowledge",-0.381279752025634,-6.25,-0.522637627930578,"J5053_J5595","postknowledge","J5053_J5595_postknowledge",6,1,"J5053_postknowledge","J5595_postknowledge",56,45,1.99085378956343,2.23103567096174
"J5053 J5694",5,"J5053 J5694",5,"J5053","J5694","knowledge","knowledge","knowledge knowledge",5,NA,NA,0,"knowledge",-0.0308482374352854,-0.841346153846154,-0.170821353570475,"J5053_J5694","postknowledge","J5053_J5694_postknowledge",0,0,"J5053_postknowledge","J5694_postknowledge",56,0,1.99085378956343,-0.451405062337721
"J5053 J5695",1,"J5053 J5695",1,"J5053","J5695","knowledge","knowledge","knowledge knowledge",1.5,NA,NA,0,"knowledge",-0.439685004457359,-4.34134615384615,-0.881438184423653,"J5053_J5695","postknowledge","J5053_J5695_postknowledge",0,0,"J5053_postknowledge","J5695_postknowledge",56,0,1.99085378956343,-0.451405062337721
"J5053 J5730",6,"J5053 J5730",6,"J5053","J5730","knowledge","knowledge","knowledge knowledge",6,NA,NA,0,"knowledge",0.0859622674281642,0.158653846153846,0.0322120266732896,"J5053_J5730","postknowledge","J5053_J5730_postknowledge",0,0,"J5053_postknowledge","J5730_postknowledge",56,0,1.99085378956343,-0.451405062337721
"J5053 J5763",9,"J5053 J5763",9,"J5053","J5763","knowledge","naive","knowledge naive",9,0.0277777777777778,NA,1,"knowledge",0.436393782018513,0.75,0.0627165153516694,"J5053_J5763","postknowledge","J5053_J5763_postknowledge",0,0,"J5053_postknowledge","J5763_postknowledge",56,0,1.99085378956343,-0.451405062337721
"J5053 J5888",5,"J5053 J5888",5,"J5053","J5888","knowledge","naive","knowledge naive",5,NA,NA,0,"knowledge",-0.0308482374352854,-3.25,-0.271771566523901,"J5053_J5888","postknowledge","J5053_J5888_postknowledge",0,0,"J5053_postknowledge","J5888_postknowledge",56,0,1.99085378956343,-0.451405062337721
"J5053 J5964",1,"J5053 J5964",1,"J5053","J5964","knowledge","naive","knowledge naive",1,NA,NA,0,"knowledge",-0.498090256889084,-7.25,-0.606259648399471,"J5053_J5964","postknowledge","J5053_J5964_postknowledge",0,0,"J5053_postknowledge","J5964_postknowledge",56,0,1.99085378956343,-0.451405062337721
"J5089 J5056",1,"J5089 J5056",1,"J5056","J5089","knowledge","naive","knowledge naive",1,0.0126582278481013,NA,1,"knowledge",-0.498090256889084,-7.25,-0.606259648399471,"J5056_J5089","postknowledge","J5056_J5089_postknowledge",0,0,"J5056_postknowledge","J5089_postknowledge",0,0,-0.499376761210493,-0.451405062337721
"J5645 J5056",2,"J5645 J5056",2,"J5056","J5645","naive","naive","naive naive",2,0.024,NA,1,"naive",-0.381279752025634,-1.32224958949097,-0.270286137471486,"J5056_J5645","postknowledge","J5056_J5645_postknowledge",0,0,"J5056_postknowledge","J5645_postknowledge",0,0,-0.499376761210493,-0.451405062337721
"J5694 J5056",5,"J5694 J5056",5,"J5056","J5694","knowledge","naive","knowledge naive",5,NA,NA,0,"knowledge",-0.0308482374352854,-3.25,-0.271771566523901,"J5056_J5694","postknowledge","J5056_J5694_postknowledge",0,0,"J5056_postknowledge","J5694_postknowledge",0,0,-0.499376761210493,-0.451405062337721
"J5730 J5056",1,"J5730 J5056",1,"J5056","J5730","knowledge","naive","knowledge naive",1,NA,NA,0,"knowledge",-0.498090256889084,-7.25,-0.606259648399471,"J5056_J5730","postknowledge","J5056_J5730_postknowledge",0,0,"J5056_postknowledge","J5730_postknowledge",0,0,-0.499376761210493,-0.451405062337721
"J5056 J5763",2,"J5056 J5763",2,"J5056","J5763","naive","naive","naive naive",2,NA,NA,0,"naive",-0.381279752025634,-1.32224958949097,-0.270286137471486,"J5056_J5763","postknowledge","J5056_J5763_postknowledge",0,0,"J5056_postknowledge","J5763_postknowledge",0,0,-0.499376761210493,-0.451405062337721
"J5056 J6042",1,"J5056 J6042",1,"J5056","J6042","naive","naive","naive naive",1,NA,NA,0,"naive",-0.498090256889084,-2.32224958949097,-0.474699993690219,"J5056_J6042","postknowledge","J5056_J6042_postknowledge",0,0,"J5056_postknowledge","J6042_postknowledge",0,0,-0.499376761210493,-0.451405062337721
"J5089 J5074",2,"J5089 J5074",2,"J5074","J5089","knowledge","knowledge","knowledge knowledge",2,0.0105263157894737,NA,1,"knowledge",-0.381279752025634,-3.84134615384615,-0.77992149430177,"J5074_J5089","postknowledge","J5074_J5089_postknowledge",0,0,"J5074_postknowledge","J5089_postknowledge",59,0,2.1242589976406,-0.451405062337721
"J5074 J5763",2,"J5074 J5763",2,"J5074","J5763","knowledge","naive","knowledge naive",2,0.0087719298245614,NA,1,"knowledge",-0.381279752025634,-6.25,-0.522637627930578,"J5074_J5763","postknowledge","J5074_J5763_postknowledge",0,0,"J5074_postknowledge","J5763_postknowledge",59,0,2.1242589976406,-0.451405062337721
"J5074 J6042",1,"J5074 J6042",1,"J5074","J6042","knowledge","naive","knowledge naive",1,NA,NA,0,"knowledge",-0.498090256889084,-7.25,-0.606259648399471,"J5074_J6042","postknowledge","J5074_J6042_postknowledge",0,0,"J5074_postknowledge","J6042_postknowledge",59,0,2.1242589976406,-0.451405062337721
"J5089 J5087",23,"J5089 J5087",23,"J5087","J5089","knowledge","naive","knowledge naive",23,NA,NA,0,"knowledge",2.07174085010681,14.75,1.23342480191616,"J5087_J5089","postknowledge","J5087_J5089_postknowledge",0,0,"J5087_postknowledge","J5089_postknowledge",0,0,-0.499376761210493,-0.451405062337721
"J5121 J5087",2,"J5121 J5087",2,"J5087","J5121","knowledge","naive","knowledge naive",2,NA,NA,0,"knowledge",-0.381279752025634,-6.25,-0.522637627930578,"J5087_J5121","postknowledge","J5087_J5121_postknowledge",0,0,"J5087_postknowledge","J5121_postknowledge",0,25,-0.499376761210493,1.03883978949531
"J5271 J5087",4,"J5271 J5087",4,"J5087","J5271","naive","naive","naive naive",4,NA,NA,0,"naive",-0.147658742298735,0.677750410509031,0.138541574965981,"J5087_J5271","postknowledge","J5087_J5271_postknowledge",0,0,"J5087_postknowledge","J5271_postknowledge",0,9,-0.499376761210493,0.0850830843221708
"J5694 J5087",10,"J5694 J5087",10,"J5087","J5694","knowledge","naive","knowledge naive",10,NA,NA,0,"knowledge",0.553204286881962,1.75,0.146338535820562,"J5087_J5694","postknowledge","J5087_J5694_postknowledge",0,0,"J5087_postknowledge","J5694_postknowledge",0,0,-0.499376761210493,-0.451405062337721
"J5695 J5087",8,"J5695 J5087",8,"J5087","J5695","knowledge","naive","knowledge naive",8,NA,NA,0,"knowledge",0.319583277155063,-0.25,-0.0209055051172231,"J5087_J5695","postknowledge","J5087_J5695_postknowledge",0,0,"J5087_postknowledge","J5695_postknowledge",0,0,-0.499376761210493,-0.451405062337721
"J5730 J5087",1,"J5730 J5087",1,"J5087","J5730","knowledge","naive","knowledge naive",1,NA,NA,0,"knowledge",-0.498090256889084,-7.25,-0.606259648399471,"J5087_J5730","postknowledge","J5087_J5730_postknowledge",0,0,"J5087_postknowledge","J5730_postknowledge",0,0,-0.499376761210493,-0.451405062337721
"J5763 J5087",4,"J5763 J5087",4,"J5087","J5763","naive","naive","naive naive",4,NA,NA,0,"naive",-0.147658742298735,0.677750410509031,0.138541574965981,"J5087_J5763","postknowledge","J5087_J5763_postknowledge",0,0,"J5087_postknowledge","J5763_postknowledge",0,0,-0.499376761210493,-0.451405062337721
"J5087 J5804",2,"J5087 J5804",2,"J5087","J5804","naive","naive","naive naive",2,NA,NA,0,"naive",-0.381279752025634,-1.32224958949097,-0.270286137471486,"J5087_J5804","postknowledge","J5087_J5804_postknowledge",NA,NA,"J5087_postknowledge","J5804_postknowledge",0,NA,-0.499376761210493,NA
"J5888 J5087",1,"J5888 J5087",1,"J5087","J5888","naive","naive","naive naive",1,NA,NA,0,"naive",-0.498090256889084,-2.32224958949097,-0.474699993690219,"J5087_J5888","postknowledge","J5087_J5888_postknowledge",0,0,"J5087_postknowledge","J5888_postknowledge",0,0,-0.499376761210493,-0.451405062337721
"J5087 J6037",1,"J5087 J6037",1,"J5087","J6037","naive","naive","naive naive",1,NA,NA,0,"naive",-0.498090256889084,-2.32224958949097,-0.474699993690219,"J5087_J6037","postknowledge","J5087_J6037_postknowledge",0,0,"J5087_postknowledge","J6037_postknowledge",0,0,-0.499376761210493,-0.451405062337721
"J664 J5087",4,"J664 J5087",4,"J5087","J664","knowledge","naive","knowledge naive",4,NA,NA,0,"knowledge",-0.147658742298735,-4.25,-0.355393586992793,"J5087_J664","postknowledge","J5087_J664_postknowledge",0,0,"J5087_postknowledge","J664_postknowledge",0,0,-0.499376761210493,-0.451405062337721
"J5089 J5095",1,"J5089 J5095",1,"J5089","J5095","knowledge","naive","knowledge naive",1,NA,NA,0,"knowledge",-0.498090256889084,-7.25,-0.606259648399471,"J5089_J5095","postknowledge","J5089_J5095_postknowledge",0,0,"J5089_postknowledge","J5095_postknowledge",0,15,-0.499376761210493,0.442741848762099
"J5089 J5121",2,"J5089 J5121",2,"J5089","J5121","knowledge","knowledge","knowledge knowledge",2,NA,NA,0,"knowledge",-0.381279752025634,-3.84134615384615,-0.77992149430177,"J5089_J5121","postknowledge","J5089_J5121_postknowledge",0,0,"J5089_postknowledge","J5121_postknowledge",0,25,-0.499376761210493,1.03883978949531
"J5694 J5089",1,"J5694 J5089",1,"J5089","J5694","knowledge","knowledge","knowledge knowledge",1,NA,NA,0,"knowledge",-0.498090256889084,-4.84134615384615,-0.982954874545535,"J5089_J5694","postknowledge","J5089_J5694_postknowledge",0,0,"J5089_postknowledge","J5694_postknowledge",0,0,-0.499376761210493,-0.451405062337721
"J5089 J5695",2,"J5089 J5695",2,"J5089","J5695","knowledge","knowledge","knowledge knowledge",2,NA,NA,0,"knowledge",-0.381279752025634,-3.84134615384615,-0.77992149430177,"J5089_J5695","postknowledge","J5089_J5695_postknowledge",0,0,"J5089_postknowledge","J5695_postknowledge",0,0,-0.499376761210493,-0.451405062337721
"J5089 J5716B",4,"J5089 J5716B",4,"J5089","J5716B","knowledge","naive","knowledge naive",4,NA,NA,0,"knowledge",-0.147658742298735,-4.25,-0.355393586992793,"J5089_J5716B","postknowledge","J5089_J5716B_postknowledge",0,0,"J5089_postknowledge","J5716B_postknowledge",0,0,-0.499376761210493,-0.451405062337721
"J5089 J5723A",2,"J5089 J5723A",2,"J5089","J5723A","knowledge","naive","knowledge naive",2,NA,NA,0,"knowledge",-0.381279752025634,-6.25,-0.522637627930578,"J5089_J5723A","postknowledge","J5089_J5723A_postknowledge",0,0,"J5089_postknowledge","J5723A_postknowledge",0,0,-0.499376761210493,-0.451405062337721
"J5089 J5763",6,"J5089 J5763",6,"J5089","J5763","knowledge","naive","knowledge naive",6,0.0267857142857143,NA,1,"knowledge",0.0859622674281642,-2.25,-0.188149546055008,"J5089_J5763","postknowledge","J5089_J5763_postknowledge",0,0,"J5089_postknowledge","J5763_postknowledge",0,0,-0.499376761210493,-0.451405062337721
"J5089 J5766",2,"J5089 J5766",2,"J5089","J5766","knowledge","naive","knowledge naive",2,NA,NA,0,"knowledge",-0.381279752025634,-6.25,-0.522637627930578,"J5089_J5766","postknowledge","J5089_J5766_postknowledge",0,0,"J5089_postknowledge","J5766_postknowledge",0,0,-0.499376761210493,-0.451405062337721
"J5089 J5804",1,"J5089 J5804",1,"J5089","J5804","knowledge","naive","knowledge naive",1,NA,NA,0,"knowledge",-0.498090256889084,-7.25,-0.606259648399471,"J5089_J5804","postknowledge","J5089_J5804_postknowledge",NA,NA,"J5089_postknowledge","J5804_postknowledge",0,NA,-0.499376761210493,NA
"J5089 J6036",2,"J5089 J6036",2,"J5089","J6036","knowledge","naive","knowledge naive",2,NA,NA,0,"knowledge",-0.381279752025634,-6.25,-0.522637627930578,"J5089_J6036","postknowledge","J5089_J6036_postknowledge",0,0,"J5089_postknowledge","J6036_postknowledge",0,0,-0.499376761210493,-0.451405062337721
"J5089 J664",2,"J5089 J664",2,"J5089","J664","knowledge","knowledge","knowledge knowledge",2,NA,NA,0,"knowledge",-0.381279752025634,-3.84134615384615,-0.77992149430177,"J5089_J664","postknowledge","J5089_J664_postknowledge",0,0,"J5089_postknowledge","J664_postknowledge",0,0,-0.499376761210493,-0.451405062337721
"J5089 J972",3,"J5089 J972",3,"J5089","J972","knowledge","naive","knowledge naive",3,NA,NA,0,"knowledge",-0.264469247162184,-5.25,-0.439015607461686,"J5089_J972","postknowledge","J5089_J972_postknowledge",0,0,"J5089_postknowledge","J972_postknowledge",0,0,-0.499376761210493,-0.451405062337721
"J5121 J5095",2,"J5121 J5095",2,"J5095","J5121","knowledge","naive","knowledge naive",2,0.04,NA,1,"knowledge",-0.381279752025634,-6.25,-0.522637627930578,"J5095_J5121","postknowledge","J5095_J5121_postknowledge",2,1,"J5095_postknowledge","J5121_postknowledge",15,25,0.167649279175378,1.03883978949531
"J5098 J5167",2,"J5098 J5167",2,"J5098","J5167","naive","naive","naive naive",2,NA,NA,0,"naive",-0.381279752025634,-1.32224958949097,-0.270286137471486,"J5098_J5167","postknowledge","J5098_J5167_postknowledge",0,0,"J5098_postknowledge","J5167_postknowledge",2,0,-0.41043995582571,-0.451405062337721
"J5098 J5964",1,"J5098 J5964",1,"J5098","J5964","naive","naive","naive naive",1,NA,NA,0,"naive",-0.498090256889084,-2.32224958949097,-0.474699993690219,"J5098_J5964","postknowledge","J5098_J5964_postknowledge",0,0,"J5098_postknowledge","J5964_postknowledge",2,0,-0.41043995582571,-0.451405062337721
"J5106 J5167",2,"J5106 J5167",2,"J5106","J5167","naive","naive","naive naive",2,NA,NA,0,"naive",-0.381279752025634,-1.32224958949097,-0.270286137471486,"J5106_J5167","postknowledge","J5106_J5167_postknowledge",0,0,"J5106_postknowledge","J5167_postknowledge",1,0,-0.454908358518102,-0.451405062337721
"J5121 J5167",9,"J5121 J5167",9,"J5121","J5167","knowledge","naive","knowledge naive",9,NA,NA,0,"knowledge",0.436393782018513,0.75,0.0627165153516694,"J5121_J5167","postknowledge","J5121_J5167_postknowledge",0,0,"J5121_postknowledge","J5167_postknowledge",25,0,0.612333306099293,-0.451405062337721
"J5121 J5215",2,"J5121 J5215",2,"J5121","J5215","knowledge","naive","knowledge naive",2,NA,NA,0,"knowledge",-0.381279752025634,-6.25,-0.522637627930578,"J5121_J5215","postknowledge","J5121_J5215_postknowledge",0,0,"J5121_postknowledge","J5215_postknowledge",25,10,0.612333306099293,0.144692878395492
"J5121 J5379",2,"J5121 J5379",2,"J5121","J5379","knowledge","naive","knowledge naive",2,NA,NA,0,"knowledge",-0.381279752025634,-6.25,-0.522637627930578,"J5121_J5379","postknowledge","J5121_J5379_postknowledge",0,0,"J5121_postknowledge","J5379_postknowledge",25,7,0.612333306099293,-0.0341365038244718
"J5121 J5651",6,"J5121 J5651",6,"J5121","J5651","knowledge","naive","knowledge naive",6,NA,NA,0,"knowledge",0.0859622674281642,-2.25,-0.188149546055008,"J5121_J5651","postknowledge","J5121_J5651_postknowledge",0,0,"J5121_postknowledge","J5651_postknowledge",25,0,0.612333306099293,-0.451405062337721
"J5694 J5121",5,"J5694 J5121",5,"J5121","J5694","knowledge","knowledge","knowledge knowledge",5,NA,NA,0,"knowledge",-0.0308482374352854,-0.841346153846154,-0.170821353570475,"J5121_J5694","postknowledge","J5121_J5694_postknowledge",0,0,"J5121_postknowledge","J5694_postknowledge",25,0,0.612333306099293,-0.451405062337721
"J5121 J5695",1,"J5121 J5695",1,"J5121","J5695","knowledge","knowledge","knowledge knowledge",3,NA,NA,0,"knowledge",-0.264469247162184,-2.84134615384615,-0.576888114058005,"J5121_J5695","postknowledge","J5121_J5695_postknowledge",0,0,"J5121_postknowledge","J5695_postknowledge",25,0,0.612333306099293,-0.451405062337721
"J5121 J5763",2,"J5121 J5763",2,"J5121","J5763","knowledge","naive","knowledge naive",2,NA,NA,0,"knowledge",-0.381279752025634,-6.25,-0.522637627930578,"J5121_J5763","postknowledge","J5121_J5763_postknowledge",0,0,"J5121_postknowledge","J5763_postknowledge",25,0,0.612333306099293,-0.451405062337721
"J5121 J5827",14,"J5121 J5827",14,"J5121","J5827","knowledge","naive","knowledge naive",14,NA,NA,0,"knowledge",1.02044630633576,5.75,0.480826617696132,"J5121_J5827","postknowledge","J5121_J5827_postknowledge",0,0,"J5121_postknowledge","J5827_postknowledge",25,0,0.612333306099293,-0.451405062337721
"J5121 J5963",8,"J5121 J5963",8,"J5121","J5963","knowledge","naive","knowledge naive",8,NA,NA,0,"knowledge",0.319583277155063,-0.25,-0.0209055051172231,"J5121_J5963","postknowledge","J5121_J5963_postknowledge",0,0,"J5121_postknowledge","J5963_postknowledge",25,0,0.612333306099293,-0.451405062337721
"J5121 J5964",2,"J5121 J5964",2,"J5121","J5964","knowledge","naive","knowledge naive",2,NA,NA,0,"knowledge",-0.381279752025634,-6.25,-0.522637627930578,"J5121_J5964","postknowledge","J5121_J5964_postknowledge",0,0,"J5121_postknowledge","J5964_postknowledge",25,0,0.612333306099293,-0.451405062337721
"J5121 J6056",2,"J5121 J6056",2,"J5121","J6056","knowledge","naive","knowledge naive",2,NA,NA,0,"knowledge",-0.381279752025634,-6.25,-0.522637627930578,"J5121_J6056","postknowledge","J5121_J6056_postknowledge",0,0,"J5121_postknowledge","J6056_postknowledge",25,0,0.612333306099293,-0.451405062337721
"J5121 J972",5,"J5121 J972",5,"J5121","J972","knowledge","naive","knowledge naive",5,NA,NA,0,"knowledge",-0.0308482374352854,-3.25,-0.271771566523901,"J5121_J972","postknowledge","J5121_J972_postknowledge",0,0,"J5121_postknowledge","J972_postknowledge",25,0,0.612333306099293,-0.451405062337721
"J5146 J5167",39,"J5146 J5167",39,"J5146","J5167","knowledge","naive","knowledge naive",39,0.166666666666667,NA,1,"knowledge",3.940708927922,30.75,2.57137712941844,"J5146_J5167","postknowledge","J5146_J5167_postknowledge",0,0,"J5146_postknowledge","J5167_postknowledge",4,0,-0.321503150440928,-0.451405062337721
"J5146 J5215",2,"J5146 J5215",2,"J5146","J5215","knowledge","naive","knowledge naive",2,NA,NA,0,"knowledge",-0.381279752025634,-6.25,-0.522637627930578,"J5146_J5215","postknowledge","J5146_J5215_postknowledge",0,0,"J5146_postknowledge","J5215_postknowledge",4,10,-0.321503150440928,0.144692878395492
"J5146 J5309",1,"J5146 J5309",1,"J5146","J5309","knowledge","naive","knowledge naive",1,NA,NA,0,"knowledge",-0.498090256889084,-7.25,-0.606259648399471,"J5146_J5309","postknowledge","J5146_J5309_postknowledge",0,0,"J5146_postknowledge","J5309_postknowledge",4,18,-0.321503150440928,0.621571230982063
"J5146 J5379",2,"J5146 J5379",2,"J5146","J5379","knowledge","naive","knowledge naive",2,NA,NA,0,"knowledge",-0.381279752025634,-6.25,-0.522637627930578,"J5146_J5379","postknowledge","J5146_J5379_postknowledge",0,0,"J5146_postknowledge","J5379_postknowledge",4,7,-0.321503150440928,-0.0341365038244718
"J5146 J5456",2,"J5146 J5456",2,"J5146","J5456","knowledge","naive","knowledge naive",2,NA,NA,0,"knowledge",-0.381279752025634,-6.25,-0.522637627930578,"J5146_J5456","postknowledge","J5146_J5456_postknowledge",0,0,"J5146_postknowledge","J5456_postknowledge",4,5,-0.321503150440928,-0.153356091971114
"J5146 J5475",14,"J5146 J5475",14,"J5146","J5475","knowledge","naive","knowledge naive",14,NA,NA,0,"knowledge",1.02044630633576,5.75,0.480826617696132,"J5146_J5475","postknowledge","J5146_J5475_postknowledge",0,0,"J5146_postknowledge","J5475_postknowledge",4,0,-0.321503150440928,-0.451405062337721
"J5146 J5489",12,"J5146 J5489",12,"J5146","J5489","knowledge","naive","knowledge naive",12,NA,NA,0,"knowledge",0.786825296608862,3.75,0.313582576758347,"J5146_J5489","postknowledge","J5146_J5489_postknowledge",0,0,"J5146_postknowledge","J5489_postknowledge",4,1,-0.321503150440928,-0.3917952682644
"J5146 J5519",4,"J5146 J5519",4,"J5146","J5519","knowledge","naive","knowledge naive",4,0.0227272727272727,NA,1,"knowledge",-0.147658742298735,-4.25,-0.355393586992793,"J5146_J5519","postknowledge","J5146_J5519_postknowledge",0,0,"J5146_postknowledge","J5519_postknowledge",4,53,-0.321503150440928,2.70791402354831
"J5146 J5607",5,"J5146 J5607",5,"J5146","J5607","knowledge","naive","knowledge naive",5,NA,NA,0,"knowledge",-0.0308482374352854,-3.25,-0.271771566523901,"J5146_J5607","postknowledge","J5146_J5607_postknowledge",1,1,"J5146_postknowledge","J5607_postknowledge",4,26,-0.321503150440928,1.09844958356863
"J5146 J5658",5,"J5146 J5658",5,"J5146","J5658","knowledge","naive","knowledge naive",5,NA,NA,0,"knowledge",-0.0308482374352854,-3.25,-0.271771566523901,"J5146_J5658","postknowledge","J5146_J5658_postknowledge",0,0,"J5146_postknowledge","J5658_postknowledge",4,0,-0.321503150440928,-0.451405062337721
"J5146 J5809",9,"J5146 J5809",9,"J5146","J5809","knowledge","naive","knowledge naive",9,NA,NA,0,"knowledge",0.436393782018513,0.75,0.0627165153516694,"J5146_J5809","postknowledge","J5146_J5809_postknowledge",0,0,"J5146_postknowledge","J5809_postknowledge",4,0,-0.321503150440928,-0.451405062337721
"J5146 J5810",4,"J5146 J5810",4,"J5146","J5810","knowledge","knowledge","knowledge knowledge",4,NA,NA,0,"knowledge",-0.147658742298735,-1.84134615384615,-0.37385473381424,"J5146_J5810","postknowledge","J5146_J5810_postknowledge",0,0,"J5146_postknowledge","J5810_postknowledge",4,0,-0.321503150440928,-0.451405062337721
"J5146 J5827",4,"J5146 J5827",4,"J5146","J5827","knowledge","naive","knowledge naive",4,NA,NA,0,"knowledge",-0.147658742298735,-4.25,-0.355393586992793,"J5146_J5827","postknowledge","J5146_J5827_postknowledge",0,0,"J5146_postknowledge","J5827_postknowledge",4,0,-0.321503150440928,-0.451405062337721
"J5146 J5874",4,"J5146 J5874",4,"J5146","J5874","knowledge","naive","knowledge naive",4,NA,NA,0,"knowledge",-0.147658742298735,-4.25,-0.355393586992793,"J5146_J5874","postknowledge","J5146_J5874_postknowledge",0,0,"J5146_postknowledge","J5874_postknowledge",4,0,-0.321503150440928,-0.451405062337721
"J5146 J5939",41,"J5146 J5939",41,"J5146","J5939","knowledge","naive","knowledge naive",41,NA,NA,0,"knowledge",4.1743299376489,32.75,2.73862117035623,"J5146_J5939","postknowledge","J5146_J5939_postknowledge",0,0,"J5146_postknowledge","J5939_postknowledge",4,0,-0.321503150440928,-0.451405062337721
"J5146 J5963",98,"J5146 J5963",98,"J5146","J5963","knowledge","naive","knowledge naive",98,NA,NA,0,"knowledge",10.8325287148655,89.75,7.5050763370831,"J5146_J5963","postknowledge","J5146_J5963_postknowledge",0,0,"J5146_postknowledge","J5963_postknowledge",4,0,-0.321503150440928,-0.451405062337721
"J5146 J5964",23,"J5146 J5964",23,"J5146","J5964","knowledge","naive","knowledge naive",23,NA,NA,0,"knowledge",2.07174085010681,14.75,1.23342480191616,"J5146_J5964","postknowledge","J5146_J5964_postknowledge",0,0,"J5146_postknowledge","J5964_postknowledge",4,0,-0.321503150440928,-0.451405062337721
"J5146 J5978",1,"J5146 J5978",1,"J5146","J5978","knowledge","naive","knowledge naive",1,NA,NA,0,"knowledge",-0.498090256889084,-7.25,-0.606259648399471,"J5146_J5978","postknowledge","J5146_J5978_postknowledge",0,0,"J5146_postknowledge","J5978_postknowledge",4,0,-0.321503150440928,-0.451405062337721
"J5146 J6000",6,"J5146 J6000",6,"J5146","J6000","knowledge","naive","knowledge naive",6,NA,NA,0,"knowledge",0.0859622674281642,-2.25,-0.188149546055008,"J5146_J6000","postknowledge","J5146_J6000_postknowledge",0,0,"J5146_postknowledge","J6000_postknowledge",4,0,-0.321503150440928,-0.451405062337721
"J5146 J6017",23,"J5146 J6017",23,"J5146","J6017","knowledge","naive","knowledge naive",23,NA,NA,0,"knowledge",2.07174085010681,14.75,1.23342480191616,"J5146_J6017","postknowledge","J5146_J6017_postknowledge",0,0,"J5146_postknowledge","J6017_postknowledge",4,0,-0.321503150440928,-0.451405062337721
"J5146 J831",6,"J5146 J831",6,"J5146","J831","knowledge","knowledge","knowledge knowledge",3.5,NA,NA,0,"knowledge",-0.20606399473046,-2.34134615384615,-0.475371423936123,"J5146_J831","postknowledge","J5146_J831_postknowledge",0,0,"J5146_postknowledge","J831_postknowledge",4,0,-0.321503150440928,-0.451405062337721
"J5215 J5167",2,"J5215 J5167",2,"J5167","J5215","naive","naive","naive naive",2,NA,NA,0,"naive",-0.381279752025634,-1.32224958949097,-0.270286137471486,"J5167_J5215","postknowledge","J5167_J5215_postknowledge",0,0,"J5167_postknowledge","J5215_postknowledge",0,10,-0.499376761210493,0.144692878395492
"J5316 J5167",1,"J5316 J5167",1,"J5167","J5316","naive","naive","naive naive",1,0.0222222222222222,NA,1,"naive",-0.498090256889084,-2.32224958949097,-0.474699993690219,"J5167_J5316","postknowledge","J5167_J5316_postknowledge",0,0,"J5167_postknowledge","J5316_postknowledge",0,37,-0.499376761210493,1.75415731837517
"J5568 J5167",1,"J5568 J5167",1,"J5167","J5568","knowledge","naive","knowledge naive",1,NA,NA,0,"knowledge",-0.498090256889084,-7.25,-0.606259648399471,"J5167_J5568","postknowledge","J5167_J5568_postknowledge",0,0,"J5167_postknowledge","J5568_postknowledge",0,30,-0.499376761210493,1.33688875986192
"J5167 J5607",3,"J5167 J5607",3,"J5167","J5607","naive","naive","naive naive",3,NA,NA,0,"naive",-0.264469247162184,-0.322249589490969,-0.0658722812527527,"J5167_J5607","postknowledge","J5167_J5607_postknowledge",0,0,"J5167_postknowledge","J5607_postknowledge",0,26,-0.499376761210493,1.09844958356863
"J5658 J5167",2,"J5658 J5167",2,"J5167","J5658","naive","naive","naive naive",2,NA,NA,0,"naive",-0.381279752025634,-1.32224958949097,-0.270286137471486,"J5167_J5658","postknowledge","J5167_J5658_postknowledge",0,0,"J5167_postknowledge","J5658_postknowledge",0,0,-0.499376761210493,-0.451405062337721
"J5740 J5167",1,"J5740 J5167",1,"J5167","J5740","naive","naive","naive naive",1,NA,NA,0,"naive",-0.498090256889084,-2.32224958949097,-0.474699993690219,"J5167_J5740","postknowledge","J5167_J5740_postknowledge",0,0,"J5167_postknowledge","J5740_postknowledge",0,0,-0.499376761210493,-0.451405062337721
"J5821 J5167",1,"J5821 J5167",1,"J5167","J5821","naive","naive","naive naive",1,NA,NA,0,"naive",-0.498090256889084,-2.32224958949097,-0.474699993690219,"J5167_J5821","postknowledge","J5167_J5821_postknowledge",0,0,"J5167_postknowledge","J5821_postknowledge",0,0,-0.499376761210493,-0.451405062337721
"J5827 J5167",12,"J5827 J5167",12,"J5167","J5827","naive","naive","naive naive",12,NA,NA,0,"naive",0.786825296608862,8.67775041050903,1.77385242471585,"J5167_J5827","postknowledge","J5167_J5827_postknowledge",0,0,"J5167_postknowledge","J5827_postknowledge",0,0,-0.499376761210493,-0.451405062337721
"J5874 J5167",2,"J5874 J5167",2,"J5167","J5874","naive","naive","naive naive",2,NA,NA,0,"naive",-0.381279752025634,-1.32224958949097,-0.270286137471486,"J5167_J5874","postknowledge","J5167_J5874_postknowledge",0,0,"J5167_postknowledge","J5874_postknowledge",0,0,-0.499376761210493,-0.451405062337721
"J5167 J5939",2,"J5167 J5939",2,"J5167","J5939","naive","naive","naive naive",2,NA,NA,0,"naive",-0.381279752025634,-1.32224958949097,-0.270286137471486,"J5167_J5939","postknowledge","J5167_J5939_postknowledge",0,0,"J5167_postknowledge","J5939_postknowledge",0,0,-0.499376761210493,-0.451405062337721
"J5167 J5963",5,"J5167 J5963",5,"J5167","J5963","naive","naive","naive naive",6,NA,NA,0,"naive",0.0859622674281642,2.67775041050903,0.547369287403447,"J5167_J5963","postknowledge","J5167_J5963_postknowledge",0,0,"J5167_postknowledge","J5963_postknowledge",0,0,-0.499376761210493,-0.451405062337721
"J5167 J5964",5,"J5167 J5964",5,"J5167","J5964","naive","naive","naive naive",7,NA,NA,0,"naive",0.202772772291614,3.67775041050903,0.75178314362218,"J5167_J5964","postknowledge","J5167_J5964_postknowledge",0,0,"J5167_postknowledge","J5964_postknowledge",0,0,-0.499376761210493,-0.451405062337721
"J5184 J5316",2,"J5184 J5316",2,"J5184","J5316","naive","naive","naive naive",2,NA,NA,0,"naive",-0.381279752025634,-1.32224958949097,-0.270286137471486,"J5184_J5316","postknowledge","J5184_J5316_postknowledge",0,0,"J5184_postknowledge","J5316_postknowledge",0,37,-0.499376761210493,1.75415731837517
"J5184 J5607",11,"J5184 J5607",11,"J5184","J5607","naive","naive","naive naive",11,NA,NA,0,"naive",0.670014791745412,7.67775041050903,1.56943856849711,"J5184_J5607","postknowledge","J5184_J5607_postknowledge",0,0,"J5184_postknowledge","J5607_postknowledge",0,26,-0.499376761210493,1.09844958356863
"J5184 J5645",1,"J5184 J5645",1,"J5184","J5645","naive","naive","naive naive",1,NA,NA,0,"naive",-0.498090256889084,-2.32224958949097,-0.474699993690219,"J5184_J5645","postknowledge","J5184_J5645_postknowledge",0,0,"J5184_postknowledge","J5645_postknowledge",0,0,-0.499376761210493,-0.451405062337721
"J5184 J5963",1,"J5184 J5963",1,"J5184","J5963","naive","naive","naive naive",1,NA,NA,0,"naive",-0.498090256889084,-2.32224958949097,-0.474699993690219,"J5184_J5963","postknowledge","J5184_J5963_postknowledge",0,0,"J5184_postknowledge","J5963_postknowledge",0,0,-0.499376761210493,-0.451405062337721
"J5184 J6017",2,"J5184 J6017",2,"J5184","J6017","naive","naive","naive naive",2,NA,NA,0,"naive",-0.381279752025634,-1.32224958949097,-0.270286137471486,"J5184_J6017","postknowledge","J5184_J6017_postknowledge",0,0,"J5184_postknowledge","J6017_postknowledge",0,0,-0.499376761210493,-0.451405062337721
"J5724 J5215",1,"J5724 J5215",1,"J5215","J5724","naive","naive","naive naive",1,0.0625,NA,1,"naive",-0.498090256889084,-2.32224958949097,-0.474699993690219,"J5215_J5724","postknowledge","J5215_J5724_postknowledge",0,0,"J5215_postknowledge","J5724_postknowledge",10,0,-0.0546927342865789,-0.451405062337721
"J5740 J5215",2,"J5740 J5215",2,"J5215","J5740","naive","naive","naive naive",2,NA,NA,0,"naive",-0.381279752025634,-1.32224958949097,-0.270286137471486,"J5215_J5740","postknowledge","J5215_J5740_postknowledge",0,0,"J5215_postknowledge","J5740_postknowledge",10,0,-0.0546927342865789,-0.451405062337721
"J5821 J5215",1,"J5821 J5215",1,"J5215","J5821","naive","naive","naive naive",1,NA,NA,0,"naive",-0.498090256889084,-2.32224958949097,-0.474699993690219,"J5215_J5821","postknowledge","J5215_J5821_postknowledge",0,0,"J5215_postknowledge","J5821_postknowledge",10,0,-0.0546927342865789,-0.451405062337721
"J5827 J5215",1,"J5827 J5215",1,"J5215","J5827","naive","naive","naive naive",1,NA,NA,0,"naive",-0.498090256889084,-2.32224958949097,-0.474699993690219,"J5215_J5827","postknowledge","J5215_J5827_postknowledge",0,0,"J5215_postknowledge","J5827_postknowledge",10,0,-0.0546927342865789,-0.451405062337721
"J5215 J5963",3,"J5215 J5963",3,"J5215","J5963","naive","naive","naive naive",2,NA,NA,0,"naive",-0.381279752025634,-1.32224958949097,-0.270286137471486,"J5215_J5963","postknowledge","J5215_J5963_postknowledge",0,0,"J5215_postknowledge","J5963_postknowledge",10,0,-0.0546927342865789,-0.451405062337721
"J5215 J5964",1,"J5215 J5964",1,"J5215","J5964","naive","naive","naive naive",2,NA,NA,0,"naive",-0.381279752025634,-1.32224958949097,-0.270286137471486,"J5215_J5964","postknowledge","J5215_J5964_postknowledge",0,0,"J5215_postknowledge","J5964_postknowledge",10,0,-0.0546927342865789,-0.451405062337721
"J5222 J5559",2,"J5222 J5559",2,"J5222","J5559","naive","naive","naive naive",2,0.0588235294117647,NA,1,"naive",-0.381279752025634,-1.32224958949097,-0.270286137471486,"J5222_J5559","postknowledge","J5222_J5559_postknowledge",1,1,"J5222_postknowledge","J5559_postknowledge",11,13,-0.0102243315941875,0.323522260615456
"J5694 J5222",5,"J5694 J5222",5,"J5222","J5694","knowledge","naive","knowledge naive",5,NA,NA,0,"knowledge",-0.0308482374352854,-3.25,-0.271771566523901,"J5222_J5694","postknowledge","J5222_J5694_postknowledge",0,0,"J5222_postknowledge","J5694_postknowledge",11,0,-0.0102243315941875,-0.451405062337721
"J5695 J5222",6,"J5695 J5222",6,"J5222","J5695","knowledge","naive","knowledge naive",6,NA,NA,0,"knowledge",0.0859622674281642,-2.25,-0.188149546055008,"J5222_J5695","postknowledge","J5222_J5695_postknowledge",0,0,"J5222_postknowledge","J5695_postknowledge",11,0,-0.0102243315941875,-0.451405062337721
"J5269 J5271",1,"J5269 J5271",1,"J5269","J5271","naive","naive","naive naive",1,NA,NA,0,"naive",-0.498090256889084,-2.32224958949097,-0.474699993690219,"J5269_J5271","postknowledge","J5269_J5271_postknowledge",1,1,"J5269_postknowledge","J5271_postknowledge",5,9,-0.277034747748536,0.0850830843221708
"J5269 J5559",1,"J5269 J5559",1,"J5269","J5559","naive","naive","naive naive",1,NA,NA,0,"naive",-0.498090256889084,-2.32224958949097,-0.474699993690219,"J5269_J5559","postknowledge","J5269_J5559_postknowledge",0,0,"J5269_postknowledge","J5559_postknowledge",5,13,-0.277034747748536,0.323522260615456
"J5595 J5269",2,"J5595 J5269",2,"J5269","J5595","naive","naive","naive naive",2,0.027027027027027,NA,1,"naive",-0.381279752025634,-1.32224958949097,-0.270286137471486,"J5269_J5595","postknowledge","J5269_J5595_postknowledge",3,1,"J5269_postknowledge","J5595_postknowledge",5,45,-0.277034747748536,2.23103567096174
"J5766 J5271",2,"J5766 J5271",2,"J5271","J5766","naive","naive","naive naive",2,NA,NA,0,"naive",-0.381279752025634,-1.32224958949097,-0.270286137471486,"J5271_J5766","postknowledge","J5271_J5766_postknowledge",0,0,"J5271_postknowledge","J5766_postknowledge",9,0,-0.0991611369789704,-0.451405062337721
"J5804 J5271",2,"J5804 J5271",2,"J5271","J5804","naive","naive","naive naive",2,NA,NA,0,"naive",-0.381279752025634,-1.32224958949097,-0.270286137471486,"J5271_J5804","postknowledge","J5271_J5804_postknowledge",NA,NA,"J5271_postknowledge","J5804_postknowledge",9,NA,-0.0991611369789704,NA
"J5271 J972",1,"J5271 J972",1,"J5271","J972","naive","naive","naive naive",1,NA,NA,0,"naive",-0.498090256889084,-2.32224958949097,-0.474699993690219,"J5271_J972","postknowledge","J5271_J972_postknowledge",0,0,"J5271_postknowledge","J972_postknowledge",9,0,-0.0991611369789704,-0.451405062337721
"J5316 J5309",2,"J5316 J5309",2,"J5309","J5316","naive","naive","naive naive",2,0.0307692307692308,NA,1,"naive",-0.381279752025634,-1.32224958949097,-0.270286137471486,"J5309_J5316","postknowledge","J5309_J5316_postknowledge",2,1,"J5309_postknowledge","J5316_postknowledge",18,37,0.301054487252553,1.75415731837517
"J5922 J5309",2,"J5922 J5309",2,"J5309","J5922","naive","naive","naive naive",2,NA,NA,0,"naive",-0.381279752025634,-1.32224958949097,-0.270286137471486,"J5309_J5922","postknowledge","J5309_J5922_postknowledge",0,0,"J5309_postknowledge","J5922_postknowledge",18,0,0.301054487252553,-0.451405062337721
"J5489 J5316",3,"J5489 J5316",3,"J5316","J5489","naive","naive","naive naive",3,NA,NA,0,"naive",-0.264469247162184,-0.322249589490969,-0.0658722812527527,"J5316_J5489","postknowledge","J5316_J5489_postknowledge",0,0,"J5316_postknowledge","J5489_postknowledge",37,1,1.14595413840799,-0.3917952682644
"J5658 J5316",2,"J5658 J5316",2,"J5316","J5658","naive","naive","naive naive",2,NA,NA,0,"naive",-0.381279752025634,-1.32224958949097,-0.270286137471486,"J5316_J5658","postknowledge","J5316_J5658_postknowledge",0,0,"J5316_postknowledge","J5658_postknowledge",37,0,1.14595413840799,-0.451405062337721
"J5686 J5316",1,"J5686 J5316",1,"J5316","J5686","naive","naive","naive naive",1,NA,NA,0,"naive",-0.498090256889084,-2.32224958949097,-0.474699993690219,"J5316_J5686","postknowledge","J5316_J5686_postknowledge",0,0,"J5316_postknowledge","J5686_postknowledge",37,0,1.14595413840799,-0.451405062337721
"J5701 J5316",1,"J5701 J5316",1,"J5316","J5701","naive","naive","naive naive",1,NA,NA,0,"naive",-0.498090256889084,-2.32224958949097,-0.474699993690219,"J5316_J5701","postknowledge","J5316_J5701_postknowledge",0,0,"J5316_postknowledge","J5701_postknowledge",37,0,1.14595413840799,-0.451405062337721
"J5778 J5316",1,"J5778 J5316",1,"J5316","J5778","naive","naive","naive naive",1,NA,NA,0,"naive",-0.498090256889084,-2.32224958949097,-0.474699993690219,"J5316_J5778","postknowledge","J5316_J5778_postknowledge",0,0,"J5316_postknowledge","J5778_postknowledge",37,0,1.14595413840799,-0.451405062337721
"J5806 J5316",2,"J5806 J5316",2,"J5316","J5806","naive","naive","naive naive",2,NA,NA,0,"naive",-0.381279752025634,-1.32224958949097,-0.270286137471486,"J5316_J5806","postknowledge","J5316_J5806_postknowledge",0,0,"J5316_postknowledge","J5806_postknowledge",37,0,1.14595413840799,-0.451405062337721
"J5810 J5316",4,"J5810 J5316",4,"J5316","J5810","knowledge","naive","knowledge naive",4,NA,NA,0,"knowledge",-0.147658742298735,-4.25,-0.355393586992793,"J5316_J5810","postknowledge","J5316_J5810_postknowledge",0,0,"J5316_postknowledge","J5810_postknowledge",37,0,1.14595413840799,-0.451405062337721
"J5827 J5316",7,"J5827 J5316",7,"J5316","J5827","naive","naive","naive naive",7,NA,NA,0,"naive",0.202772772291614,3.67775041050903,0.75178314362218,"J5316_J5827","postknowledge","J5316_J5827_postknowledge",0,0,"J5316_postknowledge","J5827_postknowledge",37,0,1.14595413840799,-0.451405062337721
"J5316 J5939",3,"J5316 J5939",3,"J5316","J5939","naive","naive","naive naive",2,NA,NA,0,"naive",-0.381279752025634,-1.32224958949097,-0.270286137471486,"J5316_J5939","postknowledge","J5316_J5939_postknowledge",0,0,"J5316_postknowledge","J5939_postknowledge",37,0,1.14595413840799,-0.451405062337721
"J5316 J5963",1,"J5316 J5963",1,"J5316","J5963","naive","naive","naive naive",1,NA,NA,0,"naive",-0.498090256889084,-2.32224958949097,-0.474699993690219,"J5316_J5963","postknowledge","J5316_J5963_postknowledge",0,0,"J5316_postknowledge","J5963_postknowledge",37,0,1.14595413840799,-0.451405062337721
"J5316 J5964",3,"J5316 J5964",3,"J5316","J5964","naive","naive","naive naive",2,NA,NA,0,"naive",-0.381279752025634,-1.32224958949097,-0.270286137471486,"J5316_J5964","postknowledge","J5316_J5964_postknowledge",0,0,"J5316_postknowledge","J5964_postknowledge",37,0,1.14595413840799,-0.451405062337721
"J5316 J6017",2,"J5316 J6017",2,"J5316","J6017","naive","naive","naive naive",2,NA,NA,0,"naive",-0.381279752025634,-1.32224958949097,-0.270286137471486,"J5316_J6017","postknowledge","J5316_J6017_postknowledge",0,0,"J5316_postknowledge","J6017_postknowledge",37,0,1.14595413840799,-0.451405062337721
"J831 J5316",1,"J831 J5316",1,"J5316","J831","knowledge","naive","knowledge naive",1,NA,NA,0,"knowledge",-0.498090256889084,-7.25,-0.606259648399471,"J5316_J831","postknowledge","J5316_J831_postknowledge",0,0,"J5316_postknowledge","J831_postknowledge",37,0,1.14595413840799,-0.451405062337721
"J5379 J5607",1,"J5379 J5607",1,"J5379","J5607","naive","naive","naive naive",1,NA,NA,0,"naive",-0.498090256889084,-2.32224958949097,-0.474699993690219,"J5379_J5607","postknowledge","J5379_J5607_postknowledge",0,0,"J5379_postknowledge","J5607_postknowledge",7,26,-0.188097942363753,1.09844958356863
"J5810 J5379",2,"J5810 J5379",2,"J5379","J5810","knowledge","naive","knowledge naive",2,NA,NA,0,"knowledge",-0.381279752025634,-6.25,-0.522637627930578,"J5379_J5810","postknowledge","J5379_J5810_postknowledge",0,0,"J5379_postknowledge","J5810_postknowledge",7,0,-0.188097942363753,-0.451405062337721
"J5379 J5963",3,"J5379 J5963",3,"J5379","J5963","naive","naive","naive naive",3,NA,NA,0,"naive",-0.264469247162184,-0.322249589490969,-0.0658722812527527,"J5379_J5963","postknowledge","J5379_J5963_postknowledge",0,0,"J5379_postknowledge","J5963_postknowledge",7,0,-0.188097942363753,-0.451405062337721
"J5379 J5964",1,"J5379 J5964",1,"J5379","J5964","naive","naive","naive naive",1.5,NA,NA,0,"naive",-0.439685004457359,-1.82224958949097,-0.372493065580853,"J5379_J5964","postknowledge","J5379_J5964_postknowledge",0,0,"J5379_postknowledge","J5964_postknowledge",7,0,-0.188097942363753,-0.451405062337721
"J5379 J933",3,"J5379 J933",3,"J5379","J933","naive","naive","naive naive",3,0.0833333333333333,NA,1,"naive",-0.264469247162184,-0.322249589490969,-0.0658722812527527,"J5379_J933","postknowledge","J5379_J933_postknowledge",0,0,"J5379_postknowledge","J933_postknowledge",7,0,-0.188097942363753,-0.451405062337721
"J5827 J5456",1,"J5827 J5456",1,"J5456","J5827","naive","naive","naive naive",1,NA,NA,0,"naive",-0.498090256889084,-2.32224958949097,-0.474699993690219,"J5456_J5827","postknowledge","J5456_J5827_postknowledge",0,0,"J5456_postknowledge","J5827_postknowledge",5,0,-0.277034747748536,-0.451405062337721
"J5456 J5939",2,"J5456 J5939",2,"J5456","J5939","naive","naive","naive naive",2,NA,NA,0,"naive",-0.381279752025634,-1.32224958949097,-0.270286137471486,"J5456_J5939","postknowledge","J5456_J5939_postknowledge",0,0,"J5456_postknowledge","J5939_postknowledge",5,0,-0.277034747748536,-0.451405062337721
"J5806 J5475",1,"J5806 J5475",1,"J5475","J5806","naive","naive","naive naive",1,NA,NA,0,"naive",-0.498090256889084,-2.32224958949097,-0.474699993690219,"J5475_J5806","postknowledge","J5475_J5806_postknowledge",0,0,"J5475_postknowledge","J5806_postknowledge",0,0,-0.499376761210493,-0.451405062337721
"J5810 J5475",6,"J5810 J5475",6,"J5475","J5810","knowledge","naive","knowledge naive",6,NA,NA,0,"knowledge",0.0859622674281642,-2.25,-0.188149546055008,"J5475_J5810","postknowledge","J5475_J5810_postknowledge",0,0,"J5475_postknowledge","J5810_postknowledge",0,0,-0.499376761210493,-0.451405062337721
"J5827 J5475",1,"J5827 J5475",1,"J5475","J5827","naive","naive","naive naive",1,NA,NA,0,"naive",-0.498090256889084,-2.32224958949097,-0.474699993690219,"J5475_J5827","postknowledge","J5475_J5827_postknowledge",0,0,"J5475_postknowledge","J5827_postknowledge",0,0,-0.499376761210493,-0.451405062337721
"J5475 J5964",1,"J5475 J5964",1,"J5475","J5964","naive","naive","naive naive",3.5,NA,NA,0,"naive",-0.20606399473046,0.177750410509031,0.0363346468566139,"J5475_J5964","postknowledge","J5475_J5964_postknowledge",0,0,"J5475_postknowledge","J5964_postknowledge",0,0,-0.499376761210493,-0.451405062337721
"J5477 J5607",5,"J5477 J5607",5,"J5477","J5607","naive","naive","naive naive",5,NA,NA,0,"naive",-0.0308482374352854,1.67775041050903,0.342955431184714,"J5477_J5607","postknowledge","J5477_J5607_postknowledge",2,1,"J5477_postknowledge","J5607_postknowledge",36,26,1.1014857357156,1.09844958356863
"J5810 J5477",5,"J5810 J5477",5,"J5477","J5810","knowledge","naive","knowledge naive",5,NA,NA,0,"knowledge",-0.0308482374352854,-3.25,-0.271771566523901,"J5477_J5810","postknowledge","J5477_J5810_postknowledge",0,0,"J5477_postknowledge","J5810_postknowledge",36,0,1.1014857357156,-0.451405062337721
"J5827 J5477",1,"J5827 J5477",1,"J5477","J5827","naive","naive","naive naive",1,NA,NA,0,"naive",-0.498090256889084,-2.32224958949097,-0.474699993690219,"J5477_J5827","postknowledge","J5477_J5827_postknowledge",0,0,"J5477_postknowledge","J5827_postknowledge",36,0,1.1014857357156,-0.451405062337721
"J5477 J5874",2,"J5477 J5874",2,"J5477","J5874","naive","naive","naive naive",1.5,NA,NA,0,"naive",-0.439685004457359,-1.82224958949097,-0.372493065580853,"J5477_J5874","postknowledge","J5477_J5874_postknowledge",0,0,"J5477_postknowledge","J5874_postknowledge",36,0,1.1014857357156,-0.451405062337721
"J5922 J5477",10,"J5922 J5477",10,"J5477","J5922","naive","naive","naive naive",10,NA,NA,0,"naive",0.553204286881962,6.67775041050903,1.36502471227838,"J5477_J5922","postknowledge","J5477_J5922_postknowledge",0,0,"J5477_postknowledge","J5922_postknowledge",36,0,1.1014857357156,-0.451405062337721
"J5477 J5963",1,"J5477 J5963",1,"J5477","J5963","naive","naive","naive naive",1,NA,NA,0,"naive",-0.498090256889084,-2.32224958949097,-0.474699993690219,"J5477_J5963","postknowledge","J5477_J5963_postknowledge",0,0,"J5477_postknowledge","J5963_postknowledge",36,0,1.1014857357156,-0.451405062337721
"J831 J5477",1,"J831 J5477",1,"J5477","J831","knowledge","naive","knowledge naive",1,NA,NA,0,"knowledge",-0.498090256889084,-7.25,-0.606259648399471,"J5477_J831","postknowledge","J5477_J831_postknowledge",0,0,"J5477_postknowledge","J831_postknowledge",36,0,1.1014857357156,-0.451405062337721
"J5488 J5939",2,"J5488 J5939",2,"J5488","J5939","naive","naive","naive naive",2,NA,NA,0,"naive",-0.381279752025634,-1.32224958949097,-0.270286137471486,"J5488_J5939","postknowledge","J5488_J5939_postknowledge",0,0,"J5488_postknowledge","J5939_postknowledge",0,0,-0.499376761210493,-0.451405062337721
"J5489 J5519",2,"J5489 J5519",2,"J5489","J5519","naive","naive","naive naive",2,NA,NA,0,"naive",-0.381279752025634,-1.32224958949097,-0.270286137471486,"J5489_J5519","postknowledge","J5489_J5519_postknowledge",0,0,"J5489_postknowledge","J5519_postknowledge",1,53,-0.454908358518102,2.70791402354831
"J5489 J5607",2,"J5489 J5607",2,"J5489","J5607","naive","naive","naive naive",2,NA,NA,0,"naive",-0.381279752025634,-1.32224958949097,-0.270286137471486,"J5489_J5607","postknowledge","J5489_J5607_postknowledge",0,0,"J5489_postknowledge","J5607_postknowledge",1,26,-0.454908358518102,1.09844958356863
"J5658 J5489",1,"J5658 J5489",1,"J5489","J5658","naive","naive","naive naive",1,NA,NA,0,"naive",-0.498090256889084,-2.32224958949097,-0.474699993690219,"J5489_J5658","postknowledge","J5489_J5658_postknowledge",0,0,"J5489_postknowledge","J5658_postknowledge",1,0,-0.454908358518102,-0.451405062337721
"J5740 J5489",2,"J5740 J5489",2,"J5489","J5740","naive","naive","naive naive",2,NA,NA,0,"naive",-0.381279752025634,-1.32224958949097,-0.270286137471486,"J5489_J5740","postknowledge","J5489_J5740_postknowledge",0,0,"J5489_postknowledge","J5740_postknowledge",1,0,-0.454908358518102,-0.451405062337721
"J5489 J5827",1,"J5489 J5827",1,"J5489","J5827","naive","naive","naive naive",2,NA,NA,0,"naive",-0.381279752025634,-1.32224958949097,-0.270286137471486,"J5489_J5827","postknowledge","J5489_J5827_postknowledge",0,0,"J5489_postknowledge","J5827_postknowledge",1,0,-0.454908358518102,-0.451405062337721
"J5836 J5489",2,"J5836 J5489",2,"J5489","J5836","naive","naive","naive naive",2,NA,NA,0,"naive",-0.381279752025634,-1.32224958949097,-0.270286137471486,"J5489_J5836","postknowledge","J5489_J5836_postknowledge",0,0,"J5489_postknowledge","J5836_postknowledge",1,0,-0.454908358518102,-0.451405062337721
"J5939 J5489",1,"J5939 J5489",1,"J5489","J5939","naive","naive","naive naive",1,NA,NA,0,"naive",-0.498090256889084,-2.32224958949097,-0.474699993690219,"J5489_J5939","postknowledge","J5489_J5939_postknowledge",0,0,"J5489_postknowledge","J5939_postknowledge",1,0,-0.454908358518102,-0.451405062337721
"J5963 J5489",2,"J5963 J5489",2,"J5489","J5963","naive","naive","naive naive",2,NA,NA,0,"naive",-0.381279752025634,-1.32224958949097,-0.270286137471486,"J5489_J5963","postknowledge","J5489_J5963_postknowledge",0,0,"J5489_postknowledge","J5963_postknowledge",1,0,-0.454908358518102,-0.451405062337721
"J5964 J5489",2,"J5964 J5489",2,"J5489","J5964","naive","naive","naive naive",2,NA,NA,0,"naive",-0.381279752025634,-1.32224958949097,-0.270286137471486,"J5489_J5964","postknowledge","J5489_J5964_postknowledge",0,0,"J5489_postknowledge","J5964_postknowledge",1,0,-0.454908358518102,-0.451405062337721
"J5810 J5498",4,"J5810 J5498",4,"J5498","J5810","knowledge","naive","knowledge naive",4,NA,NA,0,"knowledge",-0.147658742298735,-4.25,-0.355393586992793,"J5498_J5810","postknowledge","J5498_J5810_postknowledge",0,0,"J5498_postknowledge","J5810_postknowledge",5,0,-0.277034747748536,-0.451405062337721
"J5498 J5922",2,"J5498 J5922",2,"J5498","J5922","naive","naive","naive naive",2.5,NA,NA,0,"naive",-0.322874499593909,-0.822249589490969,-0.168079209362119,"J5498_J5922","postknowledge","J5498_J5922_postknowledge",0,0,"J5498_postknowledge","J5922_postknowledge",5,0,-0.277034747748536,-0.451405062337721
"J5546 J595",1,"J5546 J595",1,"J5546","J595","naive","naive","naive naive",1,NA,NA,0,"naive",-0.498090256889084,-2.32224958949097,-0.474699993690219,"J5546_J595","postknowledge","J5546_J595_postknowledge",0,0,"J5546_postknowledge","J595_postknowledge",0,1,-0.499376761210493,-0.3917952682644
"J5728B J5548",2,"J5728B J5548",2,"J5548","J5728B","naive","naive","naive naive",2,NA,NA,0,"naive",-0.381279752025634,-1.32224958949097,-0.270286137471486,"J5548_J5728B","postknowledge","J5548_J5728B_postknowledge",0,0,"J5548_postknowledge","J5728B_postknowledge",0,0,-0.499376761210493,-0.451405062337721
"J595 J5548",1,"J595 J5548",1,"J5548","J595","naive","naive","naive naive",1,NA,NA,0,"naive",-0.498090256889084,-2.32224958949097,-0.474699993690219,"J5548_J595","postknowledge","J5548_J595_postknowledge",0,0,"J5548_postknowledge","J595_postknowledge",0,1,-0.499376761210493,-0.3917952682644
"J5559 J5804",2,"J5559 J5804",2,"J5559","J5804","naive","naive","naive naive",2,NA,NA,0,"naive",-0.381279752025634,-1.32224958949097,-0.270286137471486,"J5559_J5804","postknowledge","J5559_J5804_postknowledge",NA,NA,"J5559_postknowledge","J5804_postknowledge",13,NA,0.0787124737905954,NA
"J5810 J5568",2,"J5810 J5568",2,"J5568","J5810","knowledge","knowledge","knowledge knowledge",2,NA,NA,0,"knowledge",-0.381279752025634,-3.84134615384615,-0.77992149430177,"J5568_J5810","postknowledge","J5568_J5810_postknowledge",0,0,"J5568_postknowledge","J5810_postknowledge",30,0,0.83467531956125,-0.451405062337721
"J5568 J5963",2,"J5568 J5963",2,"J5568","J5963","knowledge","naive","knowledge naive",2,NA,NA,0,"knowledge",-0.381279752025634,-6.25,-0.522637627930578,"J5568_J5963","postknowledge","J5568_J5963_postknowledge",0,0,"J5568_postknowledge","J5963_postknowledge",30,0,0.83467531956125,-0.451405062337721
"J5810 J5582",3,"J5810 J5582",3,"J5582","J5810","knowledge","naive","knowledge naive",3,NA,NA,0,"knowledge",-0.264469247162184,-5.25,-0.439015607461686,"J5582_J5810","postknowledge","J5582_J5810_postknowledge",0,0,"J5582_postknowledge","J5810_postknowledge",15,0,0.167649279175378,-0.451405062337721
"J5694 J5595",7,"J5694 J5595",7,"J5595","J5694","knowledge","naive","knowledge naive",7,NA,NA,0,"knowledge",0.202772772291614,-1.25,-0.104527525586116,"J5595_J5694","postknowledge","J5595_J5694_postknowledge",0,0,"J5595_postknowledge","J5694_postknowledge",45,0,1.50170135994712,-0.451405062337721
"J5730 J5595",2,"J5730 J5595",2,"J5595","J5730","knowledge","naive","knowledge naive",2,NA,NA,0,"knowledge",-0.381279752025634,-6.25,-0.522637627930578,"J5595_J5730","postknowledge","J5595_J5730_postknowledge",0,0,"J5595_postknowledge","J5730_postknowledge",45,0,1.50170135994712,-0.451405062337721
"J5701 J5607",4,"J5701 J5607",4,"J5607","J5701","naive","naive","naive naive",4,NA,NA,0,"naive",-0.147658742298735,0.677750410509031,0.138541574965981,"J5607_J5701","postknowledge","J5607_J5701_postknowledge",0,0,"J5607_postknowledge","J5701_postknowledge",26,0,0.656801708791684,-0.451405062337721
"J5806 J5607",2,"J5806 J5607",2,"J5607","J5806","naive","naive","naive naive",2,NA,NA,0,"naive",-0.381279752025634,-1.32224958949097,-0.270286137471486,"J5607_J5806","postknowledge","J5607_J5806_postknowledge",0,0,"J5607_postknowledge","J5806_postknowledge",26,0,0.656801708791684,-0.451405062337721
"J5607 J5827",2,"J5607 J5827",2,"J5607","J5827","naive","naive","naive naive",3,NA,NA,0,"naive",-0.264469247162184,-0.322249589490969,-0.0658722812527527,"J5607_J5827","postknowledge","J5607_J5827_postknowledge",0,0,"J5607_postknowledge","J5827_postknowledge",26,0,0.656801708791684,-0.451405062337721
"J5922 J5607",2,"J5922 J5607",2,"J5607","J5922","naive","naive","naive naive",2,NA,NA,0,"naive",-0.381279752025634,-1.32224958949097,-0.270286137471486,"J5607_J5922","postknowledge","J5607_J5922_postknowledge",0,0,"J5607_postknowledge","J5922_postknowledge",26,0,0.656801708791684,-0.451405062337721
"J5607 J5939",1,"J5607 J5939",1,"J5607","J5939","naive","naive","naive naive",1,NA,NA,0,"naive",-0.498090256889084,-2.32224958949097,-0.474699993690219,"J5607_J5939","postknowledge","J5607_J5939_postknowledge",0,0,"J5607_postknowledge","J5939_postknowledge",26,0,0.656801708791684,-0.451405062337721
"J5607 J5963",4,"J5607 J5963",4,"J5607","J5963","naive","naive","naive naive",4,NA,NA,0,"naive",-0.147658742298735,0.677750410509031,0.138541574965981,"J5607_J5963","postknowledge","J5607_J5963_postknowledge",0,0,"J5607_postknowledge","J5963_postknowledge",26,0,0.656801708791684,-0.451405062337721
"J5607 J5964",6,"J5607 J5964",6,"J5607","J5964","naive","naive","naive naive",5.5,NA,NA,0,"naive",0.0275570149964394,2.17775041050903,0.445162359294081,"J5607_J5964","postknowledge","J5607_J5964_postknowledge",0,0,"J5607_postknowledge","J5964_postknowledge",26,0,0.656801708791684,-0.451405062337721
"J5639 J5939",1,"J5639 J5939",1,"J5639","J5939","naive","naive","naive naive",1,NA,NA,0,"naive",-0.498090256889084,-2.32224958949097,-0.474699993690219,"J5639_J5939","postknowledge","J5639_J5939_postknowledge",0,0,"J5639_postknowledge","J5939_postknowledge",1,0,-0.454908358518102,-0.451405062337721
"J5694 J5645",1,"J5694 J5645",1,"J5645","J5694","knowledge","naive","knowledge naive",1,NA,NA,0,"knowledge",-0.498090256889084,-7.25,-0.606259648399471,"J5645_J5694","postknowledge","J5645_J5694_postknowledge",0,0,"J5645_postknowledge","J5694_postknowledge",0,0,-0.499376761210493,-0.451405062337721
"J5645 J5809",1,"J5645 J5809",1,"J5645","J5809","naive","naive","naive naive",1.5,NA,NA,0,"naive",-0.439685004457359,-1.82224958949097,-0.372493065580853,"J5645_J5809","postknowledge","J5645_J5809_postknowledge",0,0,"J5645_postknowledge","J5809_postknowledge",0,0,-0.499376761210493,-0.451405062337721
"J5810 J5645",14,"J5810 J5645",14,"J5645","J5810","knowledge","naive","knowledge naive",14,NA,NA,0,"knowledge",1.02044630633576,5.75,0.480826617696132,"J5645_J5810","postknowledge","J5645_J5810_postknowledge",0,0,"J5645_postknowledge","J5810_postknowledge",0,0,-0.499376761210493,-0.451405062337721
"J5645 J5939",2,"J5645 J5939",2,"J5645","J5939","naive","naive","naive naive",2,NA,NA,0,"naive",-0.381279752025634,-1.32224958949097,-0.270286137471486,"J5645_J5939","postknowledge","J5645_J5939_postknowledge",0,0,"J5645_postknowledge","J5939_postknowledge",0,0,-0.499376761210493,-0.451405062337721
"J831 J5645",2,"J831 J5645",2,"J5645","J831","knowledge","naive","knowledge naive",2,NA,NA,0,"knowledge",-0.381279752025634,-6.25,-0.522637627930578,"J5645_J831","postknowledge","J5645_J831_postknowledge",0,0,"J5645_postknowledge","J831_postknowledge",0,0,-0.499376761210493,-0.451405062337721
"J5649 J5766",2,"J5649 J5766",2,"J5649","J5766","naive","naive","naive naive",2,NA,NA,0,"naive",-0.381279752025634,-1.32224958949097,-0.270286137471486,"J5649_J5766","postknowledge","J5649_J5766_postknowledge",0,0,"J5649_postknowledge","J5766_postknowledge",0,0,-0.499376761210493,-0.451405062337721
"J5810 J5649",1,"J5810 J5649",1,"J5649","J5810","knowledge","naive","knowledge naive",1,NA,NA,0,"knowledge",-0.498090256889084,-7.25,-0.606259648399471,"J5649_J5810","postknowledge","J5649_J5810_postknowledge",0,0,"J5649_postknowledge","J5810_postknowledge",0,0,-0.499376761210493,-0.451405062337721
"J5649 J5888",4,"J5649 J5888",4,"J5649","J5888","naive","naive","naive naive",4,NA,NA,0,"naive",-0.147658742298735,0.677750410509031,0.138541574965981,"J5649_J5888","postknowledge","J5649_J5888_postknowledge",0,0,"J5649_postknowledge","J5888_postknowledge",0,0,-0.499376761210493,-0.451405062337721
"J5810 J5650",2,"J5810 J5650",2,"J5650","J5810","knowledge","knowledge","knowledge knowledge",2,NA,NA,0,"knowledge",-0.381279752025634,-3.84134615384615,-0.77992149430177,"J5650_J5810","postknowledge","J5650_J5810_postknowledge",0,0,"J5650_postknowledge","J5810_postknowledge",0,0,-0.499376761210493,-0.451405062337721
"J5650 J5827",2,"J5650 J5827",2,"J5650","J5827","knowledge","naive","knowledge naive",2,NA,NA,0,"knowledge",-0.381279752025634,-6.25,-0.522637627930578,"J5650_J5827","postknowledge","J5650_J5827_postknowledge",0,0,"J5650_postknowledge","J5827_postknowledge",0,0,-0.499376761210493,-0.451405062337721
"J5650 J5939",1,"J5650 J5939",1,"J5650","J5939","knowledge","naive","knowledge naive",1,NA,NA,0,"knowledge",-0.498090256889084,-7.25,-0.606259648399471,"J5650_J5939","postknowledge","J5650_J5939_postknowledge",0,0,"J5650_postknowledge","J5939_postknowledge",0,0,-0.499376761210493,-0.451405062337721
"J5650 J5964",2,"J5650 J5964",2,"J5650","J5964","knowledge","naive","knowledge naive",2,NA,NA,0,"knowledge",-0.381279752025634,-6.25,-0.522637627930578,"J5650_J5964","postknowledge","J5650_J5964_postknowledge",0,0,"J5650_postknowledge","J5964_postknowledge",0,0,-0.499376761210493,-0.451405062337721
"J5651 J5803",1,"J5651 J5803",1,"J5651","J5803","naive","naive","naive naive",1,NA,NA,0,"naive",-0.498090256889084,-2.32224958949097,-0.474699993690219,"J5651_J5803","postknowledge","J5651_J5803_postknowledge",0,0,"J5651_postknowledge","J5803_postknowledge",0,0,-0.499376761210493,-0.451405062337721
"J5810 J5651",4,"J5810 J5651",4,"J5651","J5810","knowledge","naive","knowledge naive",4,NA,NA,0,"knowledge",-0.147658742298735,-4.25,-0.355393586992793,"J5651_J5810","postknowledge","J5651_J5810_postknowledge",0,0,"J5651_postknowledge","J5810_postknowledge",0,0,-0.499376761210493,-0.451405062337721
"J5651 J5827",3,"J5651 J5827",3,"J5651","J5827","naive","naive","naive naive",2.5,NA,NA,0,"naive",-0.322874499593909,-0.822249589490969,-0.168079209362119,"J5651_J5827","postknowledge","J5651_J5827_postknowledge",0,0,"J5651_postknowledge","J5827_postknowledge",0,0,-0.499376761210493,-0.451405062337721
"J5939 J5651",2,"J5939 J5651",2,"J5651","J5939","naive","naive","naive naive",2,NA,NA,0,"naive",-0.381279752025634,-1.32224958949097,-0.270286137471486,"J5651_J5939","postknowledge","J5651_J5939_postknowledge",0,0,"J5651_postknowledge","J5939_postknowledge",0,0,-0.499376761210493,-0.451405062337721
"J5651 J5963",1,"J5651 J5963",1,"J5651","J5963","naive","naive","naive naive",1,NA,NA,0,"naive",-0.498090256889084,-2.32224958949097,-0.474699993690219,"J5651_J5963","postknowledge","J5651_J5963_postknowledge",0,0,"J5651_postknowledge","J5963_postknowledge",0,0,-0.499376761210493,-0.451405062337721
"J5651 J5964",2,"J5651 J5964",2,"J5651","J5964","naive","naive","naive naive",2,NA,NA,0,"naive",-0.381279752025634,-1.32224958949097,-0.270286137471486,"J5651_J5964","postknowledge","J5651_J5964_postknowledge",0,0,"J5651_postknowledge","J5964_postknowledge",0,0,-0.499376761210493,-0.451405062337721
"J6056 J5651",4,"J6056 J5651",4,"J5651","J6056","naive","naive","naive naive",4,NA,NA,0,"naive",-0.147658742298735,0.677750410509031,0.138541574965981,"J5651_J6056","postknowledge","J5651_J6056_postknowledge",0,0,"J5651_postknowledge","J6056_postknowledge",0,0,-0.499376761210493,-0.451405062337721
"J5658 J5963",5,"J5658 J5963",5,"J5658","J5963","naive","naive","naive naive",3,NA,NA,0,"naive",-0.264469247162184,-0.322249589490969,-0.0658722812527527,"J5658_J5963","postknowledge","J5658_J5963_postknowledge",0,0,"J5658_postknowledge","J5963_postknowledge",0,0,-0.499376761210493,-0.451405062337721
"J5658 J5964",3,"J5658 J5964",3,"J5658","J5964","naive","naive","naive naive",3,NA,NA,0,"naive",-0.264469247162184,-0.322249589490969,-0.0658722812527527,"J5658_J5964","postknowledge","J5658_J5964_postknowledge",0,0,"J5658_postknowledge","J5964_postknowledge",0,0,-0.499376761210493,-0.451405062337721
"J5658 J5978",2,"J5658 J5978",2,"J5658","J5978","naive","naive","naive naive",2,NA,NA,0,"naive",-0.381279752025634,-1.32224958949097,-0.270286137471486,"J5658_J5978","postknowledge","J5658_J5978_postknowledge",0,0,"J5658_postknowledge","J5978_postknowledge",0,0,-0.499376761210493,-0.451405062337721
"J6051 J5675B",1,"J6051 J5675B",1,"J5675B","J6051","naive","naive","naive naive",1,0.0125,NA,1,"naive",-0.498090256889084,-2.32224958949097,-0.474699993690219,"J5675B_J6051","postknowledge","J5675B_J6051_postknowledge",0,0,"J5675B_postknowledge","J6051_postknowledge",0,0,-0.499376761210493,-0.451405062337721
"J5686 J5939",1,"J5686 J5939",1,"J5686","J5939","naive","naive","naive naive",1,NA,NA,0,"naive",-0.498090256889084,-2.32224958949097,-0.474699993690219,"J5686_J5939","postknowledge","J5686_J5939_postknowledge",0,0,"J5686_postknowledge","J5939_postknowledge",0,0,-0.499376761210493,-0.451405062337721
"J5694 J5693",3,"J5694 J5693",3,"J5693","J5694","knowledge","knowledge","knowledge knowledge",3,NA,NA,0,"knowledge",-0.264469247162184,-2.84134615384615,-0.576888114058005,"J5693_J5694","postknowledge","J5693_J5694_postknowledge",0,0,"J5693_postknowledge","J5694_postknowledge",0,0,-0.499376761210493,-0.451405062337721
"J5693 J5763",1,"J5693 J5763",1,"J5693","J5763","knowledge","naive","knowledge naive",1,NA,NA,0,"knowledge",-0.498090256889084,-7.25,-0.606259648399471,"J5693_J5763","postknowledge","J5693_J5763_postknowledge",0,0,"J5693_postknowledge","J5763_postknowledge",0,0,-0.499376761210493,-0.451405062337721
"J5694 J5695",20,"J5694 J5695",20,"J5694","J5695","knowledge","knowledge","knowledge knowledge",14,NA,NA,0,"knowledge",1.02044630633576,8.15865384615385,1.65647906862341,"J5694_J5695","postknowledge","J5694_J5695_postknowledge",0,0,"J5694_postknowledge","J5695_postknowledge",0,0,-0.499376761210493,-0.451405062337721
"J5694 J5723A",2,"J5694 J5723A",2,"J5694","J5723A","knowledge","naive","knowledge naive",2,NA,NA,0,"knowledge",-0.381279752025634,-6.25,-0.522637627930578,"J5694_J5723A","postknowledge","J5694_J5723A_postknowledge",0,0,"J5694_postknowledge","J5723A_postknowledge",0,0,-0.499376761210493,-0.451405062337721
"J5730 J5694",7,"J5730 J5694",7,"J5694","J5730","knowledge","knowledge","knowledge knowledge",7,NA,NA,0,"knowledge",0.202772772291614,1.15865384615385,0.235245406917055,"J5694_J5730","postknowledge","J5694_J5730_postknowledge",0,0,"J5694_postknowledge","J5730_postknowledge",0,0,-0.499376761210493,-0.451405062337721
"J5694 J5740",6,"J5694 J5740",6,"J5694","J5740","knowledge","naive","knowledge naive",6,NA,NA,0,"knowledge",0.0859622674281642,-2.25,-0.188149546055008,"J5694_J5740","postknowledge","J5694_J5740_postknowledge",0,0,"J5694_postknowledge","J5740_postknowledge",0,0,-0.499376761210493,-0.451405062337721
"J5694 J5763",11,"J5694 J5763",11,"J5694","J5763","knowledge","naive","knowledge naive",11,NA,NA,0,"knowledge",0.670014791745412,2.75,0.229960556289454,"J5694_J5763","postknowledge","J5694_J5763_postknowledge",0,0,"J5694_postknowledge","J5763_postknowledge",0,0,-0.499376761210493,-0.451405062337721
"J5694 J5766",4,"J5694 J5766",4,"J5694","J5766","knowledge","naive","knowledge naive",4,NA,NA,0,"knowledge",-0.147658742298735,-4.25,-0.355393586992793,"J5694_J5766","postknowledge","J5694_J5766_postknowledge",0,0,"J5694_postknowledge","J5766_postknowledge",0,0,-0.499376761210493,-0.451405062337721
"J5694 J5804",2,"J5694 J5804",2,"J5694","J5804","knowledge","naive","knowledge naive",2,NA,NA,0,"knowledge",-0.381279752025634,-6.25,-0.522637627930578,"J5694_J5804","postknowledge","J5694_J5804_postknowledge",NA,NA,"J5694_postknowledge","J5804_postknowledge",0,NA,-0.499376761210493,NA
"J5694 J6056",6,"J5694 J6056",6,"J5694","J6056","knowledge","naive","knowledge naive",6,NA,NA,0,"knowledge",0.0859622674281642,-2.25,-0.188149546055008,"J5694_J6056","postknowledge","J5694_J6056_postknowledge",0,0,"J5694_postknowledge","J6056_postknowledge",0,0,-0.499376761210493,-0.451405062337721
"J5694 J972",2,"J5694 J972",2,"J5694","J972","knowledge","naive","knowledge naive",2,NA,NA,0,"knowledge",-0.381279752025634,-6.25,-0.522637627930578,"J5694_J972","postknowledge","J5694_J972_postknowledge",0,0,"J5694_postknowledge","J972_postknowledge",0,0,-0.499376761210493,-0.451405062337721
"J5695 J5728B",1,"J5695 J5728B",1,"J5695","J5728B","knowledge","naive","knowledge naive",1,NA,NA,0,"knowledge",-0.498090256889084,-7.25,-0.606259648399471,"J5695_J5728B","postknowledge","J5695_J5728B_postknowledge",0,0,"J5695_postknowledge","J5728B_postknowledge",0,0,-0.499376761210493,-0.451405062337721
"J5730 J5695",8,"J5730 J5695",8,"J5695","J5730","knowledge","knowledge","knowledge knowledge",8,NA,NA,0,"knowledge",0.319583277155063,2.15865384615385,0.43827878716082,"J5695_J5730","postknowledge","J5695_J5730_postknowledge",0,0,"J5695_postknowledge","J5730_postknowledge",0,0,-0.499376761210493,-0.451405062337721
"J5695 J5766",9,"J5695 J5766",9,"J5695","J5766","knowledge","naive","knowledge naive",9,0.0188679245283019,NA,1,"knowledge",0.436393782018513,0.75,0.0627165153516694,"J5695_J5766","postknowledge","J5695_J5766_postknowledge",0,0,"J5695_postknowledge","J5766_postknowledge",0,0,-0.499376761210493,-0.451405062337721
"J5695 J5888",10,"J5695 J5888",10,"J5695","J5888","knowledge","naive","knowledge naive",10,NA,NA,0,"knowledge",0.553204286881962,1.75,0.146338535820562,"J5695_J5888","postknowledge","J5695_J5888_postknowledge",0,0,"J5695_postknowledge","J5888_postknowledge",0,0,-0.499376761210493,-0.451405062337721
"J5695 J6036",2,"J5695 J6036",2,"J5695","J6036","knowledge","naive","knowledge naive",2,NA,NA,0,"knowledge",-0.381279752025634,-6.25,-0.522637627930578,"J5695_J6036","postknowledge","J5695_J6036_postknowledge",0,0,"J5695_postknowledge","J6036_postknowledge",0,0,-0.499376761210493,-0.451405062337721
"J5695 J6043",2,"J5695 J6043",2,"J5695","J6043","knowledge","naive","knowledge naive",2,NA,NA,0,"knowledge",-0.381279752025634,-6.25,-0.522637627930578,"J5695_J6043","postknowledge","J5695_J6043_postknowledge",0,0,"J5695_postknowledge","J6043_postknowledge",0,0,-0.499376761210493,-0.451405062337721
"J5695 J972",4,"J5695 J972",4,"J5695","J972","knowledge","naive","knowledge naive",4,NA,NA,0,"knowledge",-0.147658742298735,-4.25,-0.355393586992793,"J5695_J972","postknowledge","J5695_J972_postknowledge",0,0,"J5695_postknowledge","J972_postknowledge",0,0,-0.499376761210493,-0.451405062337721
"J5701 J5963",1,"J5701 J5963",1,"J5701","J5963","naive","naive","naive naive",1,NA,NA,0,"naive",-0.498090256889084,-2.32224958949097,-0.474699993690219,"J5701_J5963","postknowledge","J5701_J5963_postknowledge",0,0,"J5701_postknowledge","J5963_postknowledge",0,0,-0.499376761210493,-0.451405062337721
"J5701 J5964",2,"J5701 J5964",2,"J5701","J5964","naive","naive","naive naive",2,NA,NA,0,"naive",-0.381279752025634,-1.32224958949097,-0.270286137471486,"J5701_J5964","postknowledge","J5701_J5964_postknowledge",0,0,"J5701_postknowledge","J5964_postknowledge",0,0,-0.499376761210493,-0.451405062337721
"J5701 J6017",1,"J5701 J6017",1,"J5701","J6017","naive","naive","naive naive",1,NA,NA,0,"naive",-0.498090256889084,-2.32224958949097,-0.474699993690219,"J5701_J6017","postknowledge","J5701_J6017_postknowledge",0,0,"J5701_postknowledge","J6017_postknowledge",0,0,-0.499376761210493,-0.451405062337721
"J664 J5703",4,"J664 J5703",4,"J5703","J664","knowledge","knowledge","knowledge knowledge",4,NA,NA,0,"knowledge",-0.147658742298735,-1.84134615384615,-0.37385473381424,"J5703_J664","postknowledge","J5703_J664_postknowledge",0,0,"J5703_postknowledge","J664_postknowledge",0,0,-0.499376761210493,-0.451405062337721
"J5724 J5723A",1,"J5724 J5723A",1,"J5723A","J5724","naive","naive","naive naive",1,NA,NA,0,"naive",-0.498090256889084,-2.32224958949097,-0.474699993690219,"J5723A_J5724","postknowledge","J5723A_J5724_postknowledge",0,0,"J5723A_postknowledge","J5724_postknowledge",0,0,-0.499376761210493,-0.451405062337721
"J5723A J5763",2,"J5723A J5763",2,"J5723A","J5763","naive","naive","naive naive",1.5,0.0113636363636364,NA,1,"naive",-0.439685004457359,-1.82224958949097,-0.372493065580853,"J5723A_J5763","postknowledge","J5723A_J5763_postknowledge",0,0,"J5723A_postknowledge","J5763_postknowledge",0,0,-0.499376761210493,-0.451405062337721
"J5804 J5723A",1,"J5804 J5723A",1,"J5723A","J5804","naive","naive","naive naive",1,NA,NA,0,"naive",-0.498090256889084,-2.32224958949097,-0.474699993690219,"J5723A_J5804","postknowledge","J5723A_J5804_postknowledge",NA,NA,"J5723A_postknowledge","J5804_postknowledge",0,NA,-0.499376761210493,NA
"J5728B J5724",1,"J5728B J5724",1,"J5724","J5728B","naive","naive","naive naive",1,NA,NA,0,"naive",-0.498090256889084,-2.32224958949097,-0.474699993690219,"J5724_J5728B","postknowledge","J5724_J5728B_postknowledge",0,0,"J5724_postknowledge","J5728B_postknowledge",0,0,-0.499376761210493,-0.451405062337721
"J5724 J5766",4,"J5724 J5766",4,"J5724","J5766","naive","naive","naive naive",4,NA,NA,0,"naive",-0.147658742298735,0.677750410509031,0.138541574965981,"J5724_J5766","postknowledge","J5724_J5766_postknowledge",0,0,"J5724_postknowledge","J5766_postknowledge",0,0,-0.499376761210493,-0.451405062337721
"J5810 J5728A",1,"J5810 J5728A",1,"J5728A","J5810","knowledge","naive","knowledge naive",1,NA,NA,0,"knowledge",-0.498090256889084,-7.25,-0.606259648399471,"J5728A_J5810","postknowledge","J5728A_J5810_postknowledge",0,0,"J5728A_postknowledge","J5810_postknowledge",0,0,-0.499376761210493,-0.451405062337721
"J5939 J5728A",2,"J5939 J5728A",2,"J5728A","J5939","naive","naive","naive naive",2,NA,NA,0,"naive",-0.381279752025634,-1.32224958949097,-0.270286137471486,"J5728A_J5939","postknowledge","J5728A_J5939_postknowledge",0,0,"J5728A_postknowledge","J5939_postknowledge",0,0,-0.499376761210493,-0.451405062337721
"J5728A J5963",1,"J5728A J5963",1,"J5728A","J5963","naive","naive","naive naive",1,NA,NA,0,"naive",-0.498090256889084,-2.32224958949097,-0.474699993690219,"J5728A_J5963","postknowledge","J5728A_J5963_postknowledge",0,0,"J5728A_postknowledge","J5963_postknowledge",0,0,-0.499376761210493,-0.451405062337721
"J5728B J5766",2,"J5728B J5766",2,"J5728B","J5766","naive","naive","naive naive",2,0.02,NA,1,"naive",-0.381279752025634,-1.32224958949097,-0.270286137471486,"J5728B_J5766","postknowledge","J5728B_J5766_postknowledge",0,0,"J5728B_postknowledge","J5766_postknowledge",0,0,-0.499376761210493,-0.451405062337721
"J5730 J5763",7,"J5730 J5763",7,"J5730","J5763","knowledge","naive","knowledge naive",7,NA,NA,0,"knowledge",0.202772772291614,-1.25,-0.104527525586116,"J5730_J5763","postknowledge","J5730_J5763_postknowledge",0,0,"J5730_postknowledge","J5763_postknowledge",0,0,-0.499376761210493,-0.451405062337721
"J5730 J5766",2,"J5730 J5766",2,"J5730","J5766","knowledge","naive","knowledge naive",2,NA,NA,0,"knowledge",-0.381279752025634,-6.25,-0.522637627930578,"J5730_J5766","postknowledge","J5730_J5766_postknowledge",0,0,"J5730_postknowledge","J5766_postknowledge",0,0,-0.499376761210493,-0.451405062337721
"J5730 J5888",3,"J5730 J5888",3,"J5730","J5888","knowledge","naive","knowledge naive",3,NA,NA,0,"knowledge",-0.264469247162184,-5.25,-0.439015607461686,"J5730_J5888","postknowledge","J5730_J5888_postknowledge",0,0,"J5730_postknowledge","J5888_postknowledge",0,0,-0.499376761210493,-0.451405062337721
"J5730 J6051",6,"J5730 J6051",6,"J5730","J6051","knowledge","naive","knowledge naive",6,NA,NA,0,"knowledge",0.0859622674281642,-2.25,-0.188149546055008,"J5730_J6051","postknowledge","J5730_J6051_postknowledge",0,0,"J5730_postknowledge","J6051_postknowledge",0,0,-0.499376761210493,-0.451405062337721
"J5730 J972",10,"J5730 J972",10,"J5730","J972","knowledge","naive","knowledge naive",10,NA,NA,0,"knowledge",0.553204286881962,1.75,0.146338535820562,"J5730_J972","postknowledge","J5730_J972_postknowledge",0,0,"J5730_postknowledge","J972_postknowledge",0,0,-0.499376761210493,-0.451405062337721
"J5810 J5740",2,"J5810 J5740",2,"J5740","J5810","knowledge","naive","knowledge naive",2,NA,NA,0,"knowledge",-0.381279752025634,-6.25,-0.522637627930578,"J5740_J5810","postknowledge","J5740_J5810_postknowledge",0,0,"J5740_postknowledge","J5810_postknowledge",0,0,-0.499376761210493,-0.451405062337721
"J5740 J5963",2,"J5740 J5963",2,"J5740","J5963","naive","naive","naive naive",2,NA,NA,0,"naive",-0.381279752025634,-1.32224958949097,-0.270286137471486,"J5740_J5963","postknowledge","J5740_J5963_postknowledge",0,0,"J5740_postknowledge","J5963_postknowledge",0,0,-0.499376761210493,-0.451405062337721
"J5740 J5964",2,"J5740 J5964",2,"J5740","J5964","naive","naive","naive naive",2,NA,NA,0,"naive",-0.381279752025634,-1.32224958949097,-0.270286137471486,"J5740_J5964","postknowledge","J5740_J5964_postknowledge",0,0,"J5740_postknowledge","J5964_postknowledge",0,0,-0.499376761210493,-0.451405062337721
"J664 J5740",2,"J664 J5740",2,"J5740","J664","knowledge","naive","knowledge naive",2,NA,NA,0,"knowledge",-0.381279752025634,-6.25,-0.522637627930578,"J5740_J664","postknowledge","J5740_J664_postknowledge",0,0,"J5740_postknowledge","J664_postknowledge",0,0,-0.499376761210493,-0.451405062337721
"J5922 J5742",2,"J5922 J5742",2,"J5742","J5922","naive","naive","naive naive",2,NA,NA,0,"naive",-0.381279752025634,-1.32224958949097,-0.270286137471486,"J5742_J5922","postknowledge","J5742_J5922_postknowledge",0,0,"J5742_postknowledge","J5922_postknowledge",0,0,-0.499376761210493,-0.451405062337721
"J6017 J5742",1,"J6017 J5742",1,"J5742","J6017","naive","naive","naive naive",1,NA,NA,0,"naive",-0.498090256889084,-2.32224958949097,-0.474699993690219,"J5742_J6017","postknowledge","J5742_J6017_postknowledge",0,0,"J5742_postknowledge","J6017_postknowledge",0,0,-0.499376761210493,-0.451405062337721
"J5763 J6056",1,"J5763 J6056",1,"J5763","J6056","naive","naive","naive naive",2.5,0.02,NA,1,"naive",-0.322874499593909,-0.822249589490969,-0.168079209362119,"J5763_J6056","postknowledge","J5763_J6056_postknowledge",0,0,"J5763_postknowledge","J6056_postknowledge",0,0,-0.499376761210493,-0.451405062337721
"J972 J5763",2,"J972 J5763",2,"J5763","J972","naive","naive","naive naive",2,0.0142857142857143,NA,1,"naive",-0.381279752025634,-1.32224958949097,-0.270286137471486,"J5763_J972","postknowledge","J5763_J972_postknowledge",0,0,"J5763_postknowledge","J972_postknowledge",0,0,-0.499376761210493,-0.451405062337721
"J5793 J5766",2,"J5793 J5766",2,"J5766","J5793","naive","naive","naive naive",2,NA,NA,0,"naive",-0.381279752025634,-1.32224958949097,-0.270286137471486,"J5766_J5793","postknowledge","J5766_J5793_postknowledge",0,0,"J5766_postknowledge","J5793_postknowledge",0,0,-0.499376761210493,-0.451405062337721
"J6042 J5766",2,"J6042 J5766",2,"J5766","J6042","naive","naive","naive naive",2,NA,NA,0,"naive",-0.381279752025634,-1.32224958949097,-0.270286137471486,"J5766_J6042","postknowledge","J5766_J6042_postknowledge",0,0,"J5766_postknowledge","J6042_postknowledge",0,0,-0.499376761210493,-0.451405062337721
"J6056 J5766",2,"J6056 J5766",2,"J5766","J6056","naive","naive","naive naive",2,NA,NA,0,"naive",-0.381279752025634,-1.32224958949097,-0.270286137471486,"J5766_J6056","postknowledge","J5766_J6056_postknowledge",0,0,"J5766_postknowledge","J6056_postknowledge",0,0,-0.499376761210493,-0.451405062337721
"J5922 J5778",3,"J5922 J5778",3,"J5778","J5922","naive","naive","naive naive",3,NA,NA,0,"naive",-0.264469247162184,-0.322249589490969,-0.0658722812527527,"J5778_J5922","postknowledge","J5778_J5922_postknowledge",0,0,"J5778_postknowledge","J5922_postknowledge",0,0,-0.499376761210493,-0.451405062337721
"J5778 J5963",1,"J5778 J5963",1,"J5778","J5963","naive","naive","naive naive",1,NA,NA,0,"naive",-0.498090256889084,-2.32224958949097,-0.474699993690219,"J5778_J5963","postknowledge","J5778_J5963_postknowledge",0,0,"J5778_postknowledge","J5963_postknowledge",0,0,-0.499376761210493,-0.451405062337721
"J5994 J5803",2,"J5994 J5803",2,"J5803","J5994","naive","naive","naive naive",2,NA,NA,0,"naive",-0.381279752025634,-1.32224958949097,-0.270286137471486,"J5803_J5994","postknowledge","J5803_J5994_postknowledge",0,0,"J5803_postknowledge","J5994_postknowledge",0,0,-0.499376761210493,-0.451405062337721
"J5804 J5888",2,"J5804 J5888",2,"J5804","J5888","naive","naive","naive naive",2,NA,NA,0,"naive",-0.381279752025634,-1.32224958949097,-0.270286137471486,"J5804_J5888","postknowledge","J5804_J5888_postknowledge",NA,NA,"J5804_postknowledge","J5888_postknowledge",NA,0,NA,-0.451405062337721
"J664 J5804",1,"J664 J5804",1,"J5804","J664","knowledge","naive","knowledge naive",1,NA,NA,0,"knowledge",-0.498090256889084,-7.25,-0.606259648399471,"J5804_J664","postknowledge","J5804_J664_postknowledge",NA,NA,"J5804_postknowledge","J664_postknowledge",NA,0,NA,-0.451405062337721
"J5806 J5827",1,"J5806 J5827",1,"J5806","J5827","naive","naive","naive naive",1.5,0.1,NA,1,"naive",-0.439685004457359,-1.82224958949097,-0.372493065580853,"J5806_J5827","postknowledge","J5806_J5827_postknowledge",0,0,"J5806_postknowledge","J5827_postknowledge",0,0,-0.499376761210493,-0.451405062337721
"J5806 J5963",11,"J5806 J5963",11,"J5806","J5963","naive","naive","naive naive",6,NA,NA,0,"naive",0.0859622674281642,2.67775041050903,0.547369287403447,"J5806_J5963","postknowledge","J5806_J5963_postknowledge",0,0,"J5806_postknowledge","J5963_postknowledge",0,0,-0.499376761210493,-0.451405062337721
"J5806 J5964",2,"J5806 J5964",2,"J5806","J5964","naive","naive","naive naive",2,NA,NA,0,"naive",-0.381279752025634,-1.32224958949097,-0.270286137471486,"J5806_J5964","postknowledge","J5806_J5964_postknowledge",0,0,"J5806_postknowledge","J5964_postknowledge",0,0,-0.499376761210493,-0.451405062337721
"J5874 J5809",1,"J5874 J5809",1,"J5809","J5874","naive","naive","naive naive",1,NA,NA,0,"naive",-0.498090256889084,-2.32224958949097,-0.474699993690219,"J5809_J5874","postknowledge","J5809_J5874_postknowledge",0,0,"J5809_postknowledge","J5874_postknowledge",0,0,-0.499376761210493,-0.451405062337721
"J664 J5809",2,"J664 J5809",2,"J5809","J664","knowledge","naive","knowledge naive",2,NA,NA,0,"knowledge",-0.381279752025634,-6.25,-0.522637627930578,"J5809_J664","postknowledge","J5809_J664_postknowledge",0,0,"J5809_postknowledge","J664_postknowledge",0,0,-0.499376761210493,-0.451405062337721
"J5810 J5827",2,"J5810 J5827",2,"J5810","J5827","knowledge","naive","knowledge naive",2,NA,NA,0,"knowledge",-0.381279752025634,-6.25,-0.522637627930578,"J5810_J5827","postknowledge","J5810_J5827_postknowledge",0,0,"J5810_postknowledge","J5827_postknowledge",0,0,-0.499376761210493,-0.451405062337721
"J5810 J5833",2,"J5810 J5833",2,"J5810","J5833","knowledge","naive","knowledge naive",2,NA,NA,0,"knowledge",-0.381279752025634,-6.25,-0.522637627930578,"J5810_J5833","postknowledge","J5810_J5833_postknowledge",0,0,"J5810_postknowledge","J5833_postknowledge",0,0,-0.499376761210493,-0.451405062337721
"J5810 J5874",18,"J5810 J5874",18,"J5810","J5874","knowledge","naive","knowledge naive",18,0.0714285714285714,NA,1,"knowledge",1.48768832578956,9.75,0.815314699571702,"J5810_J5874","postknowledge","J5810_J5874_postknowledge",0,0,"J5810_postknowledge","J5874_postknowledge",0,0,-0.499376761210493,-0.451405062337721
"J5810 J5922",3,"J5810 J5922",3,"J5810","J5922","knowledge","naive","knowledge naive",3,NA,NA,0,"knowledge",-0.264469247162184,-5.25,-0.439015607461686,"J5810_J5922","postknowledge","J5810_J5922_postknowledge",0,0,"J5810_postknowledge","J5922_postknowledge",0,0,-0.499376761210493,-0.451405062337721
"J5810 J5939",17,"J5810 J5939",17,"J5810","J5939","knowledge","naive","knowledge naive",17,NA,NA,0,"knowledge",1.37087782092611,8.75,0.731692679102809,"J5810_J5939","postknowledge","J5810_J5939_postknowledge",0,0,"J5810_postknowledge","J5939_postknowledge",0,0,-0.499376761210493,-0.451405062337721
"J5810 J5970",3,"J5810 J5970",3,"J5810","J5970","knowledge","naive","knowledge naive",3,NA,NA,0,"knowledge",-0.264469247162184,-5.25,-0.439015607461686,"J5810_J5970","postknowledge","J5810_J5970_postknowledge",NA,NA,"J5810_postknowledge","J5970_postknowledge",0,NA,-0.499376761210493,NA
"J5810 J5999",1,"J5810 J5999",1,"J5810","J5999","knowledge","naive","knowledge naive",1,NA,NA,0,"knowledge",-0.498090256889084,-7.25,-0.606259648399471,"J5810_J5999","postknowledge","J5810_J5999_postknowledge",0,0,"J5810_postknowledge","J5999_postknowledge",0,0,-0.499376761210493,-0.451405062337721
"J5810 J664",5,"J5810 J664",5,"J5810","J664","knowledge","knowledge","knowledge knowledge",8.5,NA,NA,0,"knowledge",0.377988529586788,2.65865384615385,0.539795477282702,"J5810_J664","postknowledge","J5810_J664_postknowledge",0,0,"J5810_postknowledge","J664_postknowledge",0,0,-0.499376761210493,-0.451405062337721
"J5810 J831",3,"J5810 J831",3,"J5810","J831","knowledge","knowledge","knowledge knowledge",2.5,NA,NA,0,"knowledge",-0.322874499593909,-3.34134615384615,-0.678404804179888,"J5810_J831","postknowledge","J5810_J831_postknowledge",0,0,"J5810_postknowledge","J831_postknowledge",0,0,-0.499376761210493,-0.451405062337721
"J5811 J5827",1,"J5811 J5827",1,"J5811","J5827","naive","naive","naive naive",1,0.0128205128205128,NA,1,"naive",-0.498090256889084,-2.32224958949097,-0.474699993690219,"J5811_J5827","postknowledge","J5811_J5827_postknowledge",0,0,"J5811_postknowledge","J5827_postknowledge",0,0,-0.499376761210493,-0.451405062337721
"J5827 J5939",4,"J5827 J5939",4,"J5827","J5939","naive","naive","naive naive",4,NA,NA,0,"naive",-0.147658742298735,0.677750410509031,0.138541574965981,"J5827_J5939","postknowledge","J5827_J5939_postknowledge",0,0,"J5827_postknowledge","J5939_postknowledge",0,0,-0.499376761210493,-0.451405062337721
"J5827 J5963",9,"J5827 J5963",9,"J5827","J5963","naive","naive","naive naive",5.5,NA,NA,0,"naive",0.0275570149964394,2.17775041050903,0.445162359294081,"J5827_J5963","postknowledge","J5827_J5963_postknowledge",0,0,"J5827_postknowledge","J5963_postknowledge",0,0,-0.499376761210493,-0.451405062337721
"J5827 J5964",5,"J5827 J5964",5,"J5827","J5964","naive","naive","naive naive",4.5,NA,NA,0,"naive",-0.0892534898670101,1.17775041050903,0.240748503075347,"J5827_J5964","postknowledge","J5827_J5964_postknowledge",0,0,"J5827_postknowledge","J5964_postknowledge",0,0,-0.499376761210493,-0.451405062337721
"J5978 J5827",1,"J5978 J5827",1,"J5827","J5978","naive","naive","naive naive",1,NA,NA,0,"naive",-0.498090256889084,-2.32224958949097,-0.474699993690219,"J5827_J5978","postknowledge","J5827_J5978_postknowledge",0,0,"J5827_postknowledge","J5978_postknowledge",0,0,-0.499376761210493,-0.451405062337721
"J5827 J856",3,"J5827 J856",3,"J5827","J856","naive","naive","naive naive",3,NA,NA,0,"naive",-0.264469247162184,-0.322249589490969,-0.0658722812527527,"J5827_J856","postknowledge","J5827_J856_postknowledge",0,0,"J5827_postknowledge","J856_postknowledge",0,0,-0.499376761210493,-0.451405062337721
"J664 J5834",2,"J664 J5834",2,"J5834","J664","knowledge","naive","knowledge naive",2,NA,NA,0,"knowledge",-0.381279752025634,-6.25,-0.522637627930578,"J5834_J664","postknowledge","J5834_J664_postknowledge",0,0,"J5834_postknowledge","J664_postknowledge",0,0,-0.499376761210493,-0.451405062337721
"J5922 J5874",3,"J5922 J5874",3,"J5874","J5922","naive","naive","naive naive",3,NA,NA,0,"naive",-0.264469247162184,-0.322249589490969,-0.0658722812527527,"J5874_J5922","postknowledge","J5874_J5922_postknowledge",0,0,"J5874_postknowledge","J5922_postknowledge",0,0,-0.499376761210493,-0.451405062337721
"J5926 J5874",2,"J5926 J5874",2,"J5874","J5926","naive","naive","naive naive",2,NA,NA,0,"naive",-0.381279752025634,-1.32224958949097,-0.270286137471486,"J5874_J5926","postknowledge","J5874_J5926_postknowledge",0,0,"J5874_postknowledge","J5926_postknowledge",0,0,-0.499376761210493,-0.451405062337721
"J5874 J5939",1,"J5874 J5939",1,"J5874","J5939","naive","naive","naive naive",1,NA,NA,0,"naive",-0.498090256889084,-2.32224958949097,-0.474699993690219,"J5874_J5939","postknowledge","J5874_J5939_postknowledge",0,0,"J5874_postknowledge","J5939_postknowledge",0,0,-0.499376761210493,-0.451405062337721
"J5874 J5963",6,"J5874 J5963",6,"J5874","J5963","naive","naive","naive naive",6,NA,NA,0,"naive",0.0859622674281642,2.67775041050903,0.547369287403447,"J5874_J5963","postknowledge","J5874_J5963_postknowledge",0,0,"J5874_postknowledge","J5963_postknowledge",0,0,-0.499376761210493,-0.451405062337721
"J640 J5874",8,"J640 J5874",8,"J5874","J640","naive","naive","naive naive",8,NA,NA,0,"naive",0.319583277155063,4.67775041050903,0.956196999840914,"J5874_J640","postknowledge","J5874_J640_postknowledge",0,0,"J5874_postknowledge","J640_postknowledge",0,0,-0.499376761210493,-0.451405062337721
"J664 J5874",10,"J664 J5874",10,"J5874","J664","knowledge","naive","knowledge naive",10,NA,NA,0,"knowledge",0.553204286881962,1.75,0.146338535820562,"J5874_J664","postknowledge","J5874_J664_postknowledge",0,0,"J5874_postknowledge","J664_postknowledge",0,0,-0.499376761210493,-0.451405062337721
"J5888 J972",1,"J5888 J972",1,"J5888","J972","naive","naive","naive naive",1,NA,NA,0,"naive",-0.498090256889084,-2.32224958949097,-0.474699993690219,"J5888_J972","postknowledge","J5888_J972_postknowledge",0,0,"J5888_postknowledge","J972_postknowledge",0,0,-0.499376761210493,-0.451405062337721
"J5922 J5963",1,"J5922 J5963",1,"J5922","J5963","naive","naive","naive naive",1,0.125,NA,1,"naive",-0.498090256889084,-2.32224958949097,-0.474699993690219,"J5922_J5963","postknowledge","J5922_J5963_postknowledge",0,0,"J5922_postknowledge","J5963_postknowledge",0,0,-0.499376761210493,-0.451405062337721
"J5922 J5964",1,"J5922 J5964",1,"J5922","J5964","naive","naive","naive naive",2,NA,NA,0,"naive",-0.381279752025634,-1.32224958949097,-0.270286137471486,"J5922_J5964","postknowledge","J5922_J5964_postknowledge",0,0,"J5922_postknowledge","J5964_postknowledge",0,0,-0.499376761210493,-0.451405062337721
"J5978 J5922",2,"J5978 J5922",2,"J5922","J5978","naive","naive","naive naive",2,NA,NA,0,"naive",-0.381279752025634,-1.32224958949097,-0.270286137471486,"J5922_J5978","postknowledge","J5922_J5978_postknowledge",0,0,"J5922_postknowledge","J5978_postknowledge",0,0,-0.499376761210493,-0.451405062337721
"J5926 J5939",4,"J5926 J5939",4,"J5926","J5939","naive","naive","naive naive",4,NA,NA,0,"naive",-0.147658742298735,0.677750410509031,0.138541574965981,"J5926_J5939","postknowledge","J5926_J5939_postknowledge",0,0,"J5926_postknowledge","J5939_postknowledge",0,0,-0.499376761210493,-0.451405062337721
"J5926 J6017",1,"J5926 J6017",1,"J5926","J6017","naive","naive","naive naive",1,NA,NA,0,"naive",-0.498090256889084,-2.32224958949097,-0.474699993690219,"J5926_J6017","postknowledge","J5926_J6017_postknowledge",0,0,"J5926_postknowledge","J6017_postknowledge",0,0,-0.499376761210493,-0.451405062337721
"J5939 J5963",2,"J5939 J5963",2,"J5939","J5963","naive","naive","naive naive",1.5,NA,NA,0,"naive",-0.439685004457359,-1.82224958949097,-0.372493065580853,"J5939_J5963","postknowledge","J5939_J5963_postknowledge",0,0,"J5939_postknowledge","J5963_postknowledge",0,0,-0.499376761210493,-0.451405062337721
"J5964 J5939",6,"J5964 J5939",6,"J5939","J5964","naive","naive","naive naive",6,NA,NA,0,"naive",0.0859622674281642,2.67775041050903,0.547369287403447,"J5939_J5964","postknowledge","J5939_J5964_postknowledge",0,0,"J5939_postknowledge","J5964_postknowledge",0,0,-0.499376761210493,-0.451405062337721
"J5939 J6017",2,"J5939 J6017",2,"J5939","J6017","naive","naive","naive naive",2,NA,NA,0,"naive",-0.381279752025634,-1.32224958949097,-0.270286137471486,"J5939_J6017","postknowledge","J5939_J6017_postknowledge",0,0,"J5939_postknowledge","J6017_postknowledge",0,0,-0.499376761210493,-0.451405062337721
"J664 J5939",16,"J664 J5939",16,"J5939","J664","knowledge","naive","knowledge naive",16,NA,NA,0,"knowledge",1.25406731606266,7.75,0.648070658633917,"J5939_J664","postknowledge","J5939_J664_postknowledge",0,0,"J5939_postknowledge","J664_postknowledge",0,0,-0.499376761210493,-0.451405062337721
"J664 J595",3,"J664 J595",3,"J595","J664","knowledge","naive","knowledge naive",3,NA,NA,0,"knowledge",-0.264469247162184,-5.25,-0.439015607461686,"J595_J664","postknowledge","J595_J664_postknowledge",0,0,"J595_postknowledge","J664_postknowledge",1,0,-0.454908358518102,-0.451405062337721
"J5963 J5964",17,"J5963 J5964",17,"J5963","J5964","naive","naive","naive naive",18,NA,NA,0,"naive",1.48768832578956,14.677750410509,3.00033556202825,"J5963_J5964","postknowledge","J5963_J5964_postknowledge",0,0,"J5963_postknowledge","J5964_postknowledge",0,0,-0.499376761210493,-0.451405062337721
"J5999 J5963",1,"J5999 J5963",1,"J5963","J5999","naive","naive","naive naive",1,NA,NA,0,"naive",-0.498090256889084,-2.32224958949097,-0.474699993690219,"J5963_J5999","postknowledge","J5963_J5999_postknowledge",0,0,"J5963_postknowledge","J5999_postknowledge",0,0,-0.499376761210493,-0.451405062337721
"J5963 J6017",7,"J5963 J6017",7,"J5963","J6017","naive","naive","naive naive",5.5,NA,NA,0,"naive",0.0275570149964394,2.17775041050903,0.445162359294081,"J5963_J6017","postknowledge","J5963_J6017_postknowledge",0,0,"J5963_postknowledge","J6017_postknowledge",0,0,-0.499376761210493,-0.451405062337721
"J831 J5963",2,"J831 J5963",2,"J5963","J831","knowledge","naive","knowledge naive",2,NA,NA,0,"knowledge",-0.381279752025634,-6.25,-0.522637627930578,"J5963_J831","postknowledge","J5963_J831_postknowledge",0,0,"J5963_postknowledge","J831_postknowledge",0,0,-0.499376761210493,-0.451405062337721
"J5964 J6017",4,"J5964 J6017",4,"J5964","J6017","naive","naive","naive naive",4,NA,NA,0,"naive",-0.147658742298735,0.677750410509031,0.138541574965981,"J5964_J6017","postknowledge","J5964_J6017_postknowledge",0,0,"J5964_postknowledge","J6017_postknowledge",0,0,-0.499376761210493,-0.451405062337721
"J6035 J5964",2,"J6035 J5964",2,"J5964","J6035","naive","naive","naive naive",2,NA,NA,0,"naive",-0.381279752025634,-1.32224958949097,-0.270286137471486,"J5964_J6035","postknowledge","J5964_J6035_postknowledge",0,0,"J5964_postknowledge","J6035_postknowledge",0,0,-0.499376761210493,-0.451405062337721
"J831 J5964",2,"J831 J5964",2,"J5964","J831","knowledge","naive","knowledge naive",2,NA,NA,0,"knowledge",-0.381279752025634,-6.25,-0.522637627930578,"J5964_J831","postknowledge","J5964_J831_postknowledge",0,0,"J5964_postknowledge","J831_postknowledge",0,0,-0.499376761210493,-0.451405062337721
"J972 J5964",1,"J972 J5964",1,"J5964","J972","naive","naive","naive naive",1,NA,NA,0,"naive",-0.498090256889084,-2.32224958949097,-0.474699993690219,"J5964_J972","postknowledge","J5964_J972_postknowledge",0,0,"J5964_postknowledge","J972_postknowledge",0,0,-0.499376761210493,-0.451405062337721
"J5999 J6017",2,"J5999 J6017",2,"J5999","J6017","naive","naive","naive naive",2,NA,NA,0,"naive",-0.381279752025634,-1.32224958949097,-0.270286137471486,"J5999_J6017","postknowledge","J5999_J6017_postknowledge",0,0,"J5999_postknowledge","J6017_postknowledge",0,0,-0.499376761210493,-0.451405062337721
"J831 J5999",2,"J831 J5999",2,"J5999","J831","knowledge","naive","knowledge naive",2,NA,NA,0,"knowledge",-0.381279752025634,-6.25,-0.522637627930578,"J5999_J831","postknowledge","J5999_J831_postknowledge",0,0,"J5999_postknowledge","J831_postknowledge",0,0,-0.499376761210493,-0.451405062337721
"J831 J6017",2,"J831 J6017",2,"J6017","J831","knowledge","naive","knowledge naive",2,NA,NA,0,"knowledge",-0.381279752025634,-6.25,-0.522637627930578,"J6017_J831","postknowledge","J6017_J831_postknowledge",0,0,"J6017_postknowledge","J831_postknowledge",0,0,-0.499376761210493,-0.451405062337721
"J933 J6017",1,"J933 J6017",1,"J6017","J933","naive","naive","naive naive",1,NA,NA,0,"naive",-0.498090256889084,-2.32224958949097,-0.474699993690219,"J6017_J933","postknowledge","J6017_J933_postknowledge",0,0,"J6017_postknowledge","J933_postknowledge",0,0,-0.499376761210493,-0.451405062337721
"J664 J972",8,"J664 J972",8,"J664","J972","knowledge","naive","knowledge naive",8,NA,NA,0,"knowledge",0.319583277155063,-0.25,-0.0209055051172231,"J664_J972","postknowledge","J664_J972_postknowledge",0,0,"J664_postknowledge","J972_postknowledge",0,0,-0.499376761210493,-0.451405062337721
