"g_dyad_ID_post","g_edge_weights_post","ind1_ID","ind2_ID","ind1_knowledge","ind2_knowledge","knowledge_comb","knowledge_comb2","dyad_ID","g_edge_weights_pre","HKLK_no_dual_events_mean","edge_diff_abs","knowledge_comb3","knowledge_comb4","edge_diff_resid","ind1_visit_no_pre","ind2_visit_no_pre","ind1_visit_no_post","ind2_visit_no_post","new_edge","HKLK_no_dual_events_binary","knowledge_comb2_HKLK_dual_events_binary","HKLK_no_dual_events_binary_c","HKLK_no_dual_events_mean_gc","HKLK_no_dual_events_mean_gc_z","HKLK_no_dual_events_mean_z","edge_diff_resid_10","g_edge_weights_pre_z"
"J1001 J1096",0.1,"J1001","J1096","naive","naive","naive naive","naive naive","J1001 J1096",0.0158730158730159,5,0.0841269841269841,"same","naive",0.0773073887426829,70,113,54,22,"old",1,"naive naive_1",0.5,4.63368983957219,3.13799212772882,0.640495744224907,0.773073887426829,-0.471418609309992
"J1001 J1631",0.0540540540540541,"J1001","J1631","naive","knowledge","naive knowledge","knowledge naive","J1001 J1631",0.021978021978022,27,0.0320760320760321,"different","knowledge",0.0291181278279894,70,160,54,30,"old",1,"knowledge naive_1",0.5,24.0810810810811,2.67190648912169,4.46654594845132,0.291181278279894,-0.324289078528118
"J1001 J3714",0.024390243902439,"J1001","J3714","naive","naive","naive naive","naive naive","J1001 J3714",0.010752688172043,0,0.013637555730396,"same","naive",0.00357912261891035,70,233,54,121,"old",0,"naive naive_0",-0.5,-0.366310160427808,-0.248069775821609,-0.229061120372005,0.0357912261891035,-0.594817570610919
"J1001 J4112",0.0344827586206897,"J1001","J4112","naive","naive","naive naive","naive naive","J1001 J4112",0.0344827586206897,0,0,"same","naive",0.00495190449312137,70,47,54,28,"old",0,"naive naive_0",-0.5,-0.366310160427808,-0.248069775821609,-0.229061120372005,0.0495190449312137,-0.0229272120300715
"J1001 J4189",0.0740740740740741,"J1001","J4189","naive","naive","naive naive","naive naive","J1001 J4189",0.0112359550561798,0,0.0628381190178943,"same","naive",0.0530853739615587,70,200,54,32,"old",0,"naive naive_0",-0.5,-0.366310160427808,-0.248069775821609,-0.229061120372005,0.530853739615587,-0.583170927072404
"J1001 J4731",0.025,"J1001","J4731","naive","naive","naive naive","naive naive","J1001 J4731",0.0151515151515152,0,0.0098484848484848,"same","naive",0.00257250778444409,70,182,54,103,"old",0,"naive naive_0",-0.5,-0.366310160427808,-0.248069775821609,-0.229061120372005,0.0257250778444409,-0.488806644766031
"J1001 J4747",0.04,"J1001","J4747","naive","naive","naive naive","naive naive","J1001 J4747",0.0144927536231884,5,0.0255072463768116,"same","naive",0.0178145729964868,70,247,54,345,"old",1,"naive naive_1",0.5,4.63368983957219,3.13799212772882,0.640495744224907,0.178145729964868,-0.504682677138938
"J1001 J5519",0.0169491525423729,"J1001","J5519","naive","naive","naive naive","naive naive","J1001 J5519",0.0181818181818182,0,-0.0012326656394453,"same","naive",-0.00659183964857954,70,103,54,154,"old",0,"naive naive_0",-0.5,-0.366310160427808,-0.248069775821609,-0.229061120372005,-0.0659183964857954,-0.415776895850665
"J1001 J664",0.0186335403726708,"J1001","J664","naive","knowledge","naive knowledge","knowledge naive","J1001 J664",0.00746268656716418,0,0.0111708538055066,"different","knowledge",-0.000968653397849087,70,512,54,366,"old",0,"knowledge naive_0",-0.5,-2.91891891891892,-0.323867453226871,-0.229061120372005,-0.00968653397849087,-0.674106007685619
"J1001 J990",0.0689655172413793,"J1001","J990","naive","naive","naive naive","naive naive","J1001 J990",0.0357142857142857,0,0.0332512315270936,"same","naive",0.0389821323356326,70,19,54,31,"old",0,"naive naive_0",-0.5,-0.366310160427808,-0.248069775821609,-0.229061120372005,0.389821323356326,0.00675236573109809
"J1046 J1317",0.0571428571428571,"J1046","J1317","knowledge","naive","knowledge naive","knowledge naive","J1046 J1317",0.0134228187919463,8,0.0437200383509108,"different","knowledge",0.0353505830340711,216,43,94,50,"old",1,"knowledge naive_1",0.5,5.08108108108108,0.563769270431961,1.16222986298305,0.353505830340711,-0.530467910925805
"J1046 J1529",0.195402298850575,"J1046","J1529","knowledge","knowledge","knowledge knowledge","knowledge knowledge","J1046 J1529",0.107033639143731,61,0.088368659706844,"same","knowledge",0.139212261509463,216,320,94,211,"old",1,"knowledge knowledge_1",0.5,58.0810810810811,6.44436256467173,10.3795326277103,1.39212261509463,1.72553574207146
"J1046 J1618",0.0194174757281553,"J1046","J1618","knowledge","naive","knowledge naive","knowledge naive","J1046 J1618",0.0463917525773196,0,-0.0269742768491643,"different","knowledge",-0.0144893976770557,216,67,94,59,"old",0,"knowledge naive_0",-0.5,-2.91891891891892,-0.323867453226871,-0.229061120372005,-0.144893976770557,0.264077364670737
"J1046 J1735",0.010989010989011,"J1046","J1735","knowledge","naive","knowledge naive","knowledge naive","J1046 J1735",0.0170940170940171,0,-0.0061050061050061,"different","knowledge",-0.0121522632620555,216,191,94,52,"old",0,"knowledge naive_0",-0.5,-2.91891891891892,-0.323867453226871,-0.229061120372005,-0.121522632620555,-0.441992703153617
"J1046 J1902",0.064,"J1046","J1902","knowledge","naive","knowledge naive","knowledge naive","J1046 J1902",0.0717703349282297,1,-0.00777033492822971,"different","knowledge",0.0207676398230876,216,108,94,86,"old",1,"knowledge naive_1",0.5,-1.91891891891892,-0.212912862769517,-0.0551497474526229,0.207676398230876,0.87569655865266
"J1046 J2124",0.015748031496063,"J1046","J2124","knowledge","naive","knowledge naive","knowledge naive","J1046 J2124",0.0463917525773196,2,-0.0306437210812566,"different","knowledge",-0.018158841909148,216,100,94,100,"old",1,"knowledge naive_1",0.5,-0.918918918918919,-0.101958272312163,0.118761625466759,-0.18158841909148,0.264077364670737
"J1046 J2196",0.0217391304347826,"J1046","J2196","knowledge","naive","knowledge naive","knowledge naive","J1046 J2196",0.0319148936170213,10,-0.0101757631822387,"different","knowledge",-0.00684814887871162,216,91,94,105,"old",1,"knowledge naive_1",0.5,7.08108108108108,0.785678451346669,1.51005260882182,-0.0684814887871162,-0.0848122890640034
"J1046 J2392",0.0297619047619048,"J1046","J2392","knowledge","naive","knowledge naive","knowledge naive","J1046 J2392",0.062015503875969,14,-0.0322535991140642,"different","knowledge",-0.00988599404989994,216,199,94,236,"old",1,"knowledge naive_1",0.5,11.0810810810811,1.22949681317609,2.20569810049935,-0.0988599404989994,0.640606914041382
"J1046 J2801",0.0598802395209581,"J1046","J2801","knowledge","naive","knowledge naive","knowledge naive","J1046 J2801",0.0873239436619718,0,-0.0274437041410137,"different","knowledge",0.0109326281730705,216,382,94,147,"old",0,"knowledge naive_0",-0.5,-2.91891891891892,-0.323867453226871,-0.229061120372005,0.109326281730705,1.25053568503516
"J1046 J3096",0.036144578313253,"J1046","J3096","knowledge","naive","knowledge naive","knowledge naive","J1046 J3096",0.063013698630137,0,-0.026869120316884,"different","knowledge",-0.00387011214384007,216,360,94,194,"old",0,"knowledge naive_0",-0.5,-2.91891891891892,-0.323867453226871,-0.229061120372005,-0.0387011214384007,0.664663225089005
"J1046 J3369",0.020979020979021,"J1046","J3369","knowledge","naive","knowledge naive","knowledge naive","J1046 J3369",0.0190839694656489,0,0.0018950515133721,"different","knowledge",-0.00289347120460676,216,363,94,242,"old",0,"knowledge naive_0",-0.5,-2.91891891891892,-0.323867453226871,-0.229061120372005,-0.0289347120460676,-0.39403521487586
"J1046 J3610",0.048951048951049,"J1046","J3610","knowledge","naive","knowledge naive","knowledge naive","J1046 J3610",0.0580912863070539,0,-0.0091402373560049,"different","knowledge",0.0107451234741687,216,169,94,111,"old",0,"knowledge naive_0",-0.5,-2.91891891891892,-0.323867453226871,-0.229061120372005,0.107451234741687,0.546033988204826
"J1046 J3759",0.00900900900900901,"J1046","J3759","knowledge","knowledge","knowledge knowledge","knowledge knowledge","J1046 J3759",0.00602409638554217,3,0.00298491262346684,"same","knowledge",-0.0100645676180031,216,55,94,132,"old",1,"knowledge knowledge_1",0.5,0.0810810810810811,0.00899631814519087,0.292672998386142,-0.100645676180031,-0.708775768005088
"J1046 J4046",0.01,"J1046","J4046","knowledge","naive","knowledge naive","knowledge naive","J1046 J4046",0.036144578313253,1,-0.026144578313253,"different","knowledge",-0.0201414980692066,216,66,94,80,"old",1,"knowledge naive_1",0.5,-1.91891891891892,-0.212912862769517,-0.0551497474526229,-0.201414980692066,0.0171223386837965
"J1046 J4151",0.0660377358490566,"J1046","J4151","knowledge","naive","knowledge naive","knowledge naive","J1046 J4151",0.0649350649350649,2,0.0011026709139917,"different","knowledge",0.0253170297519861,216,210,94,56,"old",1,"knowledge naive_1",0.5,-0.918918918918919,-0.101958272312163,0.118761625466759,0.253170297519861,0.710967801700704
"J1046 J4304",0.0384615384615385,"J1046","J4304","knowledge","knowledge","knowledge knowledge","knowledge knowledge","J1046 J4304",0.00694444444444444,12,0.0315170940170941,"same","knowledge",0.0190497753460149,216,160,94,65,"old",1,"knowledge knowledge_1",0.5,9.08108108108108,1.00758763226138,1.85787535466058,0.190497753460149,-0.686595548078483
"J1046 J4521",0.0633802816901408,"J1046","J4521","knowledge","knowledge","knowledge knowledge","knowledge knowledge","J1046 J4521",0.0680473372781065,4,-0.00466705558796569,"same","knowledge",0.0215159555845269,216,353,94,172,"old",1,"knowledge knowledge_1",0.5,1.08108108108108,0.119950908602545,0.466584371305524,0.215159555845269,0.785972996064331
"J1046 J4601",0.029940119760479,"J1046","J4601","knowledge","knowledge","knowledge knowledge","knowledge knowledge","J1046 J4601",0.0835734870317003,3,-0.0536333672712213,"same","knowledge",-0.0176293675767827,216,302,94,239,"old",1,"knowledge knowledge_1",0.5,0.0810810810810811,0.00899631814519087,0.292672998386142,-0.176293675767827,1.16015036604635
"J1046 J4699",0.0373134328358209,"J1046","J4699","knowledge","naive","knowledge naive","knowledge naive","J1046 J4699",0.0232558139534884,0,0.0140576188823325,"different","knowledge",0.0119079755697859,216,175,94,352,"old",0,"knowledge naive_0",-0.5,-2.91891891891892,-0.323867453226871,-0.229061120372005,0.119079755697859,-0.293494525573772
"J1046 J5021",0.0540540540540541,"J1046","J5021","knowledge","naive","knowledge naive","knowledge naive","J1046 J5021",0.072,0,-0.0179459459459459,"different","knowledge",0.0107373023000591,216,152,94,127,"old",0,"knowledge naive_0",-0.5,-2.91891891891892,-0.323867453226871,-0.229061120372005,0.107373023000591,0.881231444886245
"J1046 J5304",0.0319148936170213,"J1046","J5304","knowledge","naive","knowledge naive","knowledge naive","J1046 J5304",0.0193548387096774,0,0.0125600549073439,"different","knowledge",0.00794286917752828,216,29,94,42,"old",0,"knowledge naive_0",-0.5,-2.91891891891892,-0.323867453226871,-0.229061120372005,0.0794286917752828,-0.387507315625363
"J1046 J5476",0.0350877192982456,"J1046","J5476","knowledge","naive","knowledge naive","knowledge naive","J1046 J5476",0.00546448087431694,0,0.0296232384239287,"different","knowledge",0.0162197761843672,216,48,94,66,"old",0,"knowledge naive_0",-0.5,-2.91891891891892,-0.323867453226871,-0.229061120372005,0.162197761843672,-0.722262399495482
"J1046 J5645",0.0632911392405063,"J1046","J5645","knowledge","naive","knowledge naive","knowledge naive","J1046 J5645",0.0357142857142857,1,0.0275768535262206,"different","knowledge",0.0333077543347596,216,144,94,161,"old",1,"knowledge naive_1",0.5,-1.91891891891892,-0.212912862769517,-0.0551497474526229,0.333077543347596,0.00675236573109809
"J1057 J3718",0.0263157894736842,"J1057","J3718","naive","naive","naive naive","naive naive","J1057 J3718",0.333333333333333,0,-0.307017543859649,"same","naive",-0.113029200158508,2,10,194,90,"old",0,"naive naive_0",-0.5,-0.366310160427808,-0.248069775821609,-0.229061120372005,-1.13029200158509,7.17931699134745
"J1057 J3759",0.00709219858156028,"J1057","J3759","naive","knowledge","naive knowledge","knowledge naive","J1057 J3759",0.0384615384615385,2,-0.0313693398799782,"different","knowledge",-0.0239006780601229,2,55,194,132,"old",1,"knowledge naive_1",0.5,-0.918918918918919,-0.101958272312163,0.118761625466759,-0.239006780601229,0.0729606545829427
"J1057 J4998",0.0191082802547771,"J1057","J4998","naive","naive","naive naive","naive naive","J1057 J4998",0.0666666666666667,0,-0.0475583864118896,"same","naive",-0.02224871154252,2,43,194,164,"old",0,"naive naive_0",-0.5,-0.366310160427808,-0.248069775821609,-0.229061120372005,-0.2224871154252,0.7526990867952
"J1057 J6000",0.00806451612903226,"J1057","J6000","naive","naive","naive naive","naive naive","J1057 J6000",0.0555555555555556,0,-0.0474910394265233,"same","naive",-0.0292096424251442,2,72,194,67,"old",0,"naive naive_0",-0.5,-0.366310160427808,-0.248069775821609,-0.229061120372005,-0.292096424251442,0.48492334077219
"J1096 J1351",0.0606060606060606,"J1096","J1351","naive","naive","naive naive","naive naive","J1096 J1351",0.043956043956044,0,0.0166500166500166,"same","naive",0.0275942004925046,113,160,22,54,"old",0,"naive naive_0",-0.5,-0.366310160427808,-0.248069775821609,-0.229061120372005,0.275942004925046,0.20537723228663
"J1096 J1529",0.00675675675675676,"J1096","J1529","naive","knowledge","naive knowledge","knowledge naive","J1096 J1529",0.00769230769230769,0,-0.00093555093555093,"different","knowledge",-0.0129298124424384,113,320,22,211,"old",0,"knowledge naive_0",-0.5,-2.91891891891892,-0.323867453226871,-0.229061120372005,-0.129298124424384,-0.668572180557704
"J1096 J1735",0.03125,"J1096","J1735","naive","naive","naive naive","naive naive","J1096 J1735",0.0147058823529412,0,0.0165441176470588,"same","naive",0.00898625778082594,113,191,22,52,"old",0,"naive naive_0",-0.5,-0.366310160427808,-0.248069775821609,-0.229061120372005,0.0898625778082594,-0.499546313724173
"J1096 J3369",0.0235294117647059,"J1096","J3369","naive","naive","naive naive","naive naive","J1096 J3369",0.0569620253164557,0,-0.0334326135517498,"same","naive",-0.0142615611240428,113,363,22,242,"old",0,"naive naive_0",-0.5,-0.366310160427808,-0.248069775821609,-0.229061120372005,-0.142615611240428,0.518819004825735
"J1096 J3715",0.0363636363636364,"J1096","J3715","naive","naive","naive naive","naive naive","J1096 J3715",0.0625,3,-0.0261363636363636,"same","naive",-0.00346229296749047,113,54,22,86,"old",1,"naive naive_1",0.5,2.63368983957219,1.78356736630865,0.292672998386142,-0.0346229296749047,0.652283182036571
"J1096 J4044",0.00740740740740741,"J1096","J4044","naive","naive","naive naive","naive naive","J1096 J4044",0.0285714285714286,0,-0.0211640211640212,"same","naive",-0.0199512989849046,113,56,22,246,"old",0,"naive naive_0",-0.5,-0.366310160427808,-0.248069775821609,-0.229061120372005,-0.199512989849046,-0.165389185283694
"J1096 J4998",0.0289855072463768,"J1096","J4998","naive","naive","naive naive","naive naive","J1096 J4998",0.0181818181818182,0,0.0108036890645586,"same","naive",0.00544451505542436,113,43,22,164,"old",0,"naive naive_0",-0.5,-0.366310160427808,-0.248069775821609,-0.229061120372005,0.0544451505542436,-0.415776895850665
"J1096 J505",0.0344827586206897,"J1096","J505","naive","naive","naive naive","naive naive","J1096 J505",0.0181818181818182,0,0.0163009404388715,"same","naive",0.0109417664297373,113,30,22,39,"old",0,"naive naive_0",-0.5,-0.366310160427808,-0.248069775821609,-0.229061120372005,0.109417664297373,-0.415776895850665
"J1096 J5645",0.00925925925925926,"J1096","J5645","naive","naive","naive naive","naive naive","J1096 J5645",0.0232558139534884,0,-0.0139965546942291,"same","naive",-0.0161461980067758,113,144,22,161,"old",0,"naive naive_0",-0.5,-0.366310160427808,-0.248069775821609,-0.229061120372005,-0.161461980067758,-0.293494525573772
"J1096 J664",0.00641025641025641,"J1096","J664","naive","knowledge","naive knowledge","knowledge naive","J1096 J664",0.02,8,-0.0135897435897436,"different","knowledge",-0.017798835765934,113,512,22,366,"old",1,"knowledge naive_1",0.5,5.08108108108108,0.563769270431961,1.16222986298305,-0.17798835765934,-0.371959046501445
"J1154 J4967",0.166666666666667,"J1154","J4967","naive","knowledge","naive knowledge","knowledge naive","J1154 J4967",0.0303030303030303,1,0.136363636363637,"different","knowledge",0.138671674574128,81,85,4,4,"old",1,"knowledge naive_1",0.5,-1.91891891891892,-0.212912862769517,-0.0551497474526229,1.38671674574128,-0.123657900189199
"J1182 J1359",0.0165289256198347,"J1182","J1359","naive","naive","naive naive","naive naive","J1182 J1359",0.00568181818181818,0,0.0108471074380165,"same","naive",-0.00241887917260699,395,6,169,22,"old",0,"naive naive_0",-0.5,-0.366310160427808,-0.248069775821609,-0.229061120372005,-0.0241887917260699,-0.717024610126552
"J1182 J1914",0.00925925925925926,"J1182","J1914","naive","naive","naive naive","naive naive","J1182 J1914",0.00574712643678161,0,0.00351213282247765,"same","naive",-0.00971254337747978,395,2,169,2,"old",0,"naive naive_0",-0.5,-0.366310160427808,-0.248069775821609,-0.229061120372005,-0.0971254337747978,-0.715450693124066
"J1182 J2375",0.0214285714285714,"J1182","J2375","naive","naive","naive naive","naive naive","J1182 J2375",0.103571428571429,0,-0.0821428571428576,"same","naive",-0.0334892593548052,395,368,169,95,"old",0,"naive naive_0",-0.5,-0.366310160427808,-0.248069775821609,-0.229061120372005,-0.334892593548052,1.64209710037164
"J1182 J2403",0.020979020979021,"J1182","J2403","naive","naive","naive naive","naive naive","J1182 J2403",0.0301507537688442,0,-0.0091717327898232,"same","naive",-0.0069600163408846,395,36,169,61,"old",0,"naive naive_0",-0.5,-0.366310160427808,-0.248069775821609,-0.229061120372005,-0.069600163408846,-0.127327736818112
"J1182 J2728",0.0189873417721519,"J1182","J2728","naive","naive","naive naive","naive naive","J1182 J2728",0.0256410256410256,0,-0.0066536838688737,"same","naive",-0.00729457343516124,395,37,169,90,"old",0,"naive naive_0",-0.5,-0.366310160427808,-0.248069775821609,-0.229061120372005,-0.0729457343516124,-0.236011360058995
"J1182 J3467",0.0705128205128205,"J1182","J3467","naive","naive","naive naive","naive naive","J1182 J3467",0.0562770562770563,0,0.0142357642357642,"same","naive",0.032973542916883,395,140,169,80,"old",0,"naive naive_0",-0.5,-0.366310160427808,-0.248069775821609,-0.229061120372005,0.32973542916883,0.502311376228229
"J1182 J3492",0.0266666666666667,"J1182","J3492","naive","naive","naive naive","naive naive","J1182 J3492",0.032258064516129,0,-0.0055913978494623,"same","naive",-0.00204671250677288,395,54,169,68,"old",0,"naive naive_0",-0.5,-0.366310160427808,-0.248069775821609,-0.229061120372005,-0.0204671250677288,-0.0765419331470279
"J1182 J3749",0.0142857142857143,"J1182","J3749","naive","naive","naive naive","naive naive","J1182 J3749",0.00571428571428571,0,0.00857142857142859,"same","naive",-0.00467402086360664,395,4,169,42,"old",0,"naive naive_0",-0.5,-0.366310160427808,-0.248069775821609,-0.229061120372005,-0.0467402086360664,-0.716242148531031
"J1182 J3958",0.00909090909090909,"J1182","J3958","naive","naive","naive naive","naive naive","J1182 J3958",0.00574712643678161,0,0.00334378265412748,"same","naive",-0.00988089354582995,395,2,169,3,"old",0,"naive naive_0",-0.5,-0.366310160427808,-0.248069775821609,-0.229061120372005,-0.0988089354582995,-0.715450693124066
"J1182 J4044",0.0131578947368421,"J1182","J4044","naive","naive","naive naive","naive naive","J1182 J4044",0.00492610837438424,0,0.00823178636245786,"same","naive",-0.00551222071444467,395,56,169,246,"old",0,"naive naive_0",-0.5,-0.366310160427808,-0.248069775821609,-0.229061120372005,-0.0551222071444467,-0.73523707829818
"J1182 J4109",0.0398009950248756,"J1182","J4109","naive","naive","naive naive","naive naive","J1182 J4109",0.0932203389830508,0,-0.0534193439581752,"same","naive",-0.0113132762178454,395,187,169,145,"old",0,"naive naive_0",-0.5,-0.366310160427808,-0.248069775821609,-0.229061120372005,-0.113132762178454,1.39263773407053
"J1182 J4111",0.0574162679425837,"J1182","J4111","naive","naive","naive naive","naive naive","J1182 J4111",0.160958904109589,0,-0.103542636167005,"same","naive",-0.0185888771987305,395,394,169,153,"old",0,"naive naive_0",-0.5,-0.366310160427808,-0.248069775821609,-0.229061120372005,-0.185888771987305,3.02512476708637
"J1182 J4126",0.033175355450237,"J1182","J4126","naive","naive","naive naive","naive naive","J1182 J4126",0.111111111111111,0,-0.077935755660874,"same","naive",-0.0245129693195427,395,193,169,213,"old",0,"naive naive_0",-0.5,-0.366310160427808,-0.248069775821609,-0.229061120372005,-0.245129693195427,1.82380207088724
"J1182 J42",0.0344827586206897,"J1182","J42","naive","naive","naive naive","naive naive","J1182 J42",0.0106951871657754,0,0.0237875714549143,"same","naive",0.0136927663689523,395,77,169,91,"old",0,"naive naive_0",-0.5,-0.366310160427808,-0.248069775821609,-0.229061120372005,0.136927663689523,-0.596203334347453
"J1182 J4214",0.0222222222222222,"J1182","J4214","naive","naive","naive naive","naive naive","J1182 J4214",0.056,0,-0.0337777777777778,"same","naive",-0.0152152496616791,395,167,169,134,"old",0,"naive naive_0",-0.5,-0.366310160427808,-0.248069775821609,-0.229061120372005,-0.152152496616791,0.49563437061311
"J1182 J4954",0.0320855614973262,"J1182","J4954","naive","naive","naive naive","naive naive","J1182 J4954",0.041025641025641,0,-0.0089400795283148,"same","naive",0.000150492568769073,395,44,169,113,"old",0,"naive naive_0",-0.5,-0.366310160427808,-0.248069775821609,-0.229061120372005,0.00150492568769073,0.134755057511328
"J1182 J5657A",0.0103626943005181,"J1182","J5657A","naive","naive","naive naive","naive naive","J1182 J5657A",0.00568181818181818,0,0.00468087611869992,"same","naive",-0.00858511049192359,395,8,169,172,"old",0,"naive naive_0",-0.5,-0.366310160427808,-0.248069775821609,-0.229061120372005,-0.0858511049192359,-0.717024610126552
"J1182 J664",0.00398406374501992,"J1182","J664","naive","knowledge","naive knowledge","knowledge naive","J1182 J664",0.00706713780918728,0,-0.00308307406416736,"different","knowledge",-0.0154727836598491,395,512,169,366,"old",0,"knowledge naive_0",-0.5,-2.91891891891892,-0.323867453226871,-0.229061120372005,-0.154727836598491,-0.683638660423635
"J1266 J4044",0.0078125,"J1266","J4044","naive","naive","naive naive","naive naive","J1266 J4044",0.0487804878048781,0,-0.0409679878048781,"same","naive",-0.026972126088859,21,56,16,246,"old",0,"naive naive_0",-0.5,-0.366310160427808,-0.248069775821609,-0.229061120372005,-0.26972126088859,0.32164544685572
"J1266 J5645",0.0099009900990099,"J1266","J5645","naive","naive","naive naive","naive naive","J1266 J5645",0.00980392156862745,0,9.70685303824485e-05,"same","naive",-0.0105615021599639,21,144,16,161,"old",0,"naive naive_0",-0.5,-0.366310160427808,-0.248069775821609,-0.229061120372005,-0.105615021599639,-0.617682672263738
"J1317 J1529",0.0542168674698795,"J1317","J1529","naive","knowledge","naive knowledge","knowledge naive","J1317 J1529",0.00434782608695652,7,0.049869041382923,"different","knowledge",0.0357592447318243,43,320,50,211,"old",1,"knowledge naive_1",0.5,4.08108108108108,0.452814679974607,0.988318490063672,0.357592447318243,-0.749173575681687
"J1317 J1902",0.0204081632653061,"J1317","J1902","naive","naive","naive naive","naive naive","J1317 J1902",0.0108695652173913,4,0.0095385980479148,"same","naive",-0.000445905071972066,43,108,50,86,"old",1,"naive naive_1",0.5,3.63368983957219,2.46077974701873,0.466584371305524,-0.00445905071972066,-0.59200085518992
"J1317 J4046",0.0149253731343284,"J1317","J4046","naive","naive","naive naive","naive naive","J1317 J4046",0.025,0,-0.0100746268656716,"same","naive",-0.0111209940012662,43,66,50,80,"old",0,"naive naive_0",-0.5,-0.366310160427808,-0.248069775821609,-0.229061120372005,-0.111209940012662,-0.25145996079109
"J1317 J4151",0.038961038961039,"J1317","J4151","naive","naive","naive naive","naive naive","J1317 J4151",0.0087719298245614,10,0.0301891091364776,"same","naive",0.0188777572200022,43,210,50,56,"old",1,"naive naive_1",0.5,9.63368983957219,6.52405403127924,1.51005260882182,0.188777572200022,-0.642553484587856
"J1317 J4521",0.0442477876106195,"J1317","J4521","naive","knowledge","naive knowledge","knowledge naive","J1317 J4521",0.00436681222707424,4,0.0398809753835453,"different","knowledge",0.0257831883206015,43,353,50,172,"old",1,"knowledge naive_1",0.5,1.08108108108108,0.119950908602545,0.466584371305524,0.257831883206015,-0.748716013176616
"J1317 J4601",0.0220588235294118,"J1317","J4601","naive","knowledge","naive knowledge","knowledge naive","J1317 J4601",0.00409836065573771,3,0.0179604628736741,"different","knowledge",0.00369286810935969,43,302,50,239,"old",1,"knowledge naive_1",0.5,0.0810810810810811,0.00899631814519087,0.292672998386142,0.0369286810935969,-0.755185646957328
"J1345 J1962",0.111111111111111,"J1345","J1962","naive","naive","naive naive","naive naive","J1345 J1962",0.130434782608696,0,-0.019323671497585,"same","naive",0.0463222067880778,46,63,23,3,"old",0,"naive naive_0",-0.5,-0.366310160427808,-0.248069775821609,-0.229061120372005,0.463222067880778,2.28949902049249
"J1345 J4161",0.04,"J1345","J4161","naive","naive","naive naive","naive naive","J1345 J4161",0.0303030303030303,0,0.0096969696969697,"same","naive",0.0120050079074614,46,92,23,78,"old",0,"naive naive_0",-0.5,-0.366310160427808,-0.248069775821609,-0.229061120372005,0.120050079074614,-0.123657900189199
"J1345 J4728",0.105263157894737,"J1345","J4728","naive","naive","naive naive","naive naive","J1345 J4728",0.0952380952380952,0,0.0100250626566418,"same","naive",0.0534074520437011,46,114,23,21,"old",0,"naive naive_0",-0.5,-0.366310160427808,-0.248069775821609,-0.229061120372005,0.534074520437011,1.44126529085437
"J1345 J56",0.142857142857143,"J1345","J56","naive","naive","naive naive","naive naive","J1345 J56",0.0909090909090909,2,0.0519480519480521,"same","naive",0.0925921512566735,46,4,23,1,"old",1,"naive naive_1",0.5,1.63368983957219,1.10635498559856,0.118761625466759,0.925921512566735,1.33693707811813
"J1345 J6017",0.0666666666666667,"J1345","J6017","naive","naive","naive naive","naive naive","J1345 J6017",0.0138888888888889,0,0.0527777777777778,"same","naive",0.0447031327741927,46,157,23,24,"old",0,"naive naive_0",-0.5,-0.366310160427808,-0.248069775821609,-0.229061120372005,0.447031327741927,-0.519235706814101
"J1351 J1359",0.0277777777777778,"J1351","J1359","naive","naive","naive naive","naive naive","J1351 J1359",0.0175438596491228,0,0.010233918128655,"same","naive",0.00447120663427727,160,6,54,22,"old",0,"naive naive_0",-0.5,-0.366310160427808,-0.248069775821609,-0.229061120372005,0.0447120663427727,-0.431151579832848
"J1351 J1627",0.111111111111111,"J1351","J1627","naive","knowledge","naive knowledge","knowledge naive","J1351 J1627",0.0394736842105263,0,0.0716374269005847,"different","knowledge",0.0797463164614513,160,61,54,19,"old",0,"knowledge naive_0",-0.5,-2.91891891891892,-0.323867453226871,-0.229061120372005,0.797463164614513,0.0973531820546732
"J1351 J1631",0.025,"J1351","J1631","naive","knowledge","naive knowledge","knowledge naive","J1351 J1631",0.0420168067226891,0,-0.0170168067226891,"different","knowledge",-0.00729927771171852,160,160,54,30,"old",0,"knowledge naive_0",-0.5,-2.91891891891892,-0.323867453226871,-0.229061120372005,-0.0729927771171852,0.158641969567681
"J1351 J1735",0.05,"J1351","J1735","naive","naive","naive naive","naive naive","J1351 J1735",0.0134228187919463,0,0.0365771812080537,"same","naive",0.028207725891214,160,191,54,52,"old",0,"naive naive_0",-0.5,-0.366310160427808,-0.248069775821609,-0.229061120372005,0.28207725891214,-0.530467910925805
"J1351 J1964",0.0344827586206897,"J1351","J1964","naive","naive","naive naive","naive naive","J1351 J1964",0.0150375939849624,0,0.0194451646357273,"same","naive",0.0120971273064645,160,254,54,12,"old",0,"naive naive_0",-0.5,-0.366310160427808,-0.248069775821609,-0.229061120372005,0.120971273064645,-0.491552124048565
"J1351 J3369",0.0434782608695652,"J1351","J3369","naive","naive","naive naive","naive naive","J1351 J3369",0.0526315789473684,0,-0.0091533180778032,"same","naive",0.00727853211620998,160,363,54,242,"old",0,"naive naive_0",-0.5,-0.366310160427808,-0.248069775821609,-0.229061120372005,0.0727853211620998,0.414456039187186
"J1351 J3383",0.04,"J1351","J3383","naive","naive","naive naive","naive naive","J1351 J3383",0.0294117647058824,0,0.0105882352941176,"same","naive",0.0123325079002251,160,31,54,7,"old",0,"naive naive_0",-0.5,-0.366310160427808,-0.248069775821609,-0.229061120372005,0.123325079002251,-0.145137238105482
"J1351 J4044",0.0283687943262411,"J1351","J4044","naive","naive","naive naive","naive naive","J1351 J4044",0.0365853658536585,2,-0.0082165715274174,"same","naive",-0.00193467332504642,160,56,54,246,"old",1,"naive naive_1",0.5,1.63368983957219,1.10635498559856,0.118761625466759,-0.0193467332504642,0.0277452378060723
"J1351 J4514",0.027027027027027,"J1351","J4514","naive","knowledge","naive knowledge","knowledge naive","J1351 J4514",0.0327868852459016,0,-0.0057598582188746,"different","knowledge",-0.0018806699633776,160,53,54,69,"old",0,"knowledge naive_0",-0.5,-2.91891891891892,-0.323867453226871,-0.229061120372005,-0.018806699633776,-0.0637974502585716
"J1351 J4521",0.0202020202020202,"J1351","J4521","naive","knowledge","naive knowledge","knowledge naive","J1351 J4521",0.00735294117647059,3,0.0128490790255496,"different","knowledge",0.000640152923146587,160,353,54,172,"old",1,"knowledge naive_1",0.5,0.0810810810810811,0.00899631814519087,0.292672998386142,0.00640152923146587,-0.676750851533519
"J1351 J4552",0.0217391304347826,"J1351","J4552","naive","naive","naive naive","naive naive","J1351 J4552",0.0158730158730159,0,0.0058661145617667,"same","naive",-0.00095348082253438,160,23,54,182,"old",0,"naive naive_0",-0.5,-0.366310160427808,-0.248069775821609,-0.229061120372005,-0.0095348082253438,-0.471418609309992
"J1351 J4601",0.00826446280991736,"J1351","J4601","naive","knowledge","naive knowledge","knowledge naive","J1351 J4601",0.00347222222222222,0,0.00479224058769514,"different","knowledge",-0.00987141491713102,160,302,54,239,"old",0,"knowledge naive_0",-0.5,-2.91891891891892,-0.323867453226871,-0.229061120372005,-0.0987141491713102,-0.770275468710674
"J1351 J4998",0.038961038961039,"J1351","J4998","naive","naive","naive naive","naive naive","J1351 J4998",0.0454545454545455,0,-0.0064935064935065,"same","naive",0.00539854699151767,160,43,54,164,"old",0,"naive naive_0",-0.5,-0.366310160427808,-0.248069775821609,-0.229061120372005,0.0539854699151767,0.241490844387635
"J1351 J5477",0.0178571428571429,"J1351","J5477","naive","naive","naive naive","naive naive","J1351 J5477",0.0142857142857143,0,0.0035714285714286,"same","naive",-0.0042522065082997,160,70,54,67,"old",0,"naive naive_0",-0.5,-0.366310160427808,-0.248069775821609,-0.229061120372005,-0.042522065082997,-0.509672287313279
"J1351 J5645",0.00854700854700855,"J1351","J5645","naive","naive","naive naive","naive naive","J1351 J5645",0.013986013986014,0,-0.00543900543900545,"same","naive",-0.013452214447241,160,144,54,161,"old",0,"naive naive_0",-0.5,-0.366310160427808,-0.248069775821609,-0.229061120372005,-0.13452214447241,-0.51689500973348
"J1351 J664",0.0121951219512195,"J1351","J664","naive","knowledge","naive knowledge","knowledge naive","J1351 J664",0.00606060606060606,4,0.00613451589061344,"different","knowledge",-0.00689187033814676,160,512,54,366,"old",1,"knowledge naive_1",0.5,1.08108108108108,0.119950908602545,0.466584371305524,-0.0689187033814676,-0.707895891512132
"J1359 J2375",0.0204081632653061,"J1359","J2375","naive","naive","naive naive","naive naive","J1359 J2375",0.00719424460431655,0,0.0132139186609895,"same","naive",0.000904609834064871,6,368,22,95,"old",0,"naive naive_0",-0.5,-0.366310160427808,-0.248069775821609,-0.229061120372005,0.00904609834064871,-0.680575409903505
"J1480 J1529",0.00613496932515337,"J1480","J1529","knowledge","knowledge","knowledge knowledge","knowledge knowledge","J1480 J1529",0.00440528634361234,2.5,0.00172968298154103,"same","knowledge",-0.0123437674710447,24,320,59,211,"old",1,"knowledge knowledge_1",0.5,-0.418918918918919,-0.0464809770834861,0.205717311926451,-0.123437674710447,-0.747788794003345
"J1480 J2801",0.00757575757575758,"J1480","J2801","knowledge","naive","knowledge naive","knowledge naive","J1480 J2801",0.00398406374501992,1,0.00359169383073766,"different","knowledge",-0.0107481988738947,24,382,59,147,"old",1,"knowledge naive_1",0.5,-1.91891891891892,-0.212912862769517,-0.0551497474526229,-0.107481988738947,-0.75794018160553
"J1480 J3369",0.02,"J1480","J3369","knowledge","naive","knowledge naive","knowledge naive","J1480 J3369",0.0152671755725191,1,0.0047328244274809,"different","knowledge",-0.00246999221461683,24,363,59,242,"old",1,"knowledge naive_1",0.5,-1.91891891891892,-0.212912862769517,-0.0551497474526229,-0.0246999221461683,-0.486019249769262
"J1480 J4601",0.0078740157480315,"J1480","J4601","knowledge","knowledge","knowledge knowledge","knowledge knowledge","J1480 J4601",0.00833333333333333,0,-0.00045931758530183,"same","knowledge",-0.0120481015228822,24,302,59,239,"old",0,"knowledge knowledge_0",-0.5,-2.91891891891892,-0.323867453226871,-0.229061120372005,-0.120481015228822,-0.653123579825607
"J1480 J4998",0.0487804878048781,"J1480","J4998","knowledge","naive","knowledge naive","knowledge naive","J1480 J4998",0.0476190476190476,0,0.0011614401858305,"different","knowledge",0.0144226387100735,24,43,59,164,"old",0,"knowledge naive_0",-0.5,-2.91891891891892,-0.323867453226871,-0.229061120372005,0.144226387100735,0.293654950755752
"J1529 J1618",0.0304878048780488,"J1529","J1618","knowledge","naive","knowledge naive","knowledge naive","J1529 J1618",0.0404411764705882,0,-0.0099533715925394,"different","knowledge",-0.00123249963217675,320,67,211,59,"old",0,"knowledge naive_0",-0.5,-2.91891891891892,-0.323867453226871,-0.229061120372005,-0.0123249963217675,0.120669568608534
"J1529 J1735",0.00645161290322581,"J1529","J1735","knowledge","naive","knowledge naive","knowledge naive","J1529 J1735",0.0358306188925081,0,-0.0293790059892823,"different","knowledge",-0.0235745192095801,320,191,211,52,"old",0,"knowledge naive_0",-0.5,-2.91891891891892,-0.323867453226871,-0.229061120372005,-0.235745192095801,0.00955597405381384
"J1529 J1902",0.0591397849462366,"J1529","J1902","knowledge","naive","knowledge naive","knowledge naive","J1529 J1902",0.0780141843971631,4,-0.0188743994509265,"different","knowledge",0.013613091113412,320,108,211,86,"old",1,"knowledge naive_1",0.5,1.08108108108108,0.119950908602545,0.466584371305524,0.13613091113412,1.02617218911657
"J1529 J2124",0.0432432432432432,"J1529","J2124","knowledge","naive","knowledge naive","knowledge naive","J1529 J2124",0.0366300366300366,6,0.0066132066132066,"different","knowledge",0.0129233610921844,320,100,211,100,"old",1,"knowledge naive_1",0.5,3.08108108108108,0.341860089517253,0.814407117144289,0.129233610921844,0.0288217953483788
"J1529 J2196",0.0148514851485149,"J1529","J2196","knowledge","naive","knowledge naive","knowledge naive","J1529 J2196",0.0185873605947955,2,-0.0037358754462806,"different","knowledge",-0.00883852562650546,320,91,211,105,"old",1,"knowledge naive_1",0.5,-0.918918918918919,-0.101958272312163,0.118761625466759,-0.0883852562650546,-0.406003397854558
"J1529 J2392",0.062780269058296,"J1529","J2392","knowledge","naive","knowledge naive","knowledge naive","J1529 J2392",0.0925925925925926,5,-0.0298123235342966,"different","knowledge",0.011896666360384,320,199,211,236,"old",1,"knowledge naive_1",0.5,2.08108108108108,0.230905499059899,0.640495744224907,0.11896666360384,1.37750916084889
"J1529 J2540",0.00645161290322581,"J1529","J2540","knowledge","knowledge","knowledge knowledge","knowledge knowledge","J1529 J2540",0.0211267605633803,0,-0.0146751476601545,"same","knowledge",-0.0181715130666331,320,112,211,26,"old",0,"knowledge knowledge_0",-0.5,-2.91891891891892,-0.323867453226871,-0.229061120372005,-0.181715130666331,-0.344804322961083
"J1529 J2801",0.0904977375565611,"J1529","J2801","knowledge","naive","knowledge naive","knowledge naive","J1529 J2801",0.101654846335697,3,-0.0111571087791359,"different","knowledge",0.0362841644830544,320,382,211,147,"old",1,"knowledge naive_1",0.5,0.0810810810810811,0.00899631814519087,0.292672998386142,0.362841644830544,1.59590781895276
"J1529 J3096",0.0350877192982456,"J1529","J3096","knowledge","naive","knowledge naive","knowledge naive","J1529 J3096",0.106382978723404,0,-0.0712952594251584,"different","knowledge",-0.0208632296233976,320,360,211,194,"old",0,"knowledge naive_0",-0.5,-2.91891891891892,-0.323867453226871,-0.229061120372005,-0.208632296233976,1.70985494492
"J1529 J3369",0.00961538461538462,"J1529","J3369","knowledge","naive","knowledge naive","knowledge naive","J1529 J3369",0.0389221556886228,2,-0.0293067710732382,"different","knowledge",-0.021546748125737,320,363,211,242,"old",1,"knowledge naive_1",0.5,-0.918918918918919,-0.101958272312163,0.118761625466759,-0.21546748125737,0.0840614455281621
"J1529 J3610",0.0646766169154229,"J1529","J3610","knowledge","naive","knowledge naive","knowledge naive","J1529 J3610",0.056782334384858,0,0.00789428253056489,"different","knowledge",0.0269516723564855,320,169,211,111,"old",0,"knowledge naive_0",-0.5,-2.91891891891892,-0.323867453226871,-0.229061120372005,0.269516723564855,0.514488486232142
"J1529 J4044",0.01171875,"J1529","J4044","knowledge","naive","knowledge naive","knowledge naive","J1529 J4044",0.0120481927710843,7,-0.0003294427710843,"different","knowledge",-0.00956841091545098,320,56,211,246,"old",1,"knowledge naive_1",0.5,4.08108108108108,0.452814679974607,0.988318490063672,-0.0956841091545098,-0.563596146667312
"J1529 J4046",0.0122699386503067,"J1529","J4046","knowledge","naive","knowledge naive","knowledge naive","J1529 J4046",0.0202429149797571,0,-0.0079729763294504,"different","knowledge",-0.012028413847798,320,66,211,80,"old",0,"knowledge naive_0",-0.5,-2.91891891891892,-0.323867453226871,-0.229061120372005,-0.12028413847798,-0.366104839908229
"J1529 J4151",0.0598802395209581,"J1529","J4151","knowledge","naive","knowledge naive","knowledge naive","J1529 J4151",0.0516129032258065,9,0.0082673362951516,"different","knowledge",0.0240548282465986,320,210,211,56,"old",1,"knowledge naive_1",0.5,6.08108108108108,0.674723860889315,1.33614123590244,0.240548282465986,0.389906140570477
"J1529 J4304",0.0177514792899408,"J1529","J4304","knowledge","knowledge","knowledge knowledge","knowledge knowledge","J1529 J4304",0.00446428571428571,22,0.0132871935756551,"same","knowledge",-0.000748937119529067,320,160,211,65,"old",1,"knowledge knowledge_1",0.5,19.0810810810811,2.11713353683492,3.59698908385441,-0.00748937119529067,-0.746366919958619
"J1529 J4521",0.0643564356435644,"J1529","J4521","knowledge","knowledge","knowledge knowledge","knowledge knowledge","J1529 J4521",0.0970149253731343,27,-0.0326584897295699,"same","knowledge",0.011847824689684,320,353,211,172,"old",1,"knowledge knowledge_1",0.5,24.0810810810811,2.67190648912169,4.46654594845132,0.11847824689684,1.48408657220133
"J1529 J4552",0.00483091787439614,"J1529","J4552","knowledge","naive","knowledge naive","knowledge naive","J1529 J4552",0.00434782608695652,0,0.00048309178743962,"different","knowledge",-0.013626704863659,320,23,211,182,"old",0,"knowledge naive_0",-0.5,-2.91891891891892,-0.323867453226871,-0.229061120372005,-0.13626704863659,-0.749173575681687
"J1529 J4601",0.0488888888888889,"J1529","J4601","knowledge","knowledge","knowledge knowledge","knowledge knowledge","J1529 J4601",0.106796116504854,3,-0.0579072276159651,"same","knowledge",-0.00721386957288267,320,302,211,239,"old",1,"knowledge knowledge_1",0.5,0.0810810810810811,0.00899631814519087,0.292672998386142,-0.0721386957288267,1.71981148990742
"J1529 J4699",0.041025641025641,"J1529","J4699","knowledge","naive","knowledge naive","knowledge naive","J1529 J4699",0.0380622837370242,0,0.0029633572886168,"different","knowledge",0.0101794725255126,320,175,211,352,"old",0,"knowledge naive_0",-0.5,-2.91891891891892,-0.323867453226871,-0.229061120372005,0.101794725255126,0.0633386887290402
"J1529 J4962",0.0159574468085106,"J1529","J4962","knowledge","naive","knowledge naive","knowledge naive","J1529 J4962",0.00411522633744856,6,0.011842220471062,"different","knowledge",-0.00241470599047764,320,85,211,124,"old",1,"knowledge naive_1",0.5,3.08108108108108,0.341860089517253,0.814407117144289,-0.0241470599047764,-0.75477918711212
"J1529 J4998",0.0210526315789474,"J1529","J4998","knowledge","naive","knowledge naive","knowledge naive","J1529 J4998",0.00425531914893617,0,0.0167973124300112,"different","knowledge",0.00262900097705142,320,43,211,164,"old",0,"knowledge naive_0",-0.5,-2.91891891891892,-0.323867453226871,-0.229061120372005,0.0262900097705142,-0.75140297597235
"J1529 J5012",0.0130718954248366,"J1529","J5012","knowledge","naive","knowledge naive","knowledge naive","J1529 J5012",0.0498338870431894,6,-0.0367619916183528,"different","knowledge",-0.0220998074725834,320,199,211,35,"old",1,"knowledge naive_1",0.5,3.08108108108108,0.341860089517253,0.814407117144289,-0.220998074725834,0.347032175876619
"J1529 J5021",0.0784313725490196,"J1529","J5021","knowledge","naive","knowledge naive","knowledge naive","J1529 J5021",0.0773993808049536,1,0.00103199174406601,"different","knowledge",0.0331305913651787,320,152,211,127,"old",1,"knowledge naive_1",0.5,-1.91891891891892,-0.212912862769517,-0.0551497474526229,0.331305913651787,1.01135553496603
"J1529 J5053",0.00558659217877095,"J1529","J5053","knowledge","knowledge","knowledge knowledge","knowledge knowledge","J1529 J5053",0.00436681222707424,4,0.00121977995169671,"same","knowledge",-0.012878007111247,320,36,211,168,"old",1,"knowledge knowledge_1",0.5,1.08108108108108,0.119950908602545,0.466584371305524,-0.12878007111247,-0.748716013176616
"J1529 J5089",0.0222222222222222,"J1529","J5089","knowledge","knowledge","knowledge knowledge","knowledge knowledge","J1529 J5089",0.0216450216450216,7.5,0.0005772005772006,"same","knowledge",-0.00259134136918341,320,36,211,95,"old",1,"knowledge knowledge_1",0.5,4.58108108108108,0.508291975203284,1.07527417652336,-0.0259134136918341,-0.332314325661676
"J1529 J5304",0.0125786163522013,"J1529","J5304","knowledge","naive","knowledge naive","knowledge naive","J1529 J5304",0.0127659574468085,0,-0.000187341094607199,"different","knowledge",-0.00897229077634029,320,29,211,42,"old",0,"knowledge naive_0",-0.5,-2.91891891891892,-0.323867453226871,-0.229061120372005,-0.0897229077634029,-0.546298149231321
"J1529 J5476",0.0224719101123595,"J1529","J5476","knowledge","naive","knowledge naive","knowledge naive","J1529 J5476",0.00380228136882129,0,0.0186696287435382,"different","knowledge",0.00421475050427735,320,48,211,66,"old",0,"knowledge naive_0",-0.5,-2.91891891891892,-0.323867453226871,-0.229061120372005,0.0421475050427735,-0.762321103631568
"J1529 J5645",0.0311111111111111,"J1529","J5645","knowledge","naive","knowledge naive","knowledge naive","J1529 J5645",0.0505050505050505,1,-0.0193939393939394,"different","knowledge",-0.00430721415073778,320,144,211,161,"old",1,"knowledge naive_1",0.5,-1.91891891891892,-0.212912862769517,-0.0551497474526229,-0.0430721415073778,0.363207092579911
"J1529 J664",0.00719424460431655,"J1529","J664","knowledge","knowledge","knowledge knowledge","knowledge knowledge","J1529 J664",0.018348623853211,2,-0.0111543792488944,"same","knowledge",-0.0164080411632632,320,512,211,366,"old",1,"knowledge knowledge_1",0.5,-0.918918918918919,-0.101958272312163,0.118761625466759,-0.164080411632632,-0.411756909671838
"J1556 J2168",0.0121951219512195,"J1556","J2168","knowledge","naive","knowledge naive","knowledge naive","J1556 J2168",0.0416666666666667,0,-0.0294715447154472,"different","knowledge",-0.0199754950490561,10,88,34,134,"old",0,"knowledge naive_0",-0.5,-2.91891891891892,-0.323867453226871,-0.229061120372005,-0.199754950490561,0.150203658243426
"J1556 J3715",0.0597014925373134,"J1556","J3715","knowledge","naive","knowledge naive","knowledge naive","J1556 J3715",0.1,0,-0.0402985074626866,"different","knowledge",0.00609600101065432,10,54,34,86,"old",0,"knowledge naive_0",-0.5,-2.91891891891892,-0.323867453226871,-0.229061120372005,0.0609600101065432,1.55602632486423
"J1618 J1902",0.0444444444444444,"J1618","J1902","naive","naive","naive naive","naive naive","J1618 J1902",0.0283687943262411,0,0.0160756501182033,"same","naive",0.0171601970170525,67,108,59,86,"old",0,"naive naive_0",-0.5,-0.366310160427808,-0.248069775821609,-0.229061120372005,0.171601970170525,-0.170272633539434
"J1618 J2196",0.0303030303030303,"J1618","J2196","naive","naive","naive naive","naive naive","J1618 J2196",0.0176991150442478,0,0.0126039152587825,"same","naive",0.00693940978957466,67,91,59,105,"old",0,"naive naive_0",-0.5,-0.366310160427808,-0.248069775821609,-0.229061120372005,0.0693940978957466,-0.427409953200015
"J1618 J2392",0.0229007633587786,"J1618","J2392","naive","naive","naive naive","naive naive","J1618 J2392",0.0372340425531915,3,-0.0143332791944129,"same","naive",-0.00764106378386912,67,199,59,236,"old",1,"naive naive_1",0.5,2.63368983957219,1.78356736630865,0.292672998386142,-0.0764106378386912,0.0433782276491398
"J1618 J2540",0.0192307692307692,"J1618","J2540","naive","knowledge","naive knowledge","knowledge naive","J1618 J2540",0.0155038759689922,0,0.003726893261777,"different","knowledge",-0.00332619972611185,67,112,59,26,"old",0,"knowledge naive_0",-0.5,-2.91891891891892,-0.323867453226871,-0.229061120372005,-0.0332619972611185,-0.480314813496804
"J1618 J2801",0.0147058823529412,"J1618","J2801","naive","naive","naive naive","naive naive","J1618 J2801",0.0132013201320132,0,0.001504562220928,"same","naive",-0.00700500096755751,67,382,59,147,"old",0,"naive naive_0",-0.5,-0.366310160427808,-0.248069775821609,-0.229061120372005,-0.0700500096755751,-0.535805988127406
"J1618 J3096",0.00757575757575758,"J1618","J3096","naive","naive","naive naive","naive naive","J1618 J3096",0.0231788079470199,0,-0.0156030503712623,"same","naive",-0.0178014034487958,67,360,59,194,"old",0,"naive naive_0",-0.5,-0.366310160427808,-0.248069775821609,-0.229061120372005,-0.178014034487958,-0.295350356248504
"J1618 J3610",0.0373831775700935,"J1618","J3610","naive","naive","naive naive","naive naive","J1618 J3610",0.0292397660818713,0,0.0081434114882222,"same","naive",0.00977888722330808,67,169,59,111,"old",0,"naive naive_0",-0.5,-0.366310160427808,-0.248069775821609,-0.229061120372005,0.0977888722330808,-0.149282373492837
"J1618 J4345",0.0222222222222222,"J1618","J4345","naive","naive","naive naive","naive naive","J1618 J4345",0.0147058823529412,0,0.007516339869281,"same","naive",-4.15199969518564e-05,67,6,59,22,"old",0,"naive naive_0",-0.5,-0.366310160427808,-0.248069775821609,-0.229061120372005,-0.000415199969518564,-0.499546313724173
"J1618 J4601",0.0390625,"J1618","J4601","naive","knowledge","naive knowledge","knowledge naive","J1618 J4601",0.027681660899654,0,0.011380839100346,"different","knowledge",0.0120307431802958,67,302,59,239,"old",0,"knowledge naive_0",-0.5,-2.91891891891892,-0.323867453226871,-0.229061120372005,0.120307431802958,-0.186832423472388
"J1618 J4699",0.0204081632653061,"J1618","J4699","naive","naive","naive naive","naive naive","J1618 J4699",0.0143884892086331,0,0.006019674056673,"same","naive",-0.00173895125860318,67,175,59,352,"old",0,"naive naive_0",-0.5,-0.366310160427808,-0.248069775821609,-0.229061120372005,-0.0173895125860318,-0.507195430464146
"J1618 J5012",0.04,"J1618","J5012","naive","naive","naive naive","naive naive","J1618 J5012",0.0261437908496732,0,0.0138562091503268,"same","naive",0.0135333412070253,67,199,59,35,"old",0,"naive naive_0",-0.5,-0.366310160427808,-0.248069775821609,-0.229061120372005,0.135333412070253,-0.223894810465192
"J1618 J5021",0.0263157894736842,"J1618","J5021","naive","naive","naive naive","naive naive","J1618 J5021",0.0327868852459016,0,-0.0064710957722174,"same","naive",-0.00259190751672041,67,152,59,127,"old",0,"naive naive_0",-0.5,-0.366310160427808,-0.248069775821609,-0.229061120372005,-0.0259190751672041,-0.0637974502585716
"J1618 J5304",0.0545454545454545,"J1618","J5304","naive","naive","naive naive","naive naive","J1618 J5304",0.0128205128205128,0,0.0417249417249417,"same","naive",0.0329745007725113,67,29,59,42,"old",0,"naive naive_0",-0.5,-0.366310160427808,-0.248069775821609,-0.229061120372005,0.329745007725113,-0.54498337470093
"J1618 J5645",0.032,"J1618","J5645","naive","naive","naive naive","naive naive","J1618 J5645",0.0268456375838926,0,0.0051543624161074,"same","naive",0.00527544412100108,67,144,59,161,"old",0,"naive naive_0",-0.5,-0.366310160427808,-0.248069775821609,-0.229061120372005,0.0527544412100108,-0.206980432508745
"J1623 J3369",0.0121951219512195,"J1623","J3369","naive","naive","naive naive","naive naive","J1623 J3369",0.0212765957446809,0,-0.0090814737934614,"same","naive",-0.0124830617039677,48,363,14,242,"old",0,"naive naive_0",-0.5,-0.366310160427808,-0.248069775821609,-0.229061120372005,-0.124830617039677,-0.34119332249029
"J1623 J4962",0.0158730158730159,"J1623","J4962","naive","naive","naive naive","naive naive","J1623 J4962",0.025,0,-0.0091269841269841,"same","naive",-0.0101733512625788,48,85,14,124,"old",0,"naive naive_0",-0.5,-0.366310160427808,-0.248069775821609,-0.229061120372005,-0.101733512625788,-0.25145996079109
"J1627 J2168",0.0158730158730159,"J1627","J2168","knowledge","naive","knowledge naive","knowledge naive","J1627 J2168",0.0208333333333333,27,-0.0049603174603174,"different","knowledge",-0.0086422887964085,61,88,19,134,"old",1,"knowledge naive_1",0.5,24.0810810810811,2.67190648912169,4.46654594845132,-0.086422887964085,-0.35187586554972
"J1627 J3369",0.0123456790123457,"J1627","J3369","knowledge","naive","knowledge naive","knowledge naive","J1627 J3369",0.0134228187919463,0,-0.0010771397796006,"different","knowledge",-0.00944659509644035,61,363,19,242,"old",0,"knowledge naive_0",-0.5,-2.91891891891892,-0.323867453226871,-0.229061120372005,-0.0944659509644035,-0.530467910925805
"J1627 J3383",0.2,"J1627","J3383","knowledge","naive","knowledge naive","knowledge naive","J1627 J3383",0.025,0,0.175,"different","knowledge",0.173953632864405,61,31,19,7,"old",0,"knowledge naive_0",-0.5,-2.91891891891892,-0.323867453226871,-0.229061120372005,1.73953632864405,-0.25145996079109
"J1627 J4044",0.0155038759689922,"J1627","J4044","knowledge","naive","knowledge naive","knowledge naive","J1627 J4044",0.0181818181818182,0,-0.002677942212826,"different","knowledge",-0.00803711622196024,61,56,19,246,"old",0,"knowledge naive_0",-0.5,-2.91891891891892,-0.323867453226871,-0.229061120372005,-0.0803711622196024,-0.415776895850665
"J1631 J2168",0.0135135135135135,"J1631","J2168","knowledge","naive","knowledge naive","knowledge naive","J1631 J2168",0.010752688172043,2,0.0027608253414705,"different","knowledge",-0.00729760777001515,160,88,30,134,"old",1,"knowledge naive_1",0.5,-0.918918918918919,-0.101958272312163,0.118761625466759,-0.0729760777001515,-0.594817570610919
"J1631 J2728",0.0285714285714286,"J1631","J2728","knowledge","naive","knowledge naive","knowledge naive","J1631 J2728",0.0210526315789474,0,0.0075187969924812,"different","knowledge",0.00397554166694259,160,37,30,90,"old",0,"knowledge naive_0",-0.5,-2.91891891891892,-0.323867453226871,-0.229061120372005,0.0397554166694259,-0.346590817930844
"J1631 J3369",0.0108695652173913,"J1631","J3369","knowledge","naive","knowledge naive","knowledge naive","J1631 J3369",0.0481283422459893,0,-0.037258777028598,"different","knowledge",-0.0236754267304211,160,363,30,242,"old",0,"knowledge naive_0",-0.5,-2.91891891891892,-0.323867453226871,-0.229061120372005,-0.236754267304211,0.305928858136487
"J1631 J4044",0.0142857142857143,"J1631","J4044","knowledge","naive","knowledge naive","knowledge naive","J1631 J4044",0.01,0,0.0042857142857143,"different","knowledge",-0.00624882797166747,160,56,30,246,"old",0,"knowledge naive_0",-0.5,-2.91891891891892,-0.323867453226871,-0.229061120372005,-0.0624882797166747,-0.612957217922155
"J1631 J6017",0.037037037037037,"J1631","J6017","knowledge","naive","knowledge naive","knowledge naive","J1631 J6017",0.00763358778625954,1,0.0294034492507775,"different","knowledge",0.017372044760442,160,157,30,24,"old",1,"knowledge naive_1",0.5,-1.91891891891892,-0.212912862769517,-0.0551497474526229,0.17372044760442,-0.669987319556063
"J1631 J664",0.00617283950617284,"J1631","J664","knowledge","knowledge","knowledge knowledge","knowledge knowledge","J1631 J664",0.0167597765363128,0,-0.01058693703014,"same","knowledge",-0.0168456163834762,160,512,30,366,"old",0,"knowledge knowledge_0",-0.5,-2.91891891891892,-0.323867453226871,-0.229061120372005,-0.168456163834762,-0.450047839475755
"J1735 J1902",0.0125,"J1735","J1902","naive","naive","naive naive","naive naive","J1735 J1902",0.0112359550561798,0,0.0012640449438202,"same","naive",-0.00848870011251542,191,108,52,86,"old",0,"naive naive_0",-0.5,-0.366310160427808,-0.248069775821609,-0.229061120372005,-0.0848870011251542,-0.583170927072404
"J1735 J2124",0.0131578947368421,"J1735","J2124","naive","naive","naive naive","naive naive","J1735 J2124",0.0258064516129032,0,-0.0126485568760611,"same","naive",-0.0131848070696242,191,100,52,100,"old",0,"naive naive_0",-0.5,-0.366310160427808,-0.248069775821609,-0.229061120372005,-0.131848070696242,-0.232024624386195
"J1735 J2392",0.00833333333333333,"J1735","J2392","naive","naive","naive naive","naive naive","J1735 J2392",0.0502283105022831,0,-0.0418949771689498,"same","naive",-0.0269833024330455,191,199,52,236,"old",0,"naive naive_0",-0.5,-0.366310160427808,-0.248069775821609,-0.229061120372005,-0.269833024330455,0.356537709117321
"J1735 J3610",0.0208333333333333,"J1735","J3610","naive","naive","naive naive","naive naive","J1735 J3610",0.0292682926829268,0,-0.0084349593495935,"same","naive",-0.00678143925541135,191,169,52,111,"old",0,"naive naive_0",-0.5,-0.366310160427808,-0.248069775821609,-0.229061120372005,-0.0678143925541135,-0.148594887623715
"J1735 J3759",0.0169491525423729,"J1735","J3759","naive","knowledge","naive knowledge","knowledge naive","J1735 J3759",0.0165289256198347,0,0.000420226922538198,"different","knowledge",-0.00598447602563596,191,55,52,132,"old",0,"knowledge naive_0",-0.5,-2.91891891891892,-0.323867453226871,-0.229061120372005,-0.0598447602563596,-0.455611304349956
"J1735 J4521",0.0102040816326531,"J1735","J4521","naive","knowledge","naive knowledge","knowledge naive","J1735 J4521",0.0427631578947368,0,-0.0325590762620837,"different","knowledge",-0.0223694465429305,191,353,52,172,"old",0,"knowledge naive_0",-0.5,-2.91891891891892,-0.323867453226871,-0.229061120372005,-0.223694465429305,0.176628896337801
"J1735 J4699",0.0116279069767442,"J1735","J4699","naive","naive","naive naive","naive naive","J1735 J4699",0.0232558139534884,0,-0.0116279069767442,"same","naive",-0.0137775502892908,191,175,52,352,"old",0,"naive naive_0",-0.5,-0.366310160427808,-0.248069775821609,-0.229061120372005,-0.137775502892908,-0.293494525573772
"J1735 J5645",0.0175438596491228,"J1735","J5645","naive","naive","naive naive","naive naive","J1735 J5645",0.010752688172043,0,0.0067911714770798,"same","naive",-0.00326726163440585,191,144,52,161,"old",0,"naive naive_0",-0.5,-0.366310160427808,-0.248069775821609,-0.229061120372005,-0.0326726163440585,-0.594817570610919
"J1735 J6000",0.0238095238095238,"J1735","J6000","naive","naive","naive naive","naive naive","J1735 J6000",0.0087719298245614,0,0.0150375939849624,"same","naive",0.00372624206848695,191,72,52,67,"old",0,"naive naive_0",-0.5,-0.366310160427808,-0.248069775821609,-0.229061120372005,0.0372624206848695,-0.642553484587856
"J1735 J664",0.00613496932515337,"J1735","J664","naive","knowledge","naive knowledge","knowledge naive","J1735 J664",0.0245098039215686,0,-0.0183748345964152,"different","knowledge",-0.0197312728144212,191,512,52,366,"old",0,"knowledge naive_0",-0.5,-2.91891891891892,-0.323867453226871,-0.229061120372005,-0.197312728144212,-0.263273596645048
"J1902 J2124",0.0350877192982456,"J1902","J2124","naive","naive","naive naive","naive naive","J1902 J2124",0.0283687943262411,4,0.0067189249720045,"same","naive",0.00780347187085374,108,100,86,100,"old",1,"naive naive_1",0.5,3.63368983957219,2.46077974701873,0.466584371305524,0.0780347187085374,-0.170272633539434
"J1902 J2196",0.015625,"J1902","J2196","naive","naive","naive naive","naive naive","J1902 J2196",0.0303030303030303,0,-0.0146780303030303,"same","naive",-0.0123699920925386,108,91,86,105,"old",0,"naive naive_0",-0.5,-0.366310160427808,-0.248069775821609,-0.229061120372005,-0.123699920925386,-0.123657900189199
"J1902 J2392",0.0588235294117647,"J1902","J2392","naive","naive","naive naive","naive naive","J1902 J2392",0.0485436893203883,4,0.0102798400913764,"same","naive",0.0241259161081013,108,199,86,236,"old",1,"naive naive_1",0.5,3.63368983957219,2.46077974701873,0.466584371305524,0.241259161081013,0.315938646679997
"J1902 J2801",0.0375,"J1902","J2801","naive","naive","naive naive","naive naive","J1902 J2801",0.0347003154574132,1.5,0.0027996845425868,"same","naive",0.00788920352675981,108,382,86,147,"old",1,"naive naive_1",0.5,1.13368983957219,0.767748795243519,0.0318059390070683,0.0788920352675981,-0.0176841320470278
"J1902 J3096",0.0592105263157895,"J1902","J3096","naive","naive","naive naive","naive naive","J1902 J3096",0.0610932475884244,0,-0.0018827212726349,"same","naive",0.0199015151806365,108,360,86,194,"old",0,"naive naive_0",-0.5,-0.366310160427808,-0.248069775821609,-0.229061120372005,0.199015151806365,0.618380706153432
"J1902 J3369",0.00746268656716418,"J1902","J3369","naive","naive","naive naive","naive naive","J1902 J3369",0.0145631067961165,0,-0.00710042022895232,"same","naive",-0.0147485920609361,108,363,86,242,"old",0,"naive naive_0",-0.5,-0.366310160427808,-0.248069775821609,-0.229061120372005,-0.147485920609361,-0.502987178536006
"J1902 J3610",0.0692307692307692,"J1902","J3610","naive","naive","naive naive","naive naive","J1902 J3610",0.0368421052631579,0,0.0323886639676113,"same","naive",0.0388329614018486,108,169,86,111,"old",0,"naive naive_0",-0.5,-0.366310160427808,-0.248069775821609,-0.229061120372005,0.388329614018486,0.0339326106281711
"J1902 J4046",0.0227272727272727,"J1902","J4046","naive","naive","naive naive","naive naive","J1902 J4046",0.027027027027027,0,-0.0042997542997543,"same","naive",-0.00406393560808044,108,66,86,80,"old",0,"naive naive_0",-0.5,-0.366310160427808,-0.248069775821609,-0.229061120372005,-0.0406393560808044,-0.202608980097704
"J1902 J4521",0.0294117647058824,"J1902","J4521","naive","knowledge","naive knowledge","knowledge naive","J1902 J4521",0.0448275862068966,0,-0.0154158215010142,"different","knowledge",-0.00392034795838447,108,353,86,172,"old",0,"knowledge naive_0",-0.5,-2.91891891891892,-0.323867453226871,-0.229061120372005,-0.0392034795838447,0.226381241163766
"J1902 J4601",0.0522875816993464,"J1902","J4601","naive","knowledge","naive knowledge","knowledge naive","J1902 J4601",0.0460526315789474,0,0.006234950120399,"different","knowledge",0.0185053199978389,108,302,86,239,"old",0,"knowledge naive_0",-0.5,-2.91891891891892,-0.323867453226871,-0.229061120372005,0.185053199978389,0.255904610620931
"J1902 J4699",0.0578512396694215,"J1902","J4699","naive","naive","naive naive","naive naive","J1902 J4699",0.0062111801242236,0,0.0516400595451979,"same","naive",0.0387089181887312,108,175,86,352,"old",0,"naive naive_0",-0.5,-0.366310160427808,-0.248069775821609,-0.229061120372005,0.387089181887312,-0.70426708411261
"J1902 J5021",0.0984848484848485,"J1902","J5021","naive","naive","naive naive","naive naive","J1902 J5021",0.0606060606060606,0,0.0378787878787879,"same","naive",0.0593548566383445,108,152,86,127,"old",0,"naive naive_0",-0.5,-0.366310160427808,-0.248069775821609,-0.229061120372005,0.593548566383445,0.606639588964467
"J1902 J5089",0.0186915887850467,"J1902","J5089","naive","knowledge","naive knowledge","knowledge naive","J1902 J5089",0.0103092783505155,0,0.0083823104345312,"different","knowledge",-0.00195659934611267,108,36,86,95,"old",0,"knowledge naive_0",-0.5,-2.91891891891892,-0.323867453226871,-0.229061120372005,-0.0195659934611267,-0.60550366622873
"J1902 J5304",0.0117647058823529,"J1902","J5304","naive","naive","naive naive","naive naive","J1902 J5304",0.0204081632653061,0,-0.0086434573829532,"same","naive",-0.0125943679231766,108,29,86,42,"old",0,"naive naive_0",-0.5,-0.366310160427808,-0.248069775821609,-0.229061120372005,-0.125943679231766,-0.362122386443458
"J1902 J5314",0.025974025974026,"J1902","J5314","naive","naive","naive naive","naive naive","J1902 J5314",0.0108695652173913,0,0.0151044607566347,"same","naive",0.00511995763674783,108,16,86,22,"old",0,"naive naive_0",-0.5,-0.366310160427808,-0.248069775821609,-0.229061120372005,0.0511995763674783,-0.59200085518992
"J1902 J5476",0.0288461538461538,"J1902","J5476","naive","naive","naive naive","naive naive","J1902 J5476",0.024390243902439,0,0.0044559099437148,"same","naive",0.00302384463243773,108,48,86,66,"old",0,"naive naive_0",-0.5,-0.366310160427808,-0.248069775821609,-0.229061120372005,0.0302384463243773,-0.266154971243573
"J1902 J5645",0.0261437908496732,"J1902","J5645","naive","naive","naive naive","naive naive","J1902 J5645",0.0235294117647059,1,0.0026143790849673,"same","naive",0.000637798702138627,108,144,86,161,"old",1,"naive naive_1",0.5,0.633689839572192,0.429142604888476,-0.0551497474526229,0.00637798702138627,-0.286900868352959
"J1914 J4126",0.00909090909090909,"J1914","J4126","naive","naive","naive naive","naive naive","J1914 J4126",0.0113636363636364,0,-0.00227272727272731,"same","naive",-0.0119447081554011,2,193,2,213,"old",0,"naive naive_0",-0.5,-0.366310160427808,-0.248069775821609,-0.229061120372005,-0.119447081554011,-0.580093830910239
"J1914 J4214",0.0131578947368421,"J1914","J4214","naive","naive","naive naive","naive naive","J1914 J4214",0.021978021978022,0,-0.0088201272411799,"same","naive",-0.0117780314892225,2,167,2,134,"old",0,"naive naive_0",-0.5,-0.366310160427808,-0.248069775821609,-0.229061120372005,-0.117780314892225,-0.324289078528118
"J1962 J3715",0.0217391304347826,"J1962","J3715","naive","naive","naive naive","naive naive","J1962 J3715",0.0416666666666667,0,-0.0199275362318841,"same","naive",-0.010431486565493,63,54,3,86,"old",0,"naive naive_0",-0.5,-0.366310160427808,-0.248069775821609,-0.229061120372005,-0.10431486565493,0.150203658243426
"J1962 J4728",0.0625,"J1962","J4728","naive","naive","naive naive","naive naive","J1962 J4728",0.08,0,-0.0175,"same","naive",0.0162436083109581,63,114,3,21,"old",0,"naive naive_0",-0.5,-0.366310160427808,-0.248069775821609,-0.229061120372005,0.162436083109581,1.07402998202281
"J1964 J2375",0.0238095238095238,"J1964","J2375","naive","naive","naive naive","naive naive","J1964 J2375",0.0796019900497512,0,-0.0557924662402274,"same","naive",-0.0223006171364809,254,368,12,95,"old",0,"naive naive_0",-0.5,-0.366310160427808,-0.248069775821609,-0.229061120372005,-0.223006171364809,1.06443801500109
"J1964 J6000",0.0333333333333333,"J1964","J6000","naive","naive","naive naive","naive naive","J1964 J6000",0.03125,0,0.0020833333333333,"same","naive",0.00499037249848328,254,72,12,67,"old",0,"naive naive_0",-0.5,-0.366310160427808,-0.248069775821609,-0.229061120372005,0.0499037249848328,-0.100836103653147
"J1973 J3716",0.142857142857143,"J1973","J3716","naive","naive","naive naive","naive naive","J1973 J3716",0.0625,2,0.080357142857143,"same","naive",0.103031213526016,28,49,1,10,"old",1,"naive naive_1",0.5,1.63368983957219,1.10635498559856,0.118761625466759,1.03031213526016,0.652283182036571
"J2039 J6017",0.0769230769230769,"J2039","J6017","naive","naive","naive naive","naive naive","J2039 J6017",0.0142857142857143,1,0.0626373626373626,"same","naive",0.0548137275576343,21,157,10,24,"old",1,"naive naive_1",0.5,0.633689839572192,0.429142604888476,-0.0551497474526229,0.548137275576343,-0.509672287313279
"J2039 J664",0.0136054421768707,"J2039","J664","naive","knowledge","naive knowledge","knowledge naive","J2039 J664",0.00833333333333333,10,0.00527210884353737,"different","knowledge",-0.00631667509404297,21,512,10,366,"old",1,"knowledge naive_1",0.5,7.08108108108108,0.785678451346669,1.51005260882182,-0.0631667509404297,-0.653123579825607
"J2124 J2196",0.0327868852459016,"J2124","J2196","naive","naive","naive naive","naive naive","J2124 J2196",0.0176991150442478,0,0.0150877702016538,"same","naive",0.00942326473244596,100,91,100,105,"old",0,"naive naive_0",-0.5,-0.366310160427808,-0.248069775821609,-0.229061120372005,0.0942326473244595,-0.427409953200015
"J2124 J2392",0.025974025974026,"J2124","J2392","naive","naive","naive naive","naive naive","J2124 J2392",0.0263157894736842,1.5,-0.000341763499658199,"same","naive",-0.0005558345719382,100,199,100,236,"old",1,"naive naive_1",0.5,1.13368983957219,0.767748795243519,0.0318059390070683,-0.005558345719382,-0.219749675077839
"J2124 J2540",0.0266666666666667,"J2124","J2540","naive","knowledge","naive knowledge","knowledge naive","J2124 J2540",0.00769230769230769,0,0.018974358974359,"different","knowledge",0.00698009746747153,100,112,100,26,"old",0,"knowledge naive_0",-0.5,-2.91891891891892,-0.323867453226871,-0.229061120372005,0.0698009746747153,-0.668572180557704
"J2124 J2801",0.0384615384615385,"J2124","J2801","naive","naive","naive naive","naive naive","J2124 J2801",0.0442176870748299,0,-0.0057561486132914,"same","naive",0.00535353627789334,100,382,100,147,"old",0,"naive naive_0",-0.5,-0.366310160427808,-0.248069775821609,-0.229061120372005,0.0535353627789334,0.211682783605851
"J2124 J3096",0.0194805194805195,"J2124","J3096","naive","naive","naive naive","naive naive","J2124 J3096",0.03,0,-0.0105194805194805,"same","naive",-0.00840312261447945,100,360,100,194,"old",0,"naive naive_0",-0.5,-0.366310160427808,-0.248069775821609,-0.229061120372005,-0.0840312261447945,-0.130960875080736
"J2124 J3369",0.00769230769230769,"J2124","J3369","naive","naive","naive naive","naive naive","J2124 J3369",0.0162162162162162,0,-0.00852390852390851,"same","naive",-0.0151264142443335,100,363,100,242,"old",0,"naive naive_0",-0.5,-0.366310160427808,-0.248069775821609,-0.229061120372005,-0.151264142443335,-0.463147543795768
"J2124 J3610",0.0546875,"J2124","J3610","naive","naive","naive naive","naive naive","J2124 J3610",0.0352941176470588,0,0.0193933823529412,"same","naive",0.0248585079479847,100,169,100,111,"old",0,"naive naive_0",-0.5,-0.366310160427808,-0.248069775821609,-0.229061120372005,0.248585079479847,-0.00337360785800749
"J2124 J3759",0.0104166666666667,"J2124","J3759","naive","knowledge","naive knowledge","knowledge naive","J2124 J3759",0.0114942528735632,0,-0.0010775862068965,"different","knowledge",-0.0106669462682382,100,55,100,132,"old",0,"knowledge naive_0",-0.5,-2.91891891891892,-0.323867453226871,-0.229061120372005,-0.106669462682382,-0.576945996905268
"J2124 J4046",0.0117647058823529,"J2124","J4046","naive","naive","naive naive","naive naive","J2124 J4046",0.0108695652173913,0,0.000895140664961599,"same","naive",-0.00908936245492527,100,66,100,80,"old",0,"naive naive_0",-0.5,-0.366310160427808,-0.248069775821609,-0.229061120372005,-0.0908936245492527,-0.59200085518992
"J2124 J4151",0.0103092783505155,"J2124","J4151","naive","naive","naive naive","naive naive","J2124 J4151",0.0308641975308642,4,-0.0205549191803487,"same","naive",-0.0178919174411706,100,210,100,56,"old",1,"naive naive_1",0.5,3.63368983957219,2.46077974701873,0.466584371305524,-0.178919174411706,-0.110133872612279
"J2124 J4521",0.00740740740740741,"J2124","J4521","naive","knowledge","naive knowledge","knowledge naive","J2124 J4521",0.032967032967033,0,-0.0255596255596256,"different","knowledge",-0.0215664857624029,100,353,100,172,"old",0,"knowledge naive_0",-0.5,-2.91891891891892,-0.323867453226871,-0.229061120372005,-0.215664857624029,-0.059455923120744
"J2124 J4601",0.0397350993377483,"J2124","J4601","naive","knowledge","naive knowledge","knowledge naive","J2124 J4601",0.0384615384615385,0,0.0012735608762098,"different","knowledge",0.00874222269606515,100,302,100,239,"old",0,"knowledge naive_0",-0.5,-2.91891891891892,-0.323867453226871,-0.229061120372005,0.0874222269606515,0.0729606545829427
"J2124 J4699",0.0247933884297521,"J2124","J4699","naive","naive","naive naive","naive naive","J2124 J4699",0.0291970802919708,0,-0.0044036918622187,"same","naive",-0.00279521681045199,100,175,100,352,"old",0,"naive naive_0",-0.5,-0.366310160427808,-0.248069775821609,-0.229061120372005,-0.0279521681045199,-0.150311093224004
"J2124 J5021",0.0367647058823529,"J2124","J5021","naive","naive","naive naive","naive naive","J2124 J5021",0.0327868852459016,0,0.0039778206364513,"same","naive",0.0078570088919483,100,152,100,127,"old",0,"naive naive_0",-0.5,-0.366310160427808,-0.248069775821609,-0.229061120372005,0.0785700889194829,-0.0637974502585716
"J2124 J5476",0.0510204081632653,"J2124","J5476","naive","naive","naive naive","naive naive","J2124 J5476",0.0606060606060606,2,-0.0095856524427953,"same","naive",0.0118904163167613,100,48,100,66,"old",1,"naive naive_1",0.5,1.63368983957219,1.10635498559856,0.118761625466759,0.118904163167613,0.606639588964467
"J2124 J5645",0.02,"J2124","J5645","naive","naive","naive naive","naive naive","J2124 J5645",0.0337837837837838,0,-0.0137837837837838,"same","naive",-0.00927401233454815,100,144,100,161,"old",0,"naive naive_0",-0.5,-0.366310160427808,-0.248069775821609,-0.229061120372005,-0.0927401233454815,-0.0397723777864127
"J2128 J3369",0.0106382978723404,"J2128","J3369","knowledge","naive","knowledge naive","knowledge naive","J2128 J3369",0.0229007633587786,0,-0.0122624654864382,"different","knowledge",-0.0146366942802982,70,363,36,242,"old",0,"knowledge naive_0",-0.5,-2.91891891891892,-0.323867453226871,-0.229061120372005,-0.146366942802982,-0.302051179982461
"J2128 J3753",0.0256410256410256,"J2128","J3753","knowledge","naive","knowledge naive","knowledge naive","J2128 J3753",0.0714285714285714,15,-0.0457875457875458,"different","knowledge",-0.0174657518318946,70,25,36,31,"old",1,"knowledge naive_1",0.5,12.0810810810811,1.34045140363344,2.37960947341873,-0.174657518318946,0.867460120805061
"J2128 J4044",0.0212765957446809,"J2128","J4044","knowledge","naive","knowledge naive","knowledge naive","J2128 J4044",0.0540540540540541,10,-0.0327774583093732,"different","knowledge",-0.0154458285874522,70,56,36,246,"old",1,"knowledge naive_1",0.5,7.08108108108108,0.785678451346669,1.51005260882182,-0.154458285874522,0.448737429147459
"J2128 J4552",0.021978021978022,"J2128","J4552","knowledge","naive","knowledge naive","knowledge naive","J2128 J4552",0.0588235294117647,0,-0.0368455074337427,"different","knowledge",-0.0164969698829546,70,23,36,182,"old",0,"knowledge naive_0",-0.5,-2.91891891891892,-0.323867453226871,-0.229061120372005,-0.164969698829546,0.563680913131898
"J2128 J4699",0.0114942528735632,"J2128","J4699","knowledge","naive","knowledge naive","knowledge naive","J2128 J4699",0.0116279069767442,0,-0.000133654103181001,"different","knowledge",-0.0096384719287409,70,175,36,352,"old",0,"knowledge naive_0",-0.5,-2.91891891891892,-0.323867453226871,-0.229061120372005,-0.096384719287409,-0.573724957458318
"J2168 J2969",0.0158730158730159,"J2168","J2969","naive","naive","naive naive","naive naive","J2168 J2969",0.0204081632653061,0,-0.0045351473922902,"same","naive",-0.00848605793251358,88,101,134,19,"old",0,"naive naive_0",-0.5,-0.366310160427808,-0.248069775821609,-0.229061120372005,-0.0848605793251357,-0.362122386443458
"J2168 J3715",0.0416666666666667,"J2168","J3715","naive","naive","naive naive","naive naive","J2168 J3715",0.0967741935483871,0,-0.0551075268817204,"same","naive",-0.0107534861765057,88,54,134,86,"old",0,"naive naive_0",-0.5,-0.366310160427808,-0.248069775821609,-0.229061120372005,-0.107534861765057,1.47828497924465
"J2168 J3759",0.0105263157894737,"J2168","J3759","naive","knowledge","naive knowledge","knowledge naive","J2168 J3759",0.0416666666666667,0,-0.031140350877193,"different","knowledge",-0.0216443012108019,88,55,134,132,"old",0,"knowledge naive_0",-0.5,-2.91891891891892,-0.323867453226871,-0.229061120372005,-0.216443012108019,0.150203658243426
"J2168 J4112",0.0153846153846154,"J2168","J4112","naive","naive","naive naive","naive naive","J2168 J4112",0.0333333333333333,0,-0.0179487179487179,"same","naive",-0.0137238766833197,88,47,134,28,"old",0,"naive naive_0",-0.5,-0.366310160427808,-0.248069775821609,-0.229061120372005,-0.137238766833197,-0.0506281512738333
"J2168 J4728",0.0144927536231884,"J2168","J4728","naive","naive","naive naive","naive naive","J2168 J4728",0.0909090909090909,0,-0.0764163372859025,"same","naive",-0.035772237977281,88,114,134,21,"old",0,"naive naive_0",-0.5,-0.366310160427808,-0.248069775821609,-0.229061120372005,-0.35772237977281,1.33693707811813
"J2168 J5309",0.0128205128205128,"J2168","J5309","naive","naive","naive naive","naive naive","J2168 J5309",0.0232558139534884,0,-0.0104353011329756,"same","naive",-0.0125849444455222,88,65,134,36,"old",0,"naive naive_0",-0.5,-0.366310160427808,-0.248069775821609,-0.229061120372005,-0.125849444455222,-0.293494525573772
"J2168 J5519",0.0105263157894737,"J2168","J5519","naive","naive","naive naive","naive naive","J2168 J5519",0.0178571428571429,0,-0.0073308270676692,"same","naive",-0.0128953728326863,88,103,134,154,"old",0,"naive naive_0",-0.5,-0.366310160427808,-0.248069775821609,-0.229061120372005,-0.128953728326863,-0.423601511805882
"J2168 J5568",0.012987012987013,"J2168","J5568","naive","knowledge","naive knowledge","knowledge naive","J2168 J5568",0.037037037037037,0,-0.024050024050024,"different","knowledge",-0.0174824234952957,88,20,134,59,"old",0,"knowledge naive_0",-0.5,-2.91891891891892,-0.323867453226871,-0.229061120372005,-0.174824234952957,0.038630430733837
"J2168 J664",0.0204081632653061,"J2168","J664","naive","knowledge","naive knowledge","knowledge naive","J2168 J664",0.00740740740740741,39,0.0130007558578987,"different","knowledge",0.000826282097985816,88,512,134,366,"old",1,"knowledge naive_1",0.5,36.0810810810811,4.00336157460994,6.55348242348391,0.00826282097985816,-0.675438225327524
"J2196 J2392",0.0240963855421687,"J2196","J2392","naive","naive","naive naive","naive naive","J2196 J2392",0.021978021978022,1,0.0021183635641467,"same","naive",-0.000839540683895892,91,199,105,236,"old",1,"naive naive_1",0.5,0.633689839572192,0.429142604888476,-0.0551497474526229,-0.00839540683895892,-0.324289078528118
"J2196 J2540",0.0348837209302326,"J2196","J2540","naive","knowledge","naive knowledge","knowledge naive","J2196 J2540",0.00826446280991736,0,0.0266192581203152,"different","knowledge",0.0149869104769416,91,112,105,26,"old",0,"knowledge naive_0",-0.5,-2.91891891891892,-0.323867453226871,-0.229061120372005,0.149869104769416,-0.65478334684641
"J2196 J2801",0.0116279069767442,"J2196","J2801","naive","naive","naive naive","naive naive","J2196 J2801",0.0311418685121107,3,-0.0195139615353665,"same","naive",-0.0166753204031014,91,382,105,147,"old",1,"naive naive_1",0.5,2.63368983957219,1.78356736630865,0.292672998386142,-0.166753204031014,-0.103442052738579
"J2196 J3096",0.0180722891566265,"J2196","J3096","naive","naive","naive naive","naive naive","J2196 J3096",0.0135135135135135,0,0.004558775643113,"same","naive",-0.00375331118033666,91,360,105,194,"old",0,"naive naive_0",-0.5,-0.366310160427808,-0.248069775821609,-0.229061120372005,-0.0375331118033666,-0.528282184720284
"J2196 J3369",0.036231884057971,"J2196","J3369","naive","naive","naive naive","naive naive","J2196 J3369",0.0228571428571429,0,0.0133747412008281,"same","naive",0.0109729204764067,91,363,105,242,"old",0,"naive naive_0",-0.5,-0.366310160427808,-0.248069775821609,-0.229061120372005,0.109729204764067,-0.303102426095527
"J2196 J3610",0.0137931034482759,"J2196","J3610","naive","naive","naive naive","naive naive","J2196 J3610",0.0245398773006135,0,-0.0107467738523376,"same","naive",-0.0120841893045515,91,169,105,111,"old",0,"naive naive_0",-0.5,-0.366310160427808,-0.248069775821609,-0.229061120372005,-0.120841893045515,-0.262548833709221
"J2196 J4046",0.0103092783505155,"J2196","J4046","naive","naive","naive naive","naive naive","J2196 J4046",0.0632911392405063,0,-0.0529818608899908,"same","naive",-0.0298073590438082,91,66,105,80,"old",0,"naive naive_0",-0.5,-0.366310160427808,-0.248069775821609,-0.229061120372005,-0.298073590438082,0.67134949306669
"J2196 J4151",0.0679611650485437,"J2196","J4151","naive","naive","naive naive","naive naive","J2196 J4151",0.0463576158940397,9,0.021603549154504,"same","naive",0.0340668353380102,91,210,105,56,"old",1,"naive naive_1",0.5,8.63368983957219,5.84684165056915,1.33614123590244,0.340668353380102,0.263254676845855
"J2196 J4521",0.0136986301369863,"J2196","J4521","naive","knowledge","naive knowledge","knowledge naive","J2196 J4521",0.0340909090909091,1,-0.0203922789539228,"different","knowledge",-0.015688236924798,91,353,105,172,"old",1,"knowledge naive_1",0.5,-1.91891891891892,-0.212912862769517,-0.0551497474526229,-0.15688236924798,-0.0323707140449905
"J2196 J4552",0.0217391304347826,"J2196","J4552","naive","naive","naive naive","naive naive","J2196 J4552",0.0161290322580645,0,0.0056100981767181,"same","naive",-0.00104755532122378,91,23,105,182,"old",0,"naive naive_0",-0.5,-0.366310160427808,-0.248069775821609,-0.229061120372005,-0.0104755532122378,-0.465248661244946
"J2196 J4601",0.0180722891566265,"J2196","J4601","naive","knowledge","naive knowledge","knowledge naive","J2196 J4601",0.0249110320284698,2,-0.0068387428718433,"different","knowledge",-0.00794138625371187,91,302,105,239,"old",1,"knowledge naive_1",0.5,-0.918918918918919,-0.101958272312163,0.118761625466759,-0.0794138625371187,-0.253604072636469
"J2196 J4699",0.0149253731343284,"J2196","J4699","naive","naive","naive naive","naive naive","J2196 J4699",0.0393700787401575,0,-0.0244447056058291,"same","naive",-0.0164013511680581,91,175,105,352,"old",0,"naive naive_0",-0.5,-0.366310160427808,-0.248069775821609,-0.229061120372005,-0.164013511680581,0.0948563091638669
"J2196 J4962",0.00813008130081301,"J2196","J4962","naive","naive","naive naive","naive naive","J2196 J4962",0.027027027027027,0,-0.018896945726214,"same","naive",-0.0186611270345401,91,85,105,124,"old",0,"naive naive_0",-0.5,-0.366310160427808,-0.248069775821609,-0.229061120372005,-0.186611270345401,-0.202608980097704
"J2196 J5012",0.0114942528735632,"J2196","J5012","naive","naive","naive naive","naive naive","J2196 J5012",0.0277777777777778,0,-0.0162835249042146,"same","naive",-0.0155728225728116,91,199,105,35,"old",0,"naive naive_0",-0.5,-0.366310160427808,-0.248069775821609,-0.229061120372005,-0.155728225728116,-0.184516024285337
"J2196 J5021",0.02,"J2196","J5021","naive","naive","naive naive","naive naive","J2196 J5021",0.0227272727272727,0,-0.0027272727272727,"same","naive",-0.00521124215404724,91,152,105,127,"old",0,"naive naive_0",-0.5,-0.366310160427808,-0.248069775821609,-0.229061120372005,-0.0521124215404724,-0.306232272477616
"J2196 J5053",0.00892857142857143,"J2196","J5053","naive","knowledge","naive knowledge","knowledge naive","J2196 J5053",0.0163934426229508,0,-0.00746487119437937,"different","knowledge",-0.0139552732359175,91,36,105,168,"old",0,"knowledge naive_0",-0.5,-2.91891891891892,-0.323867453226871,-0.229061120372005,-0.139552732359175,-0.458876419800718
"J2196 J5476",0.0176991150442478,"J2196","J5476","naive","naive","naive naive","naive naive","J2196 J5476",0.0434782608695652,0,-0.0257791458253174,"same","naive",-0.0151371812891453,91,48,105,66,"old",0,"naive naive_0",-0.5,-0.366310160427808,-0.248069775821609,-0.229061120372005,-0.151371812891453,0.193862747268916
"J2196 J5645",0.0122699386503067,"J2196","J5645","naive","naive","naive naive","naive naive","J2196 J5645",0.0285714285714286,0,-0.0163014899211219,"same","naive",-0.0150887677420053,91,144,105,161,"old",0,"naive naive_0",-0.5,-0.366310160427808,-0.248069775821609,-0.229061120372005,-0.150887677420053,-0.165389185283694
"J2375 J2403",0.0138888888888889,"J2375","J2403","naive","naive","naive naive","naive naive","J2375 J2403",0.0306748466257669,0,-0.016785957736878,"same","naive",-0.014242728967502,368,36,95,61,"old",0,"naive naive_0",-0.5,-0.366310160427808,-0.248069775821609,-0.229061120372005,-0.14242728967502,-0.11469719480081
"J2375 J2728",0.0352941176470588,"J2375","J2728","naive","naive","naive naive","naive naive","J2375 J2728",0.0251572327044025,0,0.0101368849426563,"same","naive",0.00918997456934452,368,37,95,90,"old",0,"naive naive_0",-0.5,-0.366310160427808,-0.248069775821609,-0.229061120372005,0.0918997456934452,-0.247670681366237
"J2375 J3467",0.0217391304347826,"J2375","J3467","naive","naive","naive naive","naive naive","J2375 J3467",0.050761421319797,0,-0.0290222908850144,"same","naive",-0.0137733995627174,368,140,95,80,"old",0,"naive naive_0",-0.5,-0.366310160427808,-0.248069775821609,-0.229061120372005,-0.137733995627174,0.369385582335866
"J2375 J3472",0.0119047619047619,"J2375","J3472","naive","naive","naive naive","naive naive","J2375 J3472",0.0143884892086331,0,-0.0024837273038712,"same","naive",-0.0102423526191474,368,7,95,78,"old",0,"naive naive_0",-0.5,-0.366310160427808,-0.248069775821609,-0.229061120372005,-0.102423526191474,-0.507195430464146
"J2375 J4044",0.0193548387096774,"J2375","J4044","naive","naive","naive naive","naive naive","J2375 J4044",0.00602409638554217,0,0.0133307423241352,"same","naive",0.000281262082665311,368,56,95,246,"old",0,"naive naive_0",-0.5,-0.366310160427808,-0.248069775821609,-0.229061120372005,0.00281262082665311,-0.708775768005088
"J2375 J4109",0.0303030303030303,"J2375","J4109","naive","naive","naive naive","naive naive","J2375 J4109",0.0676328502415459,0,-0.0373298199385156,"same","naive",-0.0114089904719295,368,187,95,145,"old",0,"naive naive_0",-0.5,-0.366310160427808,-0.248069775821609,-0.229061120372005,-0.114089904719295,0.775983934275462
"J2375 J4111",0.0277777777777778,"J2375","J4111","naive","naive","naive naive","naive naive","J2375 J4111",0.0863309352517986,0,-0.0585531574740208,"same","naive",-0.020804947672812,368,394,95,153,"old",0,"naive naive_0",-0.5,-0.366310160427808,-0.248069775821609,-0.229061120372005,-0.20804947672812,1.22660436392945
"J2375 J4126",0.0211267605633803,"J2375","J4126","naive","naive","naive naive","naive naive","J2375 J4126",0.0772946859903382,0,-0.0561679254269579,"same","naive",-0.0241355499882061,368,193,95,213,"old",0,"naive naive_0",-0.5,-0.366310160427808,-0.248069775821609,-0.229061120372005,-0.241355499882061,1.00883240907808
"J2375 J4954",0.0169491525423729,"J2375","J4954","naive","naive","naive naive","naive naive","J2375 J4954",0.0184049079754601,0,-0.0014557554330872,"same","naive",-0.00667381510689093,368,44,95,113,"old",0,"naive naive_0",-0.5,-0.366310160427808,-0.248069775821609,-0.229061120372005,-0.0667381510689093,-0.410400472617633
"J2375 J5566",0.0277777777777778,"J2375","J5566","naive","naive","naive naive","naive naive","J2375 J5566",0.00675675675675676,0,0.021021021021021,"same","naive",0.00843498144000963,368,43,95,9,"old",0,"naive naive_0",-0.5,-0.366310160427808,-0.248069775821609,-0.229061120372005,0.0843498144000963,-0.691118787031574
"J2375 J5607",0.0153846153846154,"J2375","J5607","naive","naive","naive naive","naive naive","J2375 J5607",0.0124223602484472,0,0.0029622551361682,"same","naive",-0.00604003523819205,368,96,95,64,"old",0,"naive naive_0",-0.5,-0.366310160427808,-0.248069775821609,-0.229061120372005,-0.0604003523819205,-0.554578778882356
"J2375 J6017",0.0232558139534884,"J2375","J6017","naive","naive","naive naive","naive naive","J2375 J6017",0.0760869565217391,0,-0.0528311425682507,"same","naive",-0.0215627103760197,368,157,95,24,"old",0,"naive naive_0",-0.5,-0.366310160427808,-0.248069775821609,-0.229061120372005,-0.215627103760197,0.979726349727752
"J2375 J664",0.0112994350282486,"J2375","J664","naive","knowledge","naive knowledge","knowledge naive","J2375 J664",0.0247933884297521,0,-0.0134939534015035,"different","knowledge",-0.0146710116544781,368,512,95,366,"old",0,"knowledge naive_0",-0.5,-2.91891891891892,-0.323867453226871,-0.229061120372005,-0.146710116544781,-0.256439261853501
"J2392 J2540",0.0254237288135593,"J2392","J2540","naive","knowledge","naive knowledge","knowledge naive","J2392 J2540",0.00497512437810945,0,0.0204486044354498,"different","knowledge",0.00673560218702165,199,112,236,26,"old",0,"knowledge naive_0",-0.5,-2.91891891891892,-0.323867453226871,-0.229061120372005,0.0673560218702165,-0.734055801571367
"J2392 J2801",0.0564102564102564,"J2392","J2801","naive","naive","naive naive","naive naive","J2392 J2801",0.0647887323943662,0,-0.0083784759841098,"same","naive",0.0157433209357402,199,382,236,147,"old",0,"naive naive_0",-0.5,-0.366310160427808,-0.248069775821609,-0.229061120372005,0.157433209357402,0.70744121422793
"J2392 J3096",0.0414507772020725,"J2392","J3096","naive","naive","naive naive","naive naive","J2392 J3096",0.046831955922865,0,-0.0053811787207925,"same","naive",0.00738214888009822,199,360,236,194,"old",0,"naive naive_0",-0.5,-0.366310160427808,-0.248069775821609,-0.229061120372005,0.0738214888009822,0.274686184803709
"J2392 J3610",0.0228571428571429,"J2392","J3610","naive","naive","naive naive","naive naive","J2392 J3610",0.0466101694915254,0,-0.0237530266343825,"same","naive",-0.0111299889335042,199,169,236,111,"old",0,"naive naive_0",-0.5,-0.366310160427808,-0.248069775821609,-0.229061120372005,-0.111299889335042,0.269341172363832
"J2392 J4044",0.00448430493273543,"J2392","J4044","naive","naive","naive naive","naive naive","J2392 J4044",0.00613496932515337,3,-0.00165066439241794,"same","naive",-0.0146300125094013,199,56,236,246,"old",1,"naive naive_1",0.5,2.63368983957219,1.78356736630865,0.292672998386142,-0.146300125094013,-0.706103750434454
"J2392 J4046",0.0236220472440945,"J2392","J4046","naive","naive","naive naive","naive naive","J2392 J4046",0.0186335403726708,0,0.0049885068714237,"same","naive",-8.49325208300881e-05,199,66,236,80,"old",0,"naive naive_0",-0.5,-0.366310160427808,-0.248069775821609,-0.229061120372005,-0.000849325208300881,-0.404890473652101
"J2392 J4151",0.0142857142857143,"J2392","J4151","naive","naive","naive naive","naive naive","J2392 J4151",0.0720720720720721,6.5,-0.0577863577863578,"same","naive",-0.0290575207109388,199,210,236,56,"old",1,"naive naive_1",0.5,6.13368983957219,4.15381069879394,0.90136280360398,-0.290575207109388,0.882968368644233
"J2392 J4304",0.0148148148148148,"J2392","J4304","naive","knowledge","naive knowledge","knowledge naive","J2392 J4304",0.00735294117647059,26,0.00746187363834421,"different","knowledge",-0.00474705246405881,199,160,236,65,"old",1,"knowledge naive_1",0.5,23.0810810810811,2.56095189866433,4.29263457553194,-0.0474705246405881,-0.676750851533519
"J2392 J4345",0.00884955752212389,"J2392","J4345","naive","naive","naive naive","naive naive","J2392 J4345",0.0144927536231884,0,-0.00564319610106451,"same","naive",-0.0133358694813893,199,6,236,22,"old",0,"naive naive_0",-0.5,-0.366310160427808,-0.248069775821609,-0.229061120372005,-0.133358694813893,-0.504682677138938
"J2392 J4521",0.0714285714285714,"J2392","J4521","naive","knowledge","naive knowledge","knowledge naive","J2392 J4521",0.157377049180328,0,-0.0859484777517566,"different","knowledge",-0.00326040323879275,199,353,236,172,"old",0,"knowledge naive_0",-0.5,-2.91891891891892,-0.323867453226871,-0.229061120372005,-0.0326040323879275,2.93880271826175
"J2392 J4601",0.0414507772020725,"J2392","J4601","naive","knowledge","naive knowledge","knowledge naive","J2392 J4601",0.0544412607449857,0,-0.0129904835429132,"different","knowledge",0.00458607183846687,199,302,236,239,"old",0,"knowledge naive_0",-0.5,-2.91891891891892,-0.323867453226871,-0.229061120372005,0.0458607183846687,0.458069039595097
"J2392 J4699",0.0306748466257669,"J2392","J4699","naive","naive","naive naive","naive naive","J2392 J4699",0.029126213592233,0,0.0015486330335339,"same","naive",0.00311228170813958,199,175,236,352,"old",0,"naive naive_0",-0.5,-0.366310160427808,-0.248069775821609,-0.229061120372005,0.0311228170813958,-0.152018967729147
"J2392 J5021",0.0335195530726257,"J2392","J5021","naive","naive","naive naive","naive naive","J2392 J5021",0.0569105691056911,0,-0.0233910160330654,"same","naive",-0.00425251197461427,199,152,236,127,"old",0,"naive naive_0",-0.5,-0.366310160427808,-0.248069775821609,-0.229061120372005,-0.0425251197461427,0.517578919555484
"J2392 J5304",0.008,"J2392","J5304","naive","naive","naive naive","naive naive","J2392 J5304",0.00671140939597315,0,0.00128859060402685,"same","naive",-0.0113261332236796,199,29,236,42,"old",0,"naive naive_0",-0.5,-0.366310160427808,-0.248069775821609,-0.229061120372005,-0.113261332236796,-0.692211650134335
"J2392 J5314",0.0170940170940171,"J2392","J5314","naive","naive","naive naive","naive naive","J2392 J5314",0.00704225352112676,0,0.0100517635728903,"same","naive",-0.00235368645498466,199,16,236,22,"old",0,"naive naive_0",-0.5,-0.366310160427808,-0.248069775821609,-0.229061120372005,-0.0235368645498466,-0.684238367215604
"J2403 J3467",0.197530864197531,"J2403","J3467","naive","naive","naive naive","naive naive","J2403 J3467",0.170454545454545,0,0.027076318742986,"same","naive",0.118036498242902,36,140,61,80,"old",0,"naive naive_0",-0.5,-0.366310160427808,-0.248069775821609,-0.229061120372005,1.18036498242902,3.25396798714649
"J2403 J3492",0.0120481927710843,"J2403","J3492","naive","naive","naive naive","naive naive","J2403 J3492",0.0625,0,-0.0504518072289157,"same","naive",-0.0277777365600426,36,54,61,68,"old",0,"naive naive_0",-0.5,-0.366310160427808,-0.248069775821609,-0.229061120372005,-0.277777365600426,0.652283182036571
"J2403 J4109",0.053030303030303,"J2403","J4109","naive","naive","naive naive","naive naive","J2403 J4109",0.0263157894736842,0,0.0267145135566188,"same","naive",0.0265004424843388,36,187,61,145,"old",0,"naive naive_0",-0.5,-0.366310160427808,-0.248069775821609,-0.229061120372005,0.265004424843388,-0.219749675077839
"J2403 J4111",0.0342465753424658,"J2403","J4111","naive","naive","naive naive","naive naive","J2403 J4111",0.0366492146596859,0,-0.0024026393172201,"same","naive",0.00391964612867788,36,394,61,153,"old",0,"naive naive_0",-0.5,-0.366310160427808,-0.248069775821609,-0.229061120372005,0.0391964612867788,0.0292839823560723
"J2403 J4126",0.00680272108843537,"J2403","J4126","naive","naive","naive naive","naive naive","J2403 J4126",0.0170940170940171,0,-0.0102912960055817,"same","naive",-0.0163385531626311,36,193,61,213,"old",0,"naive naive_0",-0.5,-0.366310160427808,-0.248069775821609,-0.229061120372005,-0.163385531626311,-0.441992703153617
"J2403 J4214",0.00884955752212389,"J2403","J4214","naive","naive","naive naive","naive naive","J2403 J4214",0.0165289256198347,0,-0.00767936809771081,"same","naive",-0.014084071045885,36,167,61,134,"old",0,"naive naive_0",-0.5,-0.366310160427808,-0.248069775821609,-0.229061120372005,-0.14084071045885,-0.455611304349956
"J2403 J4954",0.00819672131147541,"J2403","J4954","naive","naive","naive naive","naive naive","J2403 J4954",0.0508474576271186,0,-0.0426507363156432,"same","naive",-0.027347423156633,36,44,61,113,"old",0,"naive naive_0",-0.5,-0.366310160427808,-0.248069775821609,-0.229061120372005,-0.27347423156633,0.371459041609895
"J2403 J4962",0.0108695652173913,"J2403","J4962","naive","naive","naive naive","naive naive","J2403 J4962",0.0185185185185185,0,-0.0076489533011272,"same","naive",-0.0127951491930496,36,85,61,124,"old",0,"naive naive_0",-0.5,-0.366310160427808,-0.248069775821609,-0.229061120372005,-0.127951491930496,-0.407662479304514
"J2403 J664",0.00552486187845304,"J2403","J664","naive","knowledge","naive knowledge","knowledge naive","J2403 J664",0.00699300699300699,0,-0.00146814511455395,"different","knowledge",-0.0139047457879583,36,512,61,366,"old",0,"knowledge naive_0",-0.5,-2.91891891891892,-0.323867453226871,-0.229061120372005,-0.139047457879583,-0.685425199538173
"J2540 J2801",0.00806451612903226,"J2540","J2801","knowledge","naive","knowledge naive","knowledge naive","J2540 J2801",0.0228013029315961,0,-0.0147367868025638,"different","knowledge",-0.0171739287931436,112,382,26,147,"old",0,"knowledge naive_0",-0.5,-2.91891891891892,-0.323867453226871,-0.229061120372005,-0.171739287931436,-0.304448158090432
"J2540 J3096",0.0344827586206897,"J2540","J3096","knowledge","naive","knowledge naive","knowledge naive","J2540 J3096",0.0326797385620915,0,0.00180302005859821,"different","knowledge",0.0056144332141146,112,360,26,194,"old",0,"knowledge naive_0",-0.5,-2.91891891891892,-0.323867453226871,-0.229061120372005,0.056144332141146,-0.0663796657457743
"J2540 J3369",0.0217391304347826,"J2540","J3369","knowledge","naive","knowledge naive","knowledge naive","J2540 J3369",0.00515463917525773,0,0.0165844912595249,"different","knowledge",0.00298504019991634,112,363,26,242,"old",0,"knowledge naive_0",-0.5,-2.91891891891892,-0.323867453226871,-0.229061120372005,0.0298504019991634,-0.729729527785798
"J2540 J3610",0.0315789473684211,"J2540","J3610","knowledge","naive","knowledge naive","knowledge naive","J2540 J3610",0.0223463687150838,0,0.0092325786533373,"different","knowledge",0.00650767029508013,112,169,26,111,"old",0,"knowledge naive_0",-0.5,-2.91891891891892,-0.323867453226871,-0.229061120372005,0.0650767029508013,-0.31541198952005
"J2540 J4151",0.0166666666666667,"J2540","J4151","knowledge","naive","knowledge naive","knowledge naive","J2540 J4151",0.0116279069767442,0,0.0050387596899225,"different","knowledge",-0.0044660581356374,112,210,26,56,"old",0,"knowledge naive_0",-0.5,-2.91891891891892,-0.323867453226871,-0.229061120372005,-0.044660581356374,-0.573724957458318
"J2540 J4521",0.0102040816326531,"J2540","J4521","knowledge","knowledge","knowledge knowledge","knowledge knowledge","J2540 J4521",0.0212014134275618,0,-0.0109973317949087,"same","knowledge",-0.0144464759048075,112,353,26,172,"old",0,"knowledge knowledge_0",-0.5,-2.91891891891892,-0.323867453226871,-0.229061120372005,-0.144464759048075,-0.343005202585177
"J2540 J4601",0.0169491525423729,"J2540","J4601","knowledge","knowledge","knowledge knowledge","knowledge knowledge","J2540 J4601",0.00996677740863787,0,0.00698237513373503,"same","knowledge",-0.00357318190796964,112,302,26,239,"old",0,"knowledge knowledge_0",-0.5,-2.91891891891892,-0.323867453226871,-0.229061120372005,-0.0357318190796964,-0.613757876298968
"J2540 J5021",0.00970873786407767,"J2540","J5021","knowledge","naive","knowledge naive","knowledge naive","J2540 J5021",0.0208333333333333,0,-0.0111245954692556,"different","knowledge",-0.0148065668053467,112,152,26,127,"old",0,"knowledge naive_0",-0.5,-2.91891891891892,-0.323867453226871,-0.229061120372005,-0.148065668053467,-0.35187586554972
"J2540 J5304",0.0465116279069767,"J2540","J5304","knowledge","naive","knowledge naive","knowledge naive","J2540 J5304",0.0117647058823529,0,0.0347469220246238,"different","knowledge",0.0253286356639228,112,29,26,42,"old",0,"knowledge naive_0",-0.5,-2.91891891891892,-0.323867453226871,-0.229061120372005,0.253286356639228,-0.570428128847913
"J2540 J5476",0.0153846153846154,"J2540","J5476","knowledge","naive","knowledge naive","knowledge naive","J2540 J5476",0.0181818181818182,0,-0.0027972027972028,"different","knowledge",-0.00815637680633704,112,48,26,66,"old",0,"knowledge naive_0",-0.5,-2.91891891891892,-0.323867453226871,-0.229061120372005,-0.0815637680633704,-0.415776895850665
"J2540 J5645",0.00869565217391304,"J2540","J5645","knowledge","naive","knowledge naive","knowledge naive","J2540 J5645",0.00628930817610063,0,0.00240634399781241,"different","knowledge",-0.0104753778494454,112,144,26,161,"old",0,"knowledge naive_0",-0.5,-2.91891891891892,-0.323867453226871,-0.229061120372005,-0.104753778494454,-0.702384212348708
"J2542 J5222",0.0232558139534884,"J2542","J5222","knowledge","naive","knowledge naive","knowledge naive","J2542 J5222",0.0833333333333333,0,-0.0600775193798449,"different","knowledge",-0.0242254277084897,33,44,73,33,"old",0,"knowledge naive_0",-0.5,-2.91891891891892,-0.323867453226871,-0.229061120372005,-0.242254277084897,1.15436270582972
"J2542 J5595",0.0294117647058824,"J2542","J5595","knowledge","naive","knowledge naive","knowledge naive","J2542 J5595",0.0833333333333333,0,-0.0539215686274509,"different","knowledge",-0.0180694769560957,33,27,73,100,"old",0,"knowledge naive_0",-0.5,-2.91891891891892,-0.323867453226871,-0.229061120372005,-0.180694769560957,1.15436270582972
"J2650 J2728",0.0128205128205128,"J2650","J2728","naive","naive","naive naive","naive naive","J2650 J2728",0.0526315789473684,0,-0.0398110661268556,"same","naive",-0.0233792159328424,21,37,51,90,"old",0,"naive naive_0",-0.5,-0.366310160427808,-0.248069775821609,-0.229061120372005,-0.233792159328424,0.414456039187186
"J2650 J3467",0.0240963855421687,"J2650","J3467","naive","naive","naive naive","naive naive","J2650 J3467",0.0120481927710843,0,0.0120481927710844,"same","naive",0.00280922462671772,21,140,51,80,"old",0,"naive naive_0",-0.5,-0.366310160427808,-0.248069775821609,-0.229061120372005,0.0280922462671772,-0.563596146667312
"J2650 J4109",0.040983606557377,"J2650","J4109","naive","naive","naive naive","naive naive","J2650 J4109",0.0103092783505155,0,0.0306743282068615,"same","naive",0.0203354184262176,21,187,51,145,"old",0,"naive naive_0",-0.5,-0.366310160427808,-0.248069775821609,-0.229061120372005,0.203354184262176,-0.60550366622873
"J2650 J4111",0.0296296296296296,"J2650","J4111","naive","naive","naive naive","naive naive","J2650 J4111",0.0228571428571429,0,0.0067724867724867,"same","naive",0.00437066604806534,21,394,51,153,"old",0,"naive naive_0",-0.5,-0.366310160427808,-0.248069775821609,-0.229061120372005,0.0437066604806534,-0.303102426095527
"J2650 J4126",0.00740740740740741,"J2650","J4126","naive","naive","naive naive","naive naive","J2650 J4126",0.0101010101010101,0,-0.00269360269360269,"same","naive",-0.0131642515158209,21,193,51,213,"old",0,"naive naive_0",-0.5,-0.366310160427808,-0.248069775821609,-0.229061120372005,-0.131642515158209,-0.610522892958309
"J2650 J4954",0.0373831775700935,"J2650","J4954","naive","naive","naive naive","naive naive","J2650 J4954",0.0487804878048781,0,-0.0113973102347846,"same","naive",0.0025985514812345,21,44,51,113,"old",0,"naive naive_0",-0.5,-0.366310160427808,-0.248069775821609,-0.229061120372005,0.025985514812345,0.32164544685572
"J2728 J4044",0.0352941176470588,"J2728","J4044","naive","naive","naive naive","naive naive","J2728 J4044",0.0175438596491228,0,0.017750257997936,"same","naive",0.0119875465035583,37,56,90,246,"old",0,"naive naive_0",-0.5,-0.366310160427808,-0.248069775821609,-0.229061120372005,0.119875465035583,-0.431151579832848
"J2728 J4109",0.0335570469798658,"J2728","J4109","naive","naive","naive naive","naive naive","J2728 J4109",0.0181818181818182,0,0.0153752287980476,"same","naive",0.0100160547889134,37,187,90,145,"old",0,"naive naive_0",-0.5,-0.366310160427808,-0.248069775821609,-0.229061120372005,0.100160547889134,-0.415776895850665
"J2728 J4111",0.0246913580246914,"J2728","J4111","naive","naive","naive naive","naive naive","J2728 J4111",0.0265957446808511,0,-0.0019043866561597,"same","naive",-0.00194137345964932,37,394,90,153,"old",0,"naive naive_0",-0.5,-0.366310160427808,-0.248069775821609,-0.229061120372005,-0.0194137345964932,-0.213002805777147
"J2728 J4126",0.0124223602484472,"J2728","J4126","naive","naive","naive naive","naive naive","J2728 J4126",0.00884955752212389,0,0.00357280272632331,"same","naive",-0.00768944617756721,37,193,90,213,"old",0,"naive naive_0",-0.5,-0.366310160427808,-0.248069775821609,-0.229061120372005,-0.0768944617756721,-0.64068267127144
"J2728 J4214",0.0238095238095238,"J2728","J4214","naive","naive","naive naive","naive naive","J2728 J4214",0.00854700854700855,0,0.0152625152625153,"same","naive",0.00380889051470396,37,167,90,134,"old",0,"naive naive_0",-0.5,-0.366310160427808,-0.248069775821609,-0.229061120372005,0.0380889051470396,-0.647974046248241
"J2728 J4954",0.0222222222222222,"J2728","J4954","naive","naive","naive naive","naive naive","J2728 J4954",0.0178571428571429,0,0.0043650793650793,"same","naive",-0.00119946639993776,37,44,90,113,"old",0,"naive naive_0",-0.5,-0.366310160427808,-0.248069775821609,-0.229061120372005,-0.0119946639993776,-0.423601511805882
"J2728 J5657A",0.0218978102189781,"J2728","J5657A","naive","naive","naive naive","naive naive","J2728 J5657A",0.0689655172413793,0,-0.0470677070224012,"same","naive",-0.0203039056975853,37,8,90,172,"old",0,"naive naive_0",-0.5,-0.366310160427808,-0.248069775821609,-0.229061120372005,-0.203039056975853,0.808100965282719
"J2728 J6017",0.0163934426229508,"J2728","J6017","naive","naive","naive naive","naive naive","J2728 J6017",0.0348837209302326,0,-0.0184902783072818,"same","naive",-0.0132847471068152,37,157,90,24,"old",0,"naive naive_0",-0.5,-0.366310160427808,-0.248069775821609,-0.229061120372005,-0.132847471068152,-0.0132640936892253
"J2728 J664",0.0154639175257732,"J2728","J664","naive","knowledge","naive knowledge","knowledge naive","J2728 J664",0.0145985401459854,0,0.000865377379787801,"different","knowledge",-0.00676038126361544,37,512,90,366,"old",0,"knowledge naive_0",-0.5,-2.91891891891892,-0.323867453226871,-0.229061120372005,-0.0676038126361544,-0.502133241283435
"J2801 J3096",0.120218579234973,"J2801","J3096","naive","naive","naive naive","naive naive","J2801 J3096",0.128440366972477,6.5,-0.00822178773750398,"same","naive",0.0561625328933537,382,360,147,194,"old",1,"naive naive_1",0.5,6.13368983957219,4.15381069879394,0.90136280360398,0.561625328933537,2.24143396835432
"J2801 J3369",0.0170454545454545,"J2801","J3369","naive","naive","naive naive","naive naive","J2801 J3369",0.0305555555555556,0,-0.0135101010101011,"same","naive",-0.0110423292117005,382,363,147,242,"old",0,"naive naive_0",-0.5,-0.366310160427808,-0.248069775821609,-0.229061120372005,-0.110423292117005,-0.117572087779584
"J2801 J3610",0.0338983050847458,"J2801","J3610","naive","naive","naive naive","naive naive","J2801 J3610",0.0497076023391813,0,-0.0158092972544355,"same","naive",-0.00122699386778821,382,169,147,111,"old",0,"naive naive_0",-0.5,-0.366310160427808,-0.248069775821609,-0.229061120372005,-0.0122699386778821,0.343988737602184
"J2801 J4044",0.00884955752212389,"J2801","J4044","naive","naive","naive naive","naive naive","J2801 J4044",0.0072992700729927,4,0.00155028744913119,"same","naive",-0.010692588041857,382,56,147,246,"old",1,"naive naive_1",0.5,3.63368983957219,2.46077974701873,0.466584371305524,-0.10692588041857,-0.67804431531315
"J2801 J4046",0.0075187969924812,"J2801","J4046","naive","naive","naive naive","naive naive","J2801 J4046",0.0147058823529412,0,-0.00718708536046,"same","naive",-0.0147449452266929,382,66,147,80,"old",0,"naive naive_0",-0.5,-0.366310160427808,-0.248069775821609,-0.229061120372005,-0.147449452266929,-0.499546313724173
"J2801 J4151",0.00689655172413793,"J2801","J4151","naive","naive","naive naive","naive naive","J2801 J4151",0.0542168674698795,1,-0.0473203157457416,"same","naive",-0.0298856992103854,382,210,147,56,"old",1,"naive naive_1",0.5,0.633689839572192,0.429142604888476,-0.0551497474526229,-0.298856992103854,0.452661202697127
"J2801 J4521",0.0165745856353591,"J2801","J4521","naive","knowledge","naive knowledge","knowledge naive","J2801 J4521",0.0915492957746479,0,-0.0749747101392888,"different","knowledge",-0.0339256524387857,382,353,147,172,"old",0,"knowledge naive_0",-0.5,-2.91891891891892,-0.323867453226871,-0.229061120372005,-0.339256524387857,1.35236589831152
"J2801 J4552",0.0290697674418605,"J2801","J4552","naive","naive","naive naive","naive naive","J2801 J4552",0.00393700787401575,2,0.0251327595678447,"same","naive",0.010763101906906,382,23,147,182,"old",1,"naive naive_1",0.5,1.63368983957219,1.10635498559856,0.118761625466759,0.10763101906906,-0.759074219492192
"J2801 J4601",0.0301507537688442,"J2801","J4601","naive","knowledge","naive knowledge","knowledge naive","J2801 J4601",0.0933940774487472,0,-0.063243323679903,"different","knowledge",-0.0210273585403787,382,302,147,239,"old",0,"knowledge naive_0",-0.5,-2.91891891891892,-0.323867453226871,-0.229061120372005,-0.210273585403787,1.39682479932436
"J2801 J4699",0.0424242424242424,"J2801","J4699","naive","naive","naive naive","naive naive","J2801 J4699",0.051948051948052,0,-0.0095238095238096,"same","naive",0.00647567907887133,382,175,147,352,"old",0,"naive naive_0",-0.5,-0.366310160427808,-0.248069775821609,-0.229061120372005,0.0647567907887133,0.397983163491992
"J2801 J4998",0.01875,"J2801","J4998","naive","naive","naive naive","naive naive","J2801 J4998",0.00386100386100386,0,0.0148889961389961,"same","naive",0.000471262519029683,382,43,147,164,"old",0,"naive naive_0",-0.5,-0.366310160427808,-0.248069775821609,-0.229061120372005,0.00471262519029683,-0.760905902307842
"J2801 J5012",0.00813008130081301,"J2801","J5012","naive","naive","naive naive","naive naive","J2801 J5012",0.0691823899371069,4,-0.0610523086362939,"same","naive",-0.0341513255703982,382,199,147,35,"old",1,"naive naive_1",0.5,3.63368983957219,2.46077974701873,0.466584371305524,-0.341513255703982,0.813327557592862
"J2801 J5021",0.0617977528089888,"J2801","J5021","naive","naive","naive naive","naive naive","J2801 J5021",0.0449438202247191,0,0.0168539325842697,"same","naive",0.0284229293746467,382,152,147,127,"old",0,"naive naive_0",-0.5,-0.366310160427808,-0.248069775821609,-0.229061120372005,0.284229293746467,0.229182459738977
"J2801 J5074",0.00657894736842105,"J2801","J5074","naive","knowledge","naive knowledge","knowledge naive","J2801 J5074",0.00389105058365759,0,0.00268789678476346,"different","knowledge",-0.011710830930778,382,40,147,120,"old",0,"knowledge naive_0",-0.5,-2.91891891891892,-0.323867453226871,-0.229061120372005,-0.11710830930778,-0.760181781786168
"J2801 J5089",0.0132450331125828,"J2801","J5089","naive","knowledge","naive knowledge","knowledge naive","J2801 J5089",0.0116731517509728,7,0.00157188136161,"different","knowledge",-0.00790431710786812,382,36,147,95,"old",1,"knowledge naive_1",0.5,4.08108108108108,0.452814679974607,0.988318490063672,-0.0790431710786812,-0.572634566672775
"J2801 J5304",0.0317460317460317,"J2801","J5304","naive","naive","naive naive","naive naive","J2801 J5304",0.0115830115830116,0,0.0201630201630201,"same","naive",0.0106298039802671,382,29,147,42,"old",0,"naive naive_0",-0.5,-0.366310160427808,-0.248069775821609,-0.229061120372005,0.106298039802671,-0.574806928237795
"J2801 J5476",0.0486111111111111,"J2801","J5476","naive","naive","naive naive","naive naive","J2801 J5476",0.0285714285714286,0,0.0200396825396825,"same","naive",0.0212524047187991,382,48,147,66,"old",0,"naive naive_0",-0.5,-0.366310160427808,-0.248069775821609,-0.229061120372005,0.212524047187991,-0.165389185283694
"J2801 J5645",0.0360824742268041,"J2801","J5645","naive","naive","naive naive","naive naive","J2801 J5645",0.0338461538461538,0,0.0022363203806503,"same","naive",0.00678554370149417,382,144,147,161,"old",0,"naive naive_0",-0.5,-0.366310160427808,-0.248069775821609,-0.229061120372005,0.0678554370149417,-0.0382692706881562
"J2801 J664",0.00403225806451613,"J2801","J664","naive","knowledge","naive knowledge","knowledge naive","J2801 J664",0.0258620689655172,4,-0.0218298109010011,"different","knowledge",-0.0223308806158034,382,512,147,366,"old",1,"knowledge naive_1",0.5,1.08108108108108,0.119950908602545,0.466584371305524,-0.223308806158034,-0.230684256358272
"J2941 J3679",0.008,"J2941","J3679","naive","naive","naive naive","naive naive","J2941 J3679",0.0357142857142857,0,-0.0277142857142857,"same","naive",-0.0219833849057467,34,54,95,141,"old",0,"naive naive_0",-0.5,-0.366310160427808,-0.248069775821609,-0.229061120372005,-0.219833849057467,0.00675236573109809
"J2941 J4151",0.0128205128205128,"J2941","J4151","naive","naive","naive naive","naive naive","J2941 J4151",0.00952380952380952,15.5,0.00329670329670328,"same","naive",-0.00753905086930665,34,210,95,56,"old",1,"naive naive_1",0.5,15.1336898395722,10.2487221251847,2.46656515987842,-0.0753905086930665,-0.624433321323141
"J2969 J5519",0.0212765957446809,"J2969","J5519","naive","naive","naive naive","naive naive","J2969 J5519",0.0172413793103448,0,0.0040352164343361,"same","naive",-0.00191882748838984,101,103,19,154,"old",0,"naive naive_0",-0.5,-0.366310160427808,-0.248069775821609,-0.229061120372005,-0.0191882748838984,-0.438441300686469
"J2969 J664",0.0133333333333333,"J2969","J664","naive","knowledge","naive knowledge","knowledge naive","J2969 J664",0.0072992700729927,0,0.0060340632603406,"different","knowledge",-0.00620881223064761,101,512,19,366,"old",0,"knowledge naive_0",-0.5,-2.91891891891892,-0.323867453226871,-0.229061120372005,-0.0620881223064761,-0.67804431531315
"J3096 J3369",0.0545454545454545,"J3096","J3369","naive","naive","naive naive","naive naive","J3096 J3369",0.0219178082191781,0,0.0326276463262764,"same","naive",0.029631654165657,360,363,194,242,"old",0,"naive naive_0",-0.5,-0.366310160427808,-0.248069775821609,-0.229061120372005,0.29631654165657,-0.325740219105692
"J3096 J3610",0.0470588235294118,"J3096","J3610","naive","naive","naive naive","naive naive","J3096 J3610",0.0494186046511628,0,-0.002359781121751,"same","naive",0.0120397182199822,360,169,194,111,"old",0,"naive naive_0",-0.5,-0.366310160427808,-0.248069775821609,-0.229061120372005,0.120397182199822,0.337023946166457
"J3096 J4046",0.015748031496063,"J3096","J4046","naive","naive","naive naive","naive naive","J3096 J4046",0.0109090909090909,0,0.0048389405869721,"same","naive",-0.00512056075393773,360,66,194,80,"old",0,"naive naive_0",-0.5,-0.366310160427808,-0.248069775821609,-0.229061120372005,-0.0512056075393773,-0.591048293247545
"J3096 J4151",0.0217391304347826,"J3096","J4151","naive","naive","naive naive","naive naive","J3096 J4151",0.0634441087613293,0,-0.0417049783265467,"same","naive",-0.0184337163735732,360,210,194,56,"old",0,"naive naive_0",-0.5,-0.366310160427808,-0.248069775821609,-0.229061120372005,-0.184337163735732,0.675036030546834
"J3096 J4521",0.0467836257309941,"J3096","J4521","naive","knowledge","naive knowledge","knowledge naive","J3096 J4521",0.0662100456621005,0,-0.0194264199311064,"different","knowledge",0.00559442160122248,360,353,194,172,"old",0,"knowledge naive_0",-0.5,-2.91891891891892,-0.323867453226871,-0.229061120372005,0.0559442160122248,0.741694604081926
"J3096 J4601",0.0471204188481675,"J3096","J4601","naive","knowledge","naive knowledge","knowledge naive","J3096 J4601",0.0782997762863535,0,-0.031179357438186,"different","knowledge",0.00148878285001922,360,302,194,239,"old",0,"knowledge naive_0",-0.5,-2.91891891891892,-0.323867453226871,-0.229061120372005,0.0148878285001922,1.03305490142332
"J3096 J4699",0.0245398773006135,"J3096","J4699","naive","naive","naive naive","naive naive","J3096 J4699",0.065359477124183,0,-0.0408195998235695,"same","naive",-0.0163367811739635,360,175,194,352,"old",0,"naive naive_0",-0.5,-0.366310160427808,-0.248069775821609,-0.229061120372005,-0.163367811739635,0.721196057851316
"J3096 J5012",0.0347826086956522,"J3096","J5012","naive","naive","naive naive","naive naive","J3096 J5012",0.0458715596330275,0,-0.0110889509373753,"same","naive",0.00106688278456257,360,199,194,35,"old",0,"naive naive_0",-0.5,-0.366310160427808,-0.248069775821609,-0.229061120372005,0.0106688278456257,0.251540809834702
"J3096 J5021",0.0635838150289017,"J3096","J5021","naive","naive","naive naive","naive naive","J3096 J5021",0.0388888888888889,0,0.0246949261400128,"same","naive",0.0324339063394062,360,152,194,127,"old",0,"naive naive_0",-0.5,-0.366310160427808,-0.248069775821609,-0.229061120372005,0.324339063394062,0.0832597217376733
"J3096 J5304",0.0245901639344262,"J3096","J5304","naive","naive","naive naive","naive naive","J3096 J5304",0.00763358778625954,0,0.0169565761481667,"same","naive",0.0049251716578312,360,29,194,42,"old",0,"naive naive_0",-0.5,-0.366310160427808,-0.248069775821609,-0.229061120372005,0.049251716578312,-0.669987319556063
"J3096 J5314",0.0172413793103448,"J3096","J5314","naive","naive","naive naive","naive naive","J3096 J5314",0.00390625,0,0.0133351293103448,"same","naive",-0.00105398409026299,360,16,194,22,"old",0,"naive naive_0",-0.5,-0.366310160427808,-0.248069775821609,-0.229061120372005,-0.0105398409026299,-0.75981547863165
"J3096 J5476",0.0138888888888889,"J3096","J5476","naive","naive","naive naive","naive naive","J3096 J5476",0.0175438596491228,0,-0.0036549707602339,"same","naive",-0.00941768225461162,360,48,194,66,"old",0,"naive naive_0",-0.5,-0.366310160427808,-0.248069775821609,-0.229061120372005,-0.0941768225461162,-0.431151579832848
"J3096 J5559",0.00925925925925926,"J3096","J5559","naive","naive","naive naive","naive naive","J3096 J5559",0.00393700787401575,0,0.00532225138524351,"same","naive",-0.00904740627569526,360,31,194,28,"old",0,"naive naive_0",-0.5,-0.366310160427808,-0.248069775821609,-0.229061120372005,-0.0904740627569526,-0.759074219492192
"J3096 J5645",0.037037037037037,"J3096","J5645","naive","naive","naive naive","naive naive","J3096 J5645",0.0304878048780488,0,0.0065492321589882,"same","naive",0.00897414860453519,360,144,194,161,"old",0,"naive naive_0",-0.5,-0.366310160427808,-0.248069775821609,-0.229061120372005,0.0897414860453519,-0.119204866718749
"J3096 J6014",0.00961538461538462,"J3096","J6014","naive","naive","naive naive","naive naive","J3096 J6014",0.004,0,0.00561538461538462,"same","naive",-0.00871442769071199,360,6,194,8,"old",0,"naive naive_0",-0.5,-0.366310160427808,-0.248069775821609,-0.229061120372005,-0.08714427690712,-0.757556120774581
"J3096 J664",0.00411522633744856,"J3096","J664","naive","knowledge","naive knowledge","knowledge naive","J3096 J664",0.0112676056338028,0,-0.00715237929635424,"different","knowledge",-0.0168851039378103,360,512,194,366,"old",0,"knowledge naive_0",-0.5,-2.91891891891892,-0.323867453226871,-0.229061120372005,-0.168851039378103,-0.582408153939248
"J3369 J3610",0.0133333333333333,"J3369","J3610","naive","naive","naive naive","naive naive","J3369 J3610",0.0169491525423729,0,-0.0036158192090396,"same","naive",-0.00975470971508495,363,169,242,111,"old",0,"naive naive_0",-0.5,-0.366310160427808,-0.248069775821609,-0.229061120372005,-0.0975470971508495,-0.445483912358611
"J3369 J3679",0.051948051948052,"J3369","J3679","naive","naive","naive naive","naive naive","J3369 J3679",0.0547945205479452,0,-0.0028464685998932,"same","naive",0.0149535395064181,363,54,242,141,"old",0,"naive naive_0",-0.5,-0.366310160427808,-0.248069775821609,-0.229061120372005,0.149535395064181,0.466582536250065
"J3369 J3753",0.021978021978022,"J3369","J3753","naive","naive","naive naive","naive naive","J3369 J3753",0.0230769230769231,0,-0.0010989010989011,"same","naive",-0.00336170094241716,363,25,242,31,"old",0,"naive naive_0",-0.5,-0.366310160427808,-0.248069775821609,-0.229061120372005,-0.0336170094241716,-0.29780576298738
"J3369 J3759",0.00884955752212389,"J3369","J3759","naive","knowledge","naive knowledge","knowledge naive","J3369 J3759",0.027027027027027,0,-0.0181774695049031,"different","knowledge",-0.0179416508132293,363,55,242,132,"old",0,"knowledge naive_0",-0.5,-2.91891891891892,-0.323867453226871,-0.229061120372005,-0.179416508132293,-0.202608980097704
"J3369 J4044",0.0207253886010363,"J3369","J4044","naive","naive","naive naive","naive naive","J3369 J4044",0.0397350993377483,0,-0.019009710736712,"same","naive",-0.0107354643420743,363,56,242,246,"old",0,"naive naive_0",-0.5,-0.366310160427808,-0.248069775821609,-0.229061120372005,-0.107354643420743,0.103653238818895
"J3369 J4151",0.036036036036036,"J3369","J4151","naive","naive","naive naive","naive naive","J3369 J4151",0.0131578947368421,0,0.0228781412991939,"same","naive",0.0143411095937673,363,210,242,56,"old",0,"naive naive_0",-0.5,-0.366310160427808,-0.248069775821609,-0.229061120372005,0.143411095937673,-0.536852532210352
"J3369 J4304",0.0377358490566038,"J3369","J4304","naive","knowledge","naive knowledge","knowledge naive","J3369 J4304",0.015625,0,0.0221108490566038,"different","knowledge",0.0151343724698922,363,160,242,65,"old",0,"knowledge naive_0",-0.5,-2.91891891891892,-0.323867453226871,-0.229061120372005,0.151343724698922,-0.477395746498006
"J3369 J4514",0.0227272727272727,"J3369","J4514","naive","knowledge","naive knowledge","knowledge naive","J3369 J4514",0.0150375939849624,0,0.0076896787423103,"different","knowledge",0.00034164141304751,363,53,242,69,"old",0,"knowledge naive_0",-0.5,-2.91891891891892,-0.323867453226871,-0.229061120372005,0.0034164141304751,-0.491552124048565
"J3369 J4521",0.0132450331125828,"J3369","J4521","naive","knowledge","naive knowledge","knowledge naive","J3369 J4521",0.0206489675516224,0,-0.0074039344390396,"different","knowledge",-0.0112025254300199,363,353,242,172,"old",0,"knowledge naive_0",-0.5,-2.91891891891892,-0.323867453226871,-0.229061120372005,-0.112025254300199,-0.356319047176208
"J3369 J4552",0.0579710144927536,"J3369","J4552","naive","naive","naive naive","naive naive","J3369 J4552",0.0149253731343284,0,0.0430456413584252,"same","naive",0.035626619290287,363,23,242,182,"old",0,"naive naive_0",-0.5,-0.366310160427808,-0.248069775821609,-0.229061120372005,0.35626619290287,-0.494256626028372
"J3369 J4601",0.0175438596491228,"J3369","J4601","naive","knowledge","naive knowledge","knowledge naive","J3369 J4601",0.0140449438202247,1,0.0034989158288981,"different","knowledge",-0.00447701740687817,363,302,242,239,"old",1,"knowledge naive_1",0.5,-1.91891891891892,-0.212912862769517,-0.0551497474526229,-0.0447701740687817,-0.51547481150479
"J3369 J4699",0.0143884892086331,"J3369","J4699","naive","naive","naive naive","naive naive","J3369 J4699",0.0353535353535354,0,-0.0209650461449023,"same","naive",-0.0154623361762331,363,175,242,352,"old",0,"naive naive_0",-0.5,-0.366310160427808,-0.248069775821609,-0.229061120372005,-0.154623361762331,-0.00194165199692022
"J3369 J4962",0.015748031496063,"J3369","J4962","naive","naive","naive naive","naive naive","J3369 J4962",0.0347222222222222,0,-0.0189741907261592,"same","naive",-0.0138708147272622,363,85,242,124,"old",0,"naive naive_0",-0.5,-0.366310160427808,-0.248069775821609,-0.229061120372005,-0.138708147272622,-0.0171561830209565
"J3369 J4998",0.0731707317073171,"J3369","J4998","naive","naive","naive naive","naive naive","J3369 J4998",0.00714285714285714,0,0.06602787456446,"same","naive",0.0536860608553092,363,43,242,164,"old",0,"naive naive_0",-0.5,-0.366310160427808,-0.248069775821609,-0.229061120372005,0.536860608553092,-0.681813838328072
"J3369 J5021",0.0128205128205128,"J3369","J5021","naive","naive","naive naive","naive naive","J3369 J5021",0.0160642570281124,0,-0.0032437442075996,"same","naive",-0.00994237095389745,363,152,242,127,"old",0,"naive naive_0",-0.5,-0.366310160427808,-0.248069775821609,-0.229061120372005,-0.0994237095389745,-0.466809732442127
"J3369 J505",0.0459770114942529,"J3369","J505","naive","naive","naive naive","naive naive","J3369 J505",0.0217391304347826,2,0.0242378810594703,"same","naive",0.0211288671582697,363,30,242,39,"old",1,"naive naive_1",0.5,1.63368983957219,1.10635498559856,0.118761625466759,0.211288671582697,-0.330046321036974
"J3369 J5074",0.00826446280991736,"J3369","J5074","naive","knowledge","naive knowledge","knowledge naive","J3369 J5074",0.0220588235294118,0,-0.0137943607194944,"different","knowledge",-0.0167011543495571,363,40,242,120,"old",0,"knowledge naive_0",-0.5,-2.91891891891892,-0.323867453226871,-0.229061120372005,-0.167011543495571,-0.322341775914828
"J3369 J5089",0.0338983050847458,"J3369","J5089","naive","knowledge","naive knowledge","knowledge naive","J3369 J5089",0.00714285714285714,0,0.0267554479418887,"different","knowledge",0.0144136342327379,363,36,242,95,"old",0,"knowledge naive_0",-0.5,-2.91891891891892,-0.323867453226871,-0.229061120372005,0.144136342327379,-0.681813838328072
"J3369 J5477",0.00925925925925926,"J3369","J5477","naive","naive","naive naive","naive naive","J3369 J5477",0.00704225352112676,0,0.0022170057381325,"same","naive",-0.0101884442897425,363,70,242,67,"old",0,"naive naive_0",-0.5,-0.366310160427808,-0.248069775821609,-0.229061120372005,-0.101884442897425,-0.684238367215604
"J3369 J5503",0.0410958904109589,"J3369","J5503","naive","naive","naive naive","naive naive","J3369 J5503",0.0234375,0,0.0176583904109589,"same","naive",0.0156236717001781,363,14,242,156,"old",0,"naive naive_0",-0.5,-0.366310160427808,-0.248069775821609,-0.229061120372005,0.156236717001781,-0.289115925075576
"J3369 J5580",0.0135135135135135,"J3369","J5580","naive","naive","naive naive","naive naive","J3369 J5580",0.0078125,0,0.0057010135135135,"same","naive",-0.00621722094912889,363,13,242,8,"old",0,"naive naive_0",-0.5,-0.366310160427808,-0.248069775821609,-0.229061120372005,-0.0621722094912889,-0.665675567920435
"J3369 J5645",0.0240963855421687,"J3369","J5645","naive","naive","naive naive","naive naive","J3369 J5645",0.028436018957346,0,-0.0043396334151773,"same","naive",-0.00321256391150001,363,144,242,161,"old",0,"naive naive_0",-0.5,-0.366310160427808,-0.248069775821609,-0.229061120372005,-0.0321256391150001,-0.168652532222362
"J3369 J6000",0.0210526315789474,"J3369","J6000","naive","naive","naive naive","naive naive","J3369 J6000",0.00699300699300699,0,0.0140596245859404,"same","naive",0.00162302391253605,363,72,242,67,"old",0,"naive naive_0",-0.5,-0.366310160427808,-0.248069775821609,-0.229061120372005,0.0162302391253605,-0.685425199538173
"J3369 J664",0.013953488372093,"J3369","J664","naive","knowledge","naive knowledge","knowledge naive","J3369 J664",0.043859649122807,0,-0.029906160750714,"different","knowledge",-0.0190229509787985,363,512,242,366,"old",0,"knowledge naive_0",-0.5,-2.91891891891892,-0.323867453226871,-0.229061120372005,-0.190229509787985,0.203054134432177
"J3369 J900",0.012987012987013,"J3369","J900","naive","naive","naive naive","naive naive","J3369 J900",0.0078125,0,0.005174512987013,"same","naive",-0.00674372147562939,363,8,242,24,"old",0,"naive naive_0",-0.5,-0.366310160427808,-0.248069775821609,-0.229061120372005,-0.0674372147562939,-0.665675567920435
"J3467 J3492",0.0294117647058824,"J3467","J3492","naive","naive","naive naive","naive naive","J3467 J3492",0.0588235294117647,0,-0.0294117647058823,"same","naive",-0.00906322715509424,140,54,80,68,"old",0,"naive naive_0",-0.5,-0.366310160427808,-0.248069775821609,-0.229061120372005,-0.0906322715509424,0.563680913131898
"J3467 J3692",0.0149253731343284,"J3467","J3692","naive","naive","naive naive","naive naive","J3467 J3692",0.0140845070422535,0,0.000840866092074899,"same","naive",-0.00711004162510194,140,1,80,14,"old",0,"naive naive_0",-0.5,-0.366310160427808,-0.248069775821609,-0.229061120372005,-0.0711004162510194,-0.514521345088344
"J3467 J4109",0.0596026490066225,"J3467","J4109","naive","naive","naive naive","naive naive","J3467 J4109",0.0758620689655172,0,-0.0162594199588947,"same","naive",0.01486676073226,140,187,80,145,"old",0,"naive naive_0",-0.5,-0.366310160427808,-0.248069775821609,-0.229061120372005,0.1486676073226,0.974306600745277
"J3467 J4111",0.075,"J3467","J4111","naive","naive","naive naive","naive naive","J3467 J4111",0.102325581395349,0,-0.027325581395349,"same","naive",0.0205399619805947,140,394,80,153,"old",0,"naive naive_0",-0.5,-0.366310160427808,-0.248069775821609,-0.229061120372005,0.205399619805947,1.61207241124115
"J3467 J4126",0.05625,"J3467","J4126","naive","naive","naive naive","naive naive","J3467 J4126",0.0604026845637584,0,-0.0041526845637584,"same","naive",0.0171947396954689,140,193,80,213,"old",0,"naive naive_0",-0.5,-0.366310160427808,-0.248069775821609,-0.229061120372005,0.171947396954689,0.601738263533905
"J3467 J4214",0.0384615384615385,"J3467","J4214","naive","naive","naive naive","naive naive","J3467 J4214",0.051948051948052,0,-0.0134865134865135,"same","naive",0.00251297511616743,140,167,80,134,"old",0,"naive naive_0",-0.5,-0.366310160427808,-0.248069775821609,-0.229061120372005,0.0251297511616743,0.397983163491992
"J3467 J4954",0.0434782608695652,"J3467","J4954","naive","naive","naive naive","naive naive","J3467 J4954",0.0860215053763441,0,-0.0425432445067789,"same","naive",-0.00499076302865177,140,44,80,113,"old",0,"naive naive_0",-0.5,-0.366310160427808,-0.248069775821609,-0.229061120372005,-0.0499076302865177,1.2191471605127
"J3467 J4962",0.00884955752212389,"J3467","J4962","naive","naive","naive naive","naive naive","J3467 J4962",0.010752688172043,0,-0.00190313064991911,"same","naive",-0.0119615637614048,140,85,80,124,"old",0,"naive naive_0",-0.5,-0.366310160427808,-0.248069775821609,-0.229061120372005,-0.119615637614048,-0.594817570610919
"J3467 J664",0.015,"J3467","J664","naive","knowledge","naive knowledge","knowledge naive","J3467 J664",0.0110497237569061,0,0.0039502762430939,"different","knowledge",-0.00592026849195284,140,512,80,366,"old",0,"knowledge naive_0",-0.5,-2.91891891891892,-0.323867453226871,-0.229061120372005,-0.0592026849195284,-0.58765906733103
"J3492 J3692",0.0185185185185185,"J3492","J3692","naive","naive","naive naive","naive naive","J3492 J3692",0.0526315789473684,0,-0.0341130604288499,"same","naive",-0.0176812102348367,54,1,68,14,"old",0,"naive naive_0",-0.5,-0.366310160427808,-0.248069775821609,-0.229061120372005,-0.176812102348367,0.414456039187186
"J3492 J4109",0.05,"J3492","J4109","naive","naive","naive naive","naive naive","J3492 J4109",0.0505050505050505,0,-0.000505050505050494,"same","naive",0.0145816747381511,54,187,68,145,"old",0,"naive naive_0",-0.5,-0.366310160427808,-0.248069775821609,-0.229061120372005,0.145816747381511,0.363207092579911
"J3492 J4111",0.0460526315789474,"J3492","J4111","naive","naive","naive naive","naive naive","J3492 J4111",0.0571428571428571,0,-0.0110902255639097,"same","naive",0.00819521113289658,54,394,68,153,"old",0,"naive naive_0",-0.5,-0.366310160427808,-0.248069775821609,-0.229061120372005,0.0819521113289658,0.523177018775475
"J3492 J4126",0.0612244897959184,"J3492","J4126","naive","naive","naive naive","naive naive","J3492 J4126",0.029126213592233,0,0.0320982762036854,"same","naive",0.0336619248782911,54,193,68,213,"old",0,"naive naive_0",-0.5,-0.366310160427808,-0.248069775821609,-0.229061120372005,0.336619248782911,-0.152018967729147
"J3492 J4214",0.0166666666666667,"J3492","J4214","naive","naive","naive naive","naive naive","J3492 J4214",0.00917431192660551,0,0.00749235474006119,"same","naive",-0.00356447238640977,54,167,68,134,"old",0,"naive naive_0",-0.5,-0.366310160427808,-0.248069775821609,-0.229061120372005,-0.0356447238640977,-0.632856149507351
"J3492 J4954",0.0396825396825397,"J3492","J4954","naive","naive","naive naive","naive naive","J3492 J4954",0.0208333333333333,0,0.0188492063492064,"same","naive",0.0151672350131153,54,44,68,113,"old",0,"naive naive_0",-0.5,-0.366310160427808,-0.248069775821609,-0.229061120372005,0.151672350131153,-0.35187586554972
"J3508 J5607",0.0217391304347826,"J3508","J5607","naive","naive","naive naive","naive naive","J3508 J5607",0.0217391304347826,0,0,"same","naive",-0.00310901390120055,86,96,54,64,"old",0,"naive naive_0",-0.5,-0.366310160427808,-0.248069775821609,-0.229061120372005,-0.0310901390120055,-0.330046321036974
"J3549 J5316",0.0217391304347826,"J3549","J5316","naive","naive","naive naive","naive naive","J3549 J5316",0.032258064516129,0,-0.0105189340813464,"same","naive",-0.00697424873865698,21,96,4,88,"old",0,"naive naive_0",-0.5,-0.366310160427808,-0.248069775821609,-0.229061120372005,-0.0697424873865698,-0.0765419331470279
"J3549 J664",0.0137931034482759,"J3549","J664","naive","knowledge","naive knowledge","knowledge naive","J3549 J664",0.00826446280991736,0,0.00552864063835854,"different","knowledge",-0.00610370700501512,21,512,4,366,"old",0,"knowledge naive_0",-0.5,-2.91891891891892,-0.323867453226871,-0.229061120372005,-0.0610370700501512,-0.65478334684641
"J3551 J4214",0.010989010989011,"J3551","J4214","naive","naive","naive naive","naive naive","J3551 J4214",0.0108695652173913,0,0.0001194457716197,"same","naive",-0.00986505734826717,2,167,39,134,"old",0,"naive naive_0",-0.5,-0.366310160427808,-0.248069775821609,-0.229061120372005,-0.0986505734826717,-0.59200085518992
"J3551 J4954",0.01,"J3551","J4954","naive","naive","naive naive","naive naive","J3551 J4954",0.032258064516129,0,-0.022258064516129,"same","naive",-0.0187133791734396,2,44,39,113,"old",0,"naive naive_0",-0.5,-0.366310160427808,-0.248069775821609,-0.229061120372005,-0.187133791734396,-0.0765419331470279
"J3610 J4151",0.0347826086956522,"J3610","J4151","naive","naive","naive naive","naive naive","J3610 J4151",0.0186046511627907,0,0.0161779575328615,"same","naive",0.0110862444151096,169,210,111,56,"old",0,"naive naive_0",-0.5,-0.366310160427808,-0.248069775821609,-0.229061120372005,0.110862444151096,-0.405586698327591
"J3610 J4345",0.0111111111111111,"J3610","J4345","naive","naive","naive naive","naive naive","J3610 J4345",0.0168067226890756,0,-0.0056956115779645,"same","naive",-0.0119245953767202,169,6,111,22,"old",0,"naive naive_0",-0.5,-0.366310160427808,-0.248069775821609,-0.229061120372005,-0.119245953767202,-0.448916445778647
"J3610 J4521",0.0536912751677852,"J3610","J4521","naive","knowledge","naive knowledge","knowledge naive","J3610 J4521",0.0603174603174603,0,-0.0066261851496751,"different","knowledge",0.0146673309379856,169,353,111,172,"old",0,"knowledge naive_0",-0.5,-2.91891891891892,-0.323867453226871,-0.229061120372005,0.146673309379856,0.59968437478205
"J3610 J4601",0.0595238095238095,"J3610","J4601","naive","knowledge","naive knowledge","knowledge naive","J3610 J4601",0.0264705882352941,0,0.0330532212885154,"different","knowledge",0.0329370674001548,169,302,111,239,"old",0,"knowledge naive_0",-0.5,-2.91891891891892,-0.323867453226871,-0.229061120372005,0.329370674001548,-0.216019053229222
"J3610 J4699",0.0357142857142857,"J3610","J4699","naive","naive","naive naive","naive naive","J3610 J4699",0.0211640211640212,0,0.0145502645502645,"same","naive",0.0110774681507208,169,175,111,352,"old",0,"naive naive_0",-0.5,-0.366310160427808,-0.248069775821609,-0.229061120372005,0.110774681507208,-0.343906349299034
"J3610 J5012",0.0319148936170213,"J3610","J5012","naive","naive","naive naive","naive naive","J3610 J5012",0.0245098039215686,0,0.0074050896954527,"same","naive",0.00604865147744669,169,199,111,35,"old",0,"naive naive_0",-0.5,-0.366310160427808,-0.248069775821609,-0.229061120372005,0.0604865147744669,-0.263273596645048
"J3610 J5021",0.285714285714286,"J3610","J5021","naive","naive","naive naive","naive naive","J3610 J5021",0.295698924731183,0,-0.009984639016897,"same","naive",0.160198247389437,169,152,111,127,"old",0,"naive naive_0",-0.5,-0.366310160427808,-0.248069775821609,-0.229061120372005,1.60198247389437,6.27233462578565
"J3610 J5476",0.0420168067226891,"J3610","J5476","naive","naive","naive naive","naive naive","J3610 J5476",0.00641025641025641,0,0.0356065503124327,"same","naive",0.0228013336669309,169,48,111,66,"old",0,"naive naive_0",-0.5,-0.366310160427808,-0.248069775821609,-0.229061120372005,0.228013336669309,-0.699469382021897
"J3610 J5645",0.0235294117647059,"J3610","J5645","naive","naive","naive naive","naive naive","J3610 J5645",0.0459183673469388,0,-0.0223889555822329,"same","naive",-0.010203513874519,169,144,111,161,"old",0,"naive naive_0",-0.5,-0.366310160427808,-0.248069775821609,-0.229061120372005,-0.10203513874519,0.252668867180803
"J3679 J3702",0.00709219858156028,"J3679","J3702","naive","naive","naive naive","naive naive","J3679 J3702",0.05,0,-0.0429078014184397,"same","naive",-0.0281405433510558,54,42,141,157,"old",0,"naive naive_0",-0.5,-0.366310160427808,-0.248069775821609,-0.229061120372005,-0.281405433510558,0.351035467760684
"J3679 J3759",0.024,"J3679","J3759","naive","knowledge","naive knowledge","knowledge naive","J3679 J3759",0.0384615384615385,0,-0.0144615384615385,"different","knowledge",-0.00699287664168315,54,55,141,132,"old",0,"knowledge naive_0",-0.5,-2.91891891891892,-0.323867453226871,-0.229061120372005,-0.0699287664168315,0.0729606545829427
"J3679 J3899",0.0105263157894737,"J3679","J3899","naive","naive","naive naive","naive naive","J3679 J3899",0.0285714285714286,0,-0.0180451127819549,"same","naive",-0.0168323906028383,54,20,141,26,"old",0,"naive naive_0",-0.5,-0.366310160427808,-0.248069775821609,-0.229061120372005,-0.168323906028383,-0.165389185283694
"J3679 J4044",0.0193236714975845,"J3679","J4044","naive","naive","naive naive","naive naive","J3679 J4044",0.0925925925925926,0,-0.0732689210950081,"same","naive",-0.0315599312003275,54,56,141,246,"old",0,"naive naive_0",-0.5,-0.366310160427808,-0.248069775821609,-0.229061120372005,-0.315599312003275,1.37750916084889
"J3679 J4151",0.0078125,"J3679","J4151","naive","naive","naive naive","naive naive","J3679 J4151",0.00757575757575758,0,0.00023674242424242,"same","naive",-0.0118312422770645,54,210,141,56,"old",0,"naive naive_0",-0.5,-0.366310160427808,-0.248069775821609,-0.229061120372005,-0.118312422770645,-0.671381017054448
"J3679 J4514",0.00970873786407767,"J3679","J4514","naive","knowledge","naive knowledge","knowledge naive","J3679 J4514",0.0882352941176471,0,-0.0785265562535694,"different","knowledge",-0.0395737537581007,54,53,141,69,"old",0,"knowledge naive_0",-0.5,-2.91891891891892,-0.323867453226871,-0.229061120372005,-0.395737537581007,1.27249906436928
"J3679 J4521",0.0121212121212121,"J3679","J4521","naive","knowledge","naive knowledge","knowledge naive","J3679 J4521",0.00813008130081301,0,0.00399113082039909,"different","knowledge",-0.00772621917574204,54,353,141,172,"old",0,"knowledge naive_0",-0.5,-2.91891891891892,-0.323867453226871,-0.229061120372005,-0.0772621917574204,-0.658021916643101
"J3679 J4552",0.0526315789473684,"J3679","J4552","naive","naive","naive naive","naive naive","J3679 J4552",0.027027027027027,0,0.0256045519203414,"same","naive",0.0258403706120153,54,23,141,182,"old",0,"naive naive_0",-0.5,-0.366310160427808,-0.248069775821609,-0.229061120372005,0.258403706120153,-0.202608980097704
"J3679 J4569",0.0232558139534884,"J3679","J4569","naive","naive","naive naive","naive naive","J3679 J4569",0.0357142857142857,0,-0.0124584717607973,"same","naive",-0.00672757095225831,54,121,141,98,"old",0,"naive naive_0",-0.5,-0.366310160427808,-0.248069775821609,-0.229061120372005,-0.0672757095225831,0.00675236573109809
"J3679 J4699",0.0333333333333333,"J3679","J4699","naive","naive","naive naive","naive naive","J3679 J4699",0.00943396226415094,0,0.0238993710691824,"same","naive",0.0130067844675822,54,175,141,352,"old",0,"naive naive_0",-0.5,-0.366310160427808,-0.248069775821609,-0.229061120372005,0.130067844675822,-0.626598623851629
"J3679 J4961",0.0185185185185185,"J3679","J4961","naive","naive","naive naive","naive naive","J3679 J4961",0.0344827586206897,0,-0.0159642401021712,"same","naive",-0.0110123356090498,54,25,141,75,"old",0,"naive naive_0",-0.5,-0.366310160427808,-0.248069775821609,-0.229061120372005,-0.110123356090498,-0.0229272120300715
"J3679 J4986",0.0483870967741935,"J3679","J4986","naive","naive","naive naive","naive naive","J3679 J4986",0.0344827586206897,0,0.0139043381535038,"same","naive",0.0188562426466252,54,8,141,94,"old",0,"naive naive_0",-0.5,-0.366310160427808,-0.248069775821609,-0.229061120372005,0.188562426466252,-0.0229272120300715
"J3679 J5006",0.0102040816326531,"J3679","J5006","naive","naive","naive naive","naive naive","J3679 J5006",0.0487804878048781,0,-0.038576406172225,"same","naive",-0.0245805444562059,54,35,141,30,"old",0,"naive naive_0",-0.5,-0.366310160427808,-0.248069775821609,-0.229061120372005,-0.245805444562059,0.32164544685572
"J3679 J505",0.00961538461538462,"J3679","J505","naive","naive","naive naive","naive naive","J3679 J505",0.0238095238095238,0,-0.0141941391941392,"same","naive",-0.0159935361013042,54,30,141,39,"old",0,"naive naive_0",-0.5,-0.366310160427808,-0.248069775821609,-0.229061120372005,-0.159935361013042,-0.280150219293556
"J3679 J5074",0.0303030303030303,"J3679","J5074","naive","knowledge","naive knowledge","knowledge naive","J3679 J5074",0.025,0,0.0053030303030303,"different","knowledge",0.00425666316743565,54,40,141,120,"old",0,"knowledge naive_0",-0.5,-2.91891891891892,-0.323867453226871,-0.229061120372005,0.0425666316743565,-0.25145996079109
"J3679 J5503",0.0993377483443709,"J3679","J5503","naive","naive","naive naive","naive naive","J3679 J5503",0.03125,0,0.0680877483443709,"same","naive",0.0709947875095209,54,14,141,156,"old",0,"naive naive_0",-0.5,-0.366310160427808,-0.248069775821609,-0.229061120372005,0.709947875095209,-0.100836103653147
"J3679 J5583",0.0185185185185185,"J3679","J5583","naive","naive","naive naive","naive naive","J3679 J5583",0.0357142857142857,0,-0.0171957671957672,"same","naive",-0.0114648663872282,54,13,141,65,"old",0,"naive naive_0",-0.5,-0.366310160427808,-0.248069775821609,-0.229061120372005,-0.114648663872282,0.00675236573109809
"J3679 J5645",0.0222222222222222,"J3679","J5645","naive","naive","naive naive","naive naive","J3679 J5645",0.0170940170940171,0,0.0051282051282051,"same","naive",-0.000919052028844299,54,144,141,161,"old",0,"naive naive_0",-0.5,-0.366310160427808,-0.248069775821609,-0.229061120372005,-0.00919052028844299,-0.441992703153617
"J3679 J6000",0.00909090909090909,"J3679","J6000","naive","naive","naive naive","naive naive","J3679 J6000",0.0454545454545455,0,-0.0363636363636364,"same","naive",-0.0244715828786122,54,72,141,67,"old",0,"naive naive_0",-0.5,-0.366310160427808,-0.248069775821609,-0.229061120372005,-0.244715828786122,0.241490844387635
"J3679 J664",0.00432900432900433,"J3679","J664","naive","knowledge","naive knowledge","knowledge naive","J3679 J664",0.0144927536231884,0,-0.0101637492941841,"different","knowledge",-0.0178564226745088,54,512,141,366,"old",0,"knowledge naive_0",-0.5,-2.91891891891892,-0.323867453226871,-0.229061120372005,-0.178564226745088,-0.504682677138938
"J3702 J4651",0.0125,"J3702","J4651","naive","naive","naive naive","naive naive","J3702 J4651",0.0204081632653061,0,-0.0079081632653061,"same","naive",-0.0118590738055295,42,99,157,90,"old",0,"naive naive_0",-0.5,-0.366310160427808,-0.248069775821609,-0.229061120372005,-0.118590738055295,-0.362122386443458
"J3702 J4699",0.00833333333333333,"J3702","J4699","naive","naive","naive naive","naive naive","J3702 J4699",0.021978021978022,0,-0.0136446886446887,"same","naive",-0.0166025928927313,42,175,157,352,"old",0,"naive naive_0",-0.5,-0.366310160427808,-0.248069775821609,-0.229061120372005,-0.166025928927313,-0.324289078528118
"J3702 J5519",0.010752688172043,"J3702","J5519","naive","naive","naive naive","naive naive","J3702 J5519",0.0217391304347826,0,-0.0109864422627396,"same","naive",-0.0140954561639402,42,103,157,154,"old",0,"naive naive_0",-0.5,-0.366310160427808,-0.248069775821609,-0.229061120372005,-0.140954561639402,-0.330046321036974
"J3702 J5645",0.0135135135135135,"J3702","J5645","naive","naive","naive naive","naive naive","J3702 J5645",0.00961538461538462,0,0.00389812889812888,"same","naive",-0.00687969990083717,42,144,157,161,"old",0,"naive naive_0",-0.5,-0.366310160427808,-0.248069775821609,-0.229061120372005,-0.0687969990083717,-0.622226378361413
"J3702 J664",0.0050761421319797,"J3702","J664","naive","knowledge","naive knowledge","knowledge naive","J3702 J664",0.0161290322580645,5,-0.0110528901260848,"different","knowledge",-0.0177105436240267,42,512,157,366,"old",1,"knowledge naive_1",0.5,2.08108108108108,0.230905499059899,0.640495744224907,-0.177105436240267,-0.465248661244946
"J3714 J4731",0.0238095238095238,"J3714","J4731","naive","naive","naive naive","naive naive","J3714 J4731",0.0454545454545455,0,-0.0216450216450217,"same","naive",-0.00975296815999753,233,182,121,103,"old",0,"naive naive_0",-0.5,-0.366310160427808,-0.248069775821609,-0.229061120372005,-0.0975296815999753,0.241490844387635
"J3714 J4747",0.0192307692307692,"J3714","J4747","naive","naive","naive naive","naive naive","J3714 J4747",0.0825688073394495,0,-0.0633380381086803,"same","naive",-0.0279695435383336,233,247,121,345,"old",0,"naive naive_0",-0.5,-0.366310160427808,-0.248069775821609,-0.229061120372005,-0.279695435383336,1.13593776917676
"J3714 J4840",0.037037037037037,"J3714","J4840","naive","naive","naive naive","naive naive","J3714 J4840",0.0405405405405405,0,-0.0035035035035035,"same","naive",0.00528022070329388,233,287,121,33,"old",0,"naive naive_0",-0.5,-0.366310160427808,-0.248069775821609,-0.229061120372005,0.0528022070329388,0.123064224524876
"J3714 J5316",0.0153846153846154,"J3714","J5316","naive","naive","naive naive","naive naive","J3714 J5316",0.0108695652173913,0,0.0045150501672241,"same","naive",-0.00546945295266277,233,96,121,88,"old",0,"naive naive_0",-0.5,-0.366310160427808,-0.248069775821609,-0.229061120372005,-0.0546945295266277,-0.59200085518992
"J3714 J5607",0.0192307692307692,"J3714","J5607","naive","naive","naive naive","naive naive","J3714 J5607",0.0208333333333333,0,-0.0016025641025641,"same","naive",-0.00528453543865519,233,96,121,64,"old",0,"naive naive_0",-0.5,-0.366310160427808,-0.248069775821609,-0.229061120372005,-0.0528453543865519,-0.35187586554972
"J3715 J4601",0.00699300699300699,"J3715","J4601","naive","knowledge","naive knowledge","knowledge naive","J3715 J4601",0.00409836065573771,0,0.00289464633726928,"different","knowledge",-0.0113729484270451,54,302,86,239,"old",0,"knowledge naive_0",-0.5,-2.91891891891892,-0.323867453226871,-0.229061120372005,-0.113729484270451,-0.755185646957328
"J3715 J4728",0.0175438596491228,"J3715","J4728","naive","naive","naive naive","naive naive","J3715 J4728",0.1,0,-0.0824561403508772,"same","naive",-0.0360616318775363,54,114,86,21,"old",0,"naive naive_0",-0.5,-0.366310160427808,-0.248069775821609,-0.229061120372005,-0.360616318775363,1.55602632486423
"J3715 J5309",0.0307692307692308,"J3715","J5309","naive","naive","naive naive","naive naive","J3715 J5309",0.0344827586206897,0,-0.0037135278514589,"same","naive",0.00123837664166247,54,65,86,36,"old",0,"naive naive_0",-0.5,-0.366310160427808,-0.248069775821609,-0.229061120372005,0.0123837664166247,-0.0229272120300715
"J3715 J5379",0.0204081632653061,"J3715","J5379","naive","naive","naive naive","naive naive","J3715 J5379",0.032258064516129,0,-0.0118499012508229,"same","naive",-0.00830521590813348,54,80,86,15,"old",0,"naive naive_0",-0.5,-0.366310160427808,-0.248069775821609,-0.229061120372005,-0.0830521590813348,-0.0765419331470279
"J3715 J5645",0.00719424460431655,"J3715","J5645","naive","naive","naive naive","naive naive","J3715 J5645",0.01,0,-0.00280575539568345,"same","naive",-0.0133402976530652,54,144,86,161,"old",0,"naive naive_0",-0.5,-0.366310160427808,-0.248069775821609,-0.229061120372005,-0.133402976530652,-0.612957217922155
"J3718 J4044",0.023121387283237,"J3718","J4044","naive","naive","naive naive","naive naive","J3718 J4044",0.0303030303030303,0,-0.0071816430197933,"same","naive",-0.0048736048093016,10,56,90,246,"old",0,"naive naive_0",-0.5,-0.366310160427808,-0.248069775821609,-0.229061120372005,-0.048736048093016,-0.123657900189199
"J3718 J4521",0.00757575757575758,"J3718","J4521","naive","knowledge","naive knowledge","knowledge naive","J3718 J4521",0.0045045045045045,0,0.00307125307125308,"different","knowledge",-0.0109394374289456,10,353,90,172,"old",0,"knowledge naive_0",-0.5,-2.91891891891892,-0.323867453226871,-0.229061120372005,-0.109394374289456,-0.745397654468671
"J3718 J4998",0.0467289719626168,"J3718","J4998","naive","naive","naive naive","naive naive","J3718 J4998",0.0588235294117647,0,-0.0120945574491479,"same","naive",0.00825398010164016,10,43,90,164,"old",0,"naive naive_0",-0.5,-0.366310160427808,-0.248069775821609,-0.229061120372005,0.0825398010164016,0.563680913131898
"J3718 J6023",0.0178571428571429,"J3718","J6023","naive","naive","naive naive","naive naive","J3718 J6023",0.0625,0,-0.0446428571428571,"same","naive",-0.021968786473984,10,19,90,8,"old",0,"naive naive_0",-0.5,-0.366310160427808,-0.248069775821609,-0.229061120372005,-0.21968786473984,0.652283182036571
"J3718 J664",0.0102040816326531,"J3718","J664","naive","knowledge","naive knowledge","knowledge naive","J3718 J664",0.0087719298245614,0,0.0014321518080917,"different","knowledge",-0.00987920010838375,10,512,90,366,"old",0,"knowledge naive_0",-0.5,-2.91891891891892,-0.323867453226871,-0.229061120372005,-0.0987920010838375,-0.642553484587856
"J3719 J5074",0.0185185185185185,"J3719","J5074","naive","knowledge","naive knowledge","knowledge naive","J3719 J5074",0.0666666666666667,0,-0.0481481481481482,"different","knowledge",-0.0228384732787786,7,40,11,120,"old",0,"knowledge naive_0",-0.5,-2.91891891891892,-0.323867453226871,-0.229061120372005,-0.228384732787786,0.7526990867952
"J3749 J4111",0.027972027972028,"J3749","J4111","naive","naive","naive naive","naive naive","J3749 J4111",0.0119760479041916,0,0.0159959800678364,"same","naive",0.00671137704805532,4,394,42,153,"old",0,"naive naive_0",-0.5,-0.366310160427808,-0.248069775821609,-0.229061120372005,0.0671137704805532,-0.565334824767165
"J3753 J5074",0.0307692307692308,"J3753","J5074","naive","knowledge","naive knowledge","knowledge naive","J3753 J5074",0.0526315789473684,0,-0.0218623481781376,"different","knowledge",-0.00543049798412442,25,40,31,120,"old",0,"knowledge naive_0",-0.5,-2.91891891891892,-0.323867453226871,-0.229061120372005,-0.0543049798412442,0.414456039187186
"J3753 J5595",0.0188679245283019,"J3753","J5595","naive","naive","naive naive","naive naive","J3753 J5595",0.0666666666666667,0,-0.0477987421383648,"same","naive",-0.0224890672689952,25,27,31,100,"old",0,"naive naive_0",-0.5,-0.366310160427808,-0.248069775821609,-0.229061120372005,-0.224890672689952,0.7526990867952
"J3753 J5645",0.0087719298245614,"J3753","J5645","naive","naive","naive naive","naive naive","J3753 J5645",0.0208333333333333,0,-0.0120614035087719,"same","naive",-0.015743374844863,25,144,31,161,"old",0,"naive naive_0",-0.5,-0.366310160427808,-0.248069775821609,-0.229061120372005,-0.15743374844863,-0.35187586554972
"J3759 J4044",0.00617283950617284,"J3759","J4044","knowledge","naive","knowledge naive","knowledge naive","J3759 J4044",0.0555555555555556,0,-0.0493827160493828,"different","knowledge",-0.0311013190480036,55,56,132,246,"old",0,"knowledge naive_0",-0.5,-2.91891891891892,-0.323867453226871,-0.229061120372005,-0.311013190480036,0.48492334077219
"J3759 J4601",0.00719424460431655,"J3759","J4601","knowledge","knowledge","knowledge knowledge","knowledge knowledge","J3759 J4601",0.0116279069767442,0,-0.00443366237242765,"same","knowledge",-0.0139384801979875,55,302,132,239,"old",0,"knowledge knowledge_0",-0.5,-2.91891891891892,-0.323867453226871,-0.229061120372005,-0.139384801979875,-0.573724957458318
"J3759 J4961",0.0689655172413793,"J3759","J4961","knowledge","naive","knowledge naive","knowledge naive","J3759 J4961",0.037037037037037,0,0.0319284802043423,"different","knowledge",0.0384960807590706,55,25,132,75,"old",0,"knowledge naive_0",-0.5,-2.91891891891892,-0.323867453226871,-0.229061120372005,0.384960807590706,0.038630430733837
"J3759 J5089",0.0232558139534884,"J3759","J5089","knowledge","knowledge","knowledge knowledge","knowledge knowledge","J3759 J5089",0.025,0,-0.0017441860465116,"same","knowledge",-0.00279055318210625,55,36,132,95,"old",0,"knowledge knowledge_0",-0.5,-2.91891891891892,-0.323867453226871,-0.229061120372005,-0.0279055318210625,-0.25145996079109
"J3845 J4962",0.0158730158730159,"J3845","J4962","naive","naive","naive naive","naive naive","J3845 J4962",0.0571428571428571,0,-0.0412698412698412,"same","naive",-0.0219844045730349,36,85,21,124,"old",0,"naive naive_0",-0.5,-0.366310160427808,-0.248069775821609,-0.229061120372005,-0.219844045730349,0.523177018775475
"J3845 J4998",0.0151515151515152,"J3845","J4998","naive","naive","naive naive","naive naive","J3845 J4998",0.0357142857142857,0,-0.0205627705627705,"same","naive",-0.0148318697542315,36,43,21,164,"old",0,"naive naive_0",-0.5,-0.366310160427808,-0.248069775821609,-0.229061120372005,-0.148318697542315,0.00675236573109809
"J4044 J4111",0.0216450216450216,"J4044","J4111","naive","naive","naive naive","naive naive","J4044 J4111",0.00510204081632653,0,0.0165429808286951,"same","naive",0.00291025893970934,56,394,246,153,"old",0,"naive naive_0",-0.5,-0.366310160427808,-0.248069775821609,-0.229061120372005,0.0291025893970934,-0.730997138618013
"J4044 J4126",0.0355555555555556,"J4044","J4126","naive","naive","naive naive","naive naive","J4044 J4126",0.00854700854700855,0,0.027008547008547,"same","naive",0.0155549222607358,56,193,246,213,"old",0,"naive naive_0",-0.5,-0.366310160427808,-0.248069775821609,-0.229061120372005,0.155549222607358,-0.647974046248241
"J4044 J4514",0.0072463768115942,"J4044","J4514","naive","knowledge","naive knowledge","knowledge naive","J4044 J4514",0.0256410256410256,0,-0.0183946488294314,"different","knowledge",-0.0190355383957189,56,53,246,69,"old",0,"knowledge naive_0",-0.5,-2.91891891891892,-0.323867453226871,-0.229061120372005,-0.190355383957189,-0.236011360058995
"J4044 J4521",0.0253807106598985,"J4044","J4521","naive","knowledge","naive knowledge","knowledge naive","J4044 J4521",0.004,0,0.0213807106598985,"different","knowledge",0.00705089835380189,56,353,246,172,"old",0,"knowledge naive_0",-0.5,-2.91891891891892,-0.323867453226871,-0.229061120372005,0.0705089835380189,-0.757556120774581
"J4044 J4552",0.0263157894736842,"J4044","J4552","naive","naive","naive naive","naive naive","J4044 J4552",0.025,0,0.0013157894736842,"same","naive",0.000269422338089546,56,23,246,182,"old",0,"naive naive_0",-0.5,-0.366310160427808,-0.248069775821609,-0.229061120372005,0.00269422338089546,-0.25145996079109
"J4044 J4954",0.0246305418719212,"J4044","J4954","naive","naive","naive naive","naive naive","J4044 J4954",0.0166666666666667,2,0.0079638752052545,"same","naive",0.00164629966866703,56,44,246,113,"old",1,"naive naive_1",0.5,1.63368983957219,1.10635498559856,0.118761625466759,0.0164629966866703,-0.452291770308348
"J4044 J4961",0.00694444444444444,"J4044","J4961","naive","naive","naive naive","naive naive","J4044 J4961",0.03125,1,-0.0243055555555556,"same","naive",-0.0213985163904056,56,25,246,75,"old",1,"naive naive_1",0.5,0.633689839572192,0.429142604888476,-0.0551497474526229,-0.213985163904056,-0.100836103653147
"J4044 J4998",0.0284090909090909,"J4044","J4998","naive","naive","naive naive","naive naive","J4044 J4998",0.0454545454545455,0,-0.0170454545454546,"same","naive",-0.00515340106043043,56,43,246,164,"old",0,"naive naive_0",-0.5,-0.366310160427808,-0.248069775821609,-0.229061120372005,-0.0515340106043043,0.241490844387635
"J4044 J5006",0.0075187969924812,"J4044","J5006","naive","naive","naive naive","naive naive","J4044 J5006",0.0222222222222222,0,-0.014703425229741,"same","naive",-0.0175068618323333,56,35,246,30,"old",0,"naive naive_0",-0.5,-0.366310160427808,-0.248069775821609,-0.229061120372005,-0.175068618323333,-0.318403897296844
"J4044 J5053",0.0121212121212121,"J4044","J5053","naive","knowledge","naive knowledge","knowledge naive","J4044 J5053",0.0256410256410256,5,-0.0135198135198135,"different","knowledge",-0.014160703086101,56,36,246,168,"old",1,"knowledge naive_1",0.5,2.08108108108108,0.230905499059899,0.640495744224907,-0.14160703086101,-0.236011360058995
"J4044 J5074",0.0178571428571429,"J4044","J5074","naive","knowledge","naive knowledge","knowledge naive","J4044 J5074",0.0232558139534884,0,-0.0053986710963455,"different","knowledge",-0.00754831440889212,56,40,246,120,"old",0,"knowledge naive_0",-0.5,-2.91891891891892,-0.323867453226871,-0.229061120372005,-0.0754831440889212,-0.293494525573772
"J4044 J5222",0.00763358778625954,"J4044","J5222","naive","naive","naive naive","naive naive","J4044 J5222",0.0256410256410256,0,-0.0180074378547661,"same","naive",-0.0186483274210536,56,44,246,33,"old",0,"naive naive_0",-0.5,-0.366310160427808,-0.248069775821609,-0.229061120372005,-0.186483274210536,-0.236011360058995
"J4044 J5645",0.0138888888888889,"J4044","J5645","naive","naive","naive naive","naive naive","J4044 J5645",0.0252100840336134,0,-0.0113211951447245,"same","naive",-0.0122346746735715,56,144,246,161,"old",0,"naive naive_0",-0.5,-0.366310160427808,-0.248069775821609,-0.229061120372005,-0.122346746735715,-0.246396973996539
"J4044 J6000",0.00689655172413793,"J4044","J6000","naive","naive","naive naive","naive naive","J4044 J6000",0.0208333333333333,0,-0.0139367816091954,"same","naive",-0.0176187529452865,56,72,246,67,"old",0,"naive naive_0",-0.5,-0.366310160427808,-0.248069775821609,-0.229061120372005,-0.176187529452865,-0.35187586554972
"J4044 J6017",0.0153846153846154,"J4044","J6017","naive","naive","naive naive","naive naive","J4044 J6017",0.021978021978022,0,-0.0065934065934066,"same","naive",-0.00955131084144919,56,157,246,24,"old",0,"naive naive_0",-0.5,-0.366310160427808,-0.248069775821609,-0.229061120372005,-0.0955131084144919,-0.324289078528118
"J4044 J664",0.0113636363636364,"J4044","J664","naive","knowledge","naive knowledge","knowledge naive","J4044 J664",0.0214285714285714,2,-0.010064935064935,"different","knowledge",-0.0133703915152409,56,512,246,366,"old",1,"knowledge naive_1",0.5,-0.918918918918919,-0.101958272312163,0.118761625466759,-0.133703915152409,-0.337530736298487
"J4046 J5012",0.0212765957446809,"J4046","J5012","naive","naive","naive naive","naive naive","J4046 J5012",0.0327868852459016,0,-0.0115102895012207,"same","naive",-0.00763110124572371,66,199,80,35,"old",0,"naive naive_0",-0.5,-0.366310160427808,-0.248069775821609,-0.229061120372005,-0.0763110124572371,-0.0637974502585716
"J4046 J5021",0.018018018018018,"J4046","J5021","naive","naive","naive naive","naive naive","J4046 J5021",0.0326797385620915,0,-0.0146617205440735,"same","naive",-0.0108503073885571,66,152,80,127,"old",0,"naive naive_0",-0.5,-0.366310160427808,-0.248069775821609,-0.229061120372005,-0.108503073885571,-0.0663796657457743
"J4046 J5314",0.0444444444444444,"J4046","J5314","naive","naive","naive naive","naive naive","J4046 J5314",0.025,0,0.0194444444444444,"same","naive",0.0183980773088497,66,16,80,22,"old",0,"naive naive_0",-0.5,-0.366310160427808,-0.248069775821609,-0.229061120372005,0.183980773088497,-0.25145996079109
"J4109 J4111",0.236994219653179,"J4109","J4111","naive","naive","naive naive","naive naive","J4109 J4111",0.200956937799043,0,0.036037281854136,"same","naive",0.146291597367256,187,394,145,153,"old",0,"naive naive_0",-0.5,-0.366310160427808,-0.248069775821609,-0.229061120372005,1.46291597367256,3.9890700650446
"J4109 J4126",0.055,"J4109","J4126","naive","naive","naive naive","naive naive","J4109 J4126",0.0617283950617284,0,-0.0067283950617284,"same","naive",0.015457600755201,187,193,145,213,"old",0,"naive naive_0",-0.5,-0.366310160427808,-0.248069775821609,-0.229061120372005,0.15457600755201,0.633687644118306
"J4109 J4214",0.0535714285714286,"J4109","J4214","naive","naive","naive naive","naive naive","J4109 J4214",0.0731707317073171,0,-0.0195993031358885,"same","naive",0.00982448560742671,187,167,145,134,"old",0,"naive naive_0",-0.5,-0.366310160427808,-0.248069775821609,-0.229061120372005,0.0982448560742671,0.909445864955012
"J4109 J4699",0.0120481927710843,"J4109","J4699","naive","naive","naive naive","naive naive","J4109 J4699",0.00613496932515337,0,0.00591322344593093,"same","naive",-0.00706612467105243,187,175,145,352,"old",0,"naive naive_0",-0.5,-0.366310160427808,-0.248069775821609,-0.229061120372005,-0.0706612467105243,-0.706103750434454
"J4109 J4954",0.0568181818181818,"J4109","J4954","naive","naive","naive naive","naive naive","J4109 J4954",0.0176991150442478,0,0.039119066773934,"same","naive",0.0334545613047262,187,44,145,113,"old",0,"naive naive_0",-0.5,-0.366310160427808,-0.248069775821609,-0.229061120372005,0.334545613047262,-0.427409953200015
"J4109 J6017",0.00917431192660551,"J4109","J6017","naive","naive","naive naive","naive naive","J4109 J6017",0.027972027972028,0,-0.0187977160454225,"same","naive",-0.0179641417233204,187,157,145,24,"old",0,"naive naive_0",-0.5,-0.366310160427808,-0.248069775821609,-0.229061120372005,-0.179641417233204,-0.179834630124096
"J4111 J4126",0.0721153846153846,"J4111","J4126","naive","naive","naive naive","naive naive","J4111 J4126",0.0811965811965812,0,-0.0090811965811966,"same","naive",0.0254193031924682,394,193,153,213,"old",0,"naive naive_0",-0.5,-0.366310160427808,-0.248069775821609,-0.229061120372005,0.254193031924682,1.10286737005606
"J4111 J42",0.0130718954248366,"J4111","J42","naive","naive","naive naive","naive naive","J4111 J42",0.0111111111111111,0,0.0019607843137255,"same","naive",-0.00787093015685723,394,77,153,91,"old",0,"naive naive_0",-0.5,-0.366310160427808,-0.248069775821609,-0.229061120372005,-0.0787093015685723,-0.586179643319854
"J4111 J4214",0.05,"J4111","J4214","naive","naive","naive naive","naive naive","J4111 J4214",0.0936170212765957,0,-0.0436170212765957,"same","naive",-0.00126003413167485,394,167,153,134,"old",0,"naive naive_0",-0.5,-0.366310160427808,-0.248069775821609,-0.229061120372005,-0.0126003413167485,1.40219770480846
"J4111 J4954",0.0588235294117647,"J4111","J4954","naive","naive","naive naive","naive naive","J4111 J4954",0.0208333333333333,0,0.0379901960784314,"same","naive",0.0343082247423403,394,44,153,113,"old",0,"naive naive_0",-0.5,-0.366310160427808,-0.248069775821609,-0.229061120372005,0.343082247423403,-0.35187586554972
"J4111 J4962",0.00598802395209581,"J4111","J4962","naive","naive","naive naive","naive naive","J4111 J4962",0.0161290322580645,0,-0.0101410083059687,"same","naive",-0.0167986618039106,394,85,153,124,"old",0,"naive naive_0",-0.5,-0.366310160427808,-0.248069775821609,-0.229061120372005,-0.167986618039106,-0.465248661244946
"J4111 J5316",0.00641025641025641,"J4111","J5316","naive","naive","naive naive","naive naive","J4111 J5316",0.010752688172043,0,-0.00434243176178659,"same","naive",-0.0144008648732722,394,96,153,88,"old",0,"naive naive_0",-0.5,-0.366310160427808,-0.248069775821609,-0.229061120372005,-0.144008648732722,-0.594817570610919
"J4111 J5657A",0.0309278350515464,"J4111","J5657A","naive","naive","naive naive","naive naive","J4111 J5657A",0.0179640718562874,0,0.012963763195259,"same","naive",0.00746685483487397,394,8,153,172,"old",0,"naive naive_0",-0.5,-0.366310160427808,-0.248069775821609,-0.229061120372005,0.0746685483487397,-0.421024542479315
"J4111 J664",0.00784313725490196,"J4111","J664","naive","knowledge","naive knowledge","knowledge naive","J4111 J664",0.0036101083032491,0,0.00423302895165286,"different","knowledge",-0.0103434074009306,394,512,153,366,"old",0,"knowledge naive_0",-0.5,-2.91891891891892,-0.323867453226871,-0.229061120372005,-0.103434074009306,-0.766952439371489
"J4112 J4728",0.0434782608695652,"J4112","J4728","naive","naive","naive naive","naive naive","J4112 J4728",0.0555555555555556,0,-0.0120772946859904,"same","naive",0.00620410231538873,47,114,28,21,"old",0,"naive naive_0",-0.5,-0.366310160427808,-0.248069775821609,-0.229061120372005,0.0620410231538873,0.48492334077219
"J4126 J4214",0.328571428571429,"J4126","J4214","naive","naive","naive naive","naive naive","J4126 J4214",0.289855072463768,0,0.038716356107661,"same","naive",0.205202742934056,193,167,213,134,"old",0,"naive naive_0",-0.5,-0.366310160427808,-0.248069775821609,-0.229061120372005,2.05202742934056,6.13149885473567
"J4126 J4954",0.0427807486631016,"J4126","J4954","naive","naive","naive naive","naive naive","J4126 J4954",0.0353982300884956,0,0.007382518574606,"same","naive",0.0129134999747635,193,44,213,113,"old",0,"naive naive_0",-0.5,-0.366310160427808,-0.248069775821609,-0.229061120372005,0.129134999747635,-0.00086451705716603
"J4126 J6017",0.00847457627118644,"J4126","J6017","naive","naive","naive naive","naive naive","J4126 J6017",0.0492957746478873,0,-0.0408211983767009,"same","naive",-0.0264993945403868,193,157,213,24,"old",0,"naive naive_0",-0.5,-0.366310160427808,-0.248069775821609,-0.229061120372005,-0.264993945403868,0.334063765547957
"J4151 J4304",0.132352941176471,"J4151","J4304","naive","knowledge","naive knowledge","knowledge naive","J4151 J4304",0.0186915887850467,94,0.113661352391424,"different","knowledge",0.108624631232648,210,160,56,65,"old",1,"knowledge naive_1",0.5,91.0810810810811,10.1058640497644,16.1186079340499,1.08624631232648,-0.403491517528455
"J4151 J4521",0.0169491525423729,"J4151","J4521","naive","knowledge","naive knowledge","knowledge naive","J4151 J4521",0.0551948051948052,4,-0.0382456526524323,"different","knowledge",-0.020192446490923,210,353,56,172,"old",1,"knowledge naive_1",0.5,1.08108108108108,0.119950908602545,0.466584371305524,-0.20192446490923,0.476229323044169
"J4151 J4601",0.0217391304347826,"J4151","J4601","naive","knowledge","naive knowledge","knowledge naive","J4151 J4601",0.0828025477707006,0,-0.061063417335918,"different","knowledge",-0.0255470714225878,210,302,56,239,"old",0,"knowledge naive_0",-0.5,-2.91891891891892,-0.323867453226871,-0.229061120372005,-0.255470714225878,1.14157087082862
"J4151 J5012",0.0169491525423729,"J4151","J5012","naive","naive","naive naive","naive naive","J4151 J5012",0.0362694300518135,0,-0.0193202775094406,"same","naive",-0.0132382229214128,210,199,56,35,"old",0,"naive naive_0",-0.5,-0.366310160427808,-0.248069775821609,-0.229061120372005,-0.132382229214128,0.0201312427529743
"J4151 J5021",0.0330578512396694,"J4151","J5021","naive","naive","naive naive","naive naive","J4151 J5021",0.0403587443946188,0,-0.0073008931549494,"same","naive",0.00136783680724991,210,152,56,127,"old",0,"naive naive_0",-0.5,-0.366310160427808,-0.248069775821609,-0.229061120372005,0.0136783680724991,0.11868297065103
"J4151 J5089",0.0348837209302326,"J4151","J5089","naive","knowledge","naive knowledge","knowledge naive","J4151 J5089",0.00840336134453781,13,0.0264803595856948,"different","knowledge",0.0149358715170304,210,36,56,95,"old",1,"knowledge naive_1",0.5,10.0810810810811,1.11854222271873,2.03178672757997,0.149358715170304,-0.651435917560756
"J4151 J5476",0.0481927710843374,"J4151","J5476","naive","naive","naive naive","naive naive","J4151 J5476",0.0206896551724138,0,0.0275031159119236,"same","naive",0.0237302616723671,210,48,56,66,"old",0,"naive naive_0",-0.5,-0.366310160427808,-0.248069775821609,-0.229061120372005,0.237302616723671,-0.355338482955189
"J4151 J5645",0.0458015267175573,"J4151","J5645","naive","naive","naive naive","naive naive","J4151 J5645",0.037037037037037,0,0.0087644896805203,"same","naive",0.0153320902352486,210,144,56,161,"old",0,"naive naive_0",-0.5,-0.366310160427808,-0.248069775821609,-0.229061120372005,0.153320902352486,0.038630430733837
"J4161 J4189",0.0769230769230769,"J4161","J4189","naive","naive","naive naive","naive naive","J4161 J4189",0.0227272727272727,0,0.0541958041958042,"same","naive",0.0517118347690297,92,200,78,32,"old",0,"naive naive_0",-0.5,-0.366310160427808,-0.248069775821609,-0.229061120372005,0.517118347690297,-0.306232272477616
"J4161 J4747",0.0198019801980198,"J4161","J4747","naive","naive","naive naive","naive naive","J4161 J4747",0.0606060606060606,2,-0.0408040804080408,"same","naive",-0.0193280116484842,92,247,78,345,"old",1,"naive naive_1",0.5,1.63368983957219,1.10635498559856,0.118761625466759,-0.193280116484842,0.606639588964467
"J4189 J4747",0.0108695652173913,"J4189","J4747","naive","naive","naive naive","naive naive","J4189 J4747",0.0555555555555556,0,-0.0446859903381643,"same","naive",-0.0264045933367852,200,247,32,345,"old",0,"naive naive_0",-0.5,-0.366310160427808,-0.248069775821609,-0.229061120372005,-0.264045933367852,0.48492334077219
"J4214 J4954",0.032051282051282,"J4214","J4954","naive","naive","naive naive","naive naive","J4214 J4954",0.0254237288135593,0,0.0066275532377227,"same","naive",0.00584921364794123,167,44,134,113,"old",0,"naive naive_0",-0.5,-0.366310160427808,-0.248069775821609,-0.229061120372005,0.0584921364794123,-0.241248173866485
"J4214 J5582",0.0112359550561798,"J4214","J5582","naive","naive","naive naive","naive naive","J4214 J5582",0.0108695652173913,0,0.000366389838788499,"same","naive",-0.00961811328109837,167,4,134,25,"old",0,"naive naive_0",-0.5,-0.366310160427808,-0.248069775821609,-0.229061120372005,-0.0961811328109837,-0.59200085518992
"J4214 J664",0.00917431192660551,"J4214","J664","naive","knowledge","naive knowledge","knowledge naive","J4214 J664",0.00495049504950495,0,0.00422381687710056,"different","knowledge",-0.00950476453018974,167,512,134,366,"old",0,"knowledge naive_0",-0.5,-2.91891891891892,-0.323867453226871,-0.229061120372005,-0.0950476453018974,-0.734649363887068
"J4315 J5309",0.04,"J4315","J5309","knowledge","naive","knowledge naive","knowledge naive","J4315 J5309",0.0238095238095238,0,0.0161904761904762,"different","knowledge",0.0143910792833111,107,65,18,36,"old",0,"knowledge naive_0",-0.5,-2.91891891891892,-0.323867453226871,-0.229061120372005,0.143910792833111,-0.280150219293556
"J4345 J4601",0.00892857142857143,"J4345","J4601","naive","knowledge","naive knowledge","knowledge naive","J4345 J4601",0.004149377593361,0,0.00477919383521043,"different","knowledge",-0.00945613041988083,6,302,22,239,"old",0,"knowledge naive_0",-0.5,-2.91891891891892,-0.323867453226871,-0.229061120372005,-0.0945613041988083,-0.753956148089458
"J4345 J5021",0.0104166666666667,"J4345","J5021","naive","naive","naive naive","naive naive","J4345 J5021",0.0075187969924812,0,0.0028978696741855,"same","naive",-0.00920614515973249,6,152,22,127,"old",0,"naive naive_0",-0.5,-0.366310160427808,-0.248069775821609,-0.229061120372005,-0.0920614515973249,-0.672753756695715
"J4514 J4552",0.0114942528735632,"J4514","J4552","knowledge","naive","knowledge naive","knowledge naive","J4514 J4552",0.0555555555555556,0,-0.0440613026819924,"different","knowledge",-0.0257799056806133,53,23,69,182,"old",0,"knowledge naive_0",-0.5,-2.91891891891892,-0.323867453226871,-0.229061120372005,-0.257799056806133,0.48492334077219
"J4514 J4731",0.0277777777777778,"J4514","J4731","knowledge","naive","knowledge naive","knowledge naive","J4514 J4731",0.0192307692307692,0,0.0085470085470086,"different","knowledge",0.00385134328764965,53,182,69,103,"old",0,"knowledge naive_0",-0.5,-2.91891891891892,-0.323867453226871,-0.229061120372005,0.0385134328764965,-0.390497367379962
"J4514 J5645",0.00900900900900901,"J4514","J5645","knowledge","naive","knowledge naive","knowledge naive","J4514 J5645",0.0101010101010101,2,-0.00109200109200109,"different","knowledge",-0.0115626499142193,53,144,69,161,"old",1,"knowledge naive_1",0.5,-0.918918918918919,-0.101958272312163,0.118761625466759,-0.115626499142193,-0.610522892958309
"J4514 J6000",0.181818181818182,"J4514","J6000","knowledge","naive","knowledge naive","knowledge naive","J4514 J6000",0.0384615384615385,6,0.143356643356643,"different","knowledge",0.150825305176499,53,72,69,67,"old",1,"knowledge naive_1",0.5,3.08108108108108,0.341860089517253,0.814407117144289,1.50825305176499,0.0729606545829427
"J4521 J4601",0.0467836257309941,"J4521","J4601","knowledge","knowledge","knowledge knowledge","knowledge knowledge","J4521 J4601",0.0807600950118765,5.5,-0.0339764692808824,"same","knowledge",0.000247933335534443,353,302,172,239,"old",1,"knowledge knowledge_1",0.5,2.58108108108108,0.286382794288576,0.727451430684598,0.00247933335534443,1.09234813281964
"J4521 J4699",0.00689655172413793,"J4521","J4699","knowledge","naive","knowledge naive","knowledge naive","J4521 J4699",0.0346020761245675,0,-0.0277055244004296,"different","knowledge",-0.0226781462158491,353,175,172,352,"old",0,"knowledge naive_0",-0.5,-2.91891891891892,-0.323867453226871,-0.229061120372005,-0.226781462158491,-0.0200516820047683
"J4521 J4715",0.0123456790123457,"J4521","J4715","knowledge","naive","knowledge naive","knowledge naive","J4521 J4715",0.00448430493273543,0,0.00786137407961027,"different","knowledge",-0.00616209355887707,353,15,172,6,"old",0,"knowledge naive_0",-0.5,-2.91891891891892,-0.323867453226871,-0.229061120372005,-0.0616209355887707,-0.745884460454654
"J4521 J5021",0.065359477124183,"J4521","J5021","knowledge","naive","knowledge naive","knowledge naive","J4521 J5021",0.0483383685800604,0,0.0170211085441226,"different","knowledge",0.0307373099514898,353,152,172,127,"old",0,"knowledge naive_0",-0.5,-2.91891891891892,-0.323867453226871,-0.229061120372005,0.307373099514898,0.31099045438262
"J4521 J5089",0.016,"J4521","J5089","knowledge","knowledge","knowledge knowledge","knowledge knowledge","J4521 J5089",0.00858369098712446,5,0.00741630901287554,"same","knowledge",-0.0040141124405548,353,36,172,95,"old",1,"knowledge knowledge_1",0.5,2.08108108108108,0.230905499059899,0.640495744224907,-0.040141124405548,-0.647090006149123
"J4521 J5304",0.0196078431372549,"J4521","J5304","knowledge","naive","knowledge naive","knowledge naive","J4521 J5304",0.00851063829787234,0,0.0110972048393826,"different","knowledge",-0.000379425727963885,353,29,172,42,"old",0,"knowledge naive_0",-0.5,-2.91891891891892,-0.323867453226871,-0.229061120372005,-0.00379425727963885,-0.648850562601835
"J4521 J5476",0.00806451612903226,"J4521","J5476","knowledge","naive","knowledge naive","knowledge naive","J4521 J5476",0.00766283524904215,0,0.000401680879990109,"different","knowledge",-0.0116112232737621,353,48,172,66,"old",0,"knowledge naive_0",-0.5,-2.91891891891892,-0.323867453226871,-0.229061120372005,-0.116112232737621,-0.669282461051133
"J4521 J5645",0.0294117647058824,"J4521","J5645","knowledge","naive","knowledge naive","knowledge naive","J4521 J5645",0.0366666666666667,0,-0.0072549019607843,"different","knowledge",-0.000921577334988952,353,144,172,161,"old",0,"knowledge naive_0",-0.5,-2.91891891891892,-0.323867453226871,-0.229061120372005,-0.00921577334988952,0.0297045725330717
"J4521 J664",0.0045045045045045,"J4521","J664","knowledge","knowledge","knowledge knowledge","knowledge knowledge","J4521 J664",0.0152905198776758,7,-0.0107860153731713,"same","knowledge",-0.0179740656915742,353,512,172,366,"old",1,"knowledge knowledge_1",0.5,4.08108108108108,0.452814679974607,0.988318490063672,-0.179740656915742,-0.485456656283677
"J4552 J4699",0.0296296296296296,"J4552","J4699","naive","naive","naive naive","naive naive","J4552 J4699",0.0113636363636364,0,0.0182659932659932,"same","naive",0.00859401238331937,23,175,182,352,"old",0,"naive naive_0",-0.5,-0.366310160427808,-0.248069775821609,-0.229061120372005,0.0859401238331937,-0.580093830910239
"J4552 J505",0.0113636363636364,"J4552","J505","naive","naive","naive naive","naive naive","J4552 J505",0.0416666666666667,0,-0.0303030303030303,"same","naive",-0.0208069806366392,23,30,182,39,"old",0,"naive naive_0",-0.5,-0.366310160427808,-0.248069775821609,-0.229061120372005,-0.208069806366392,0.150203658243426
"J4552 J5559",0.0125,"J4552","J5559","naive","naive","naive naive","naive naive","J4552 J5559",0.0588235294117647,0,-0.0463235294117647,"same","naive",-0.0259749918609766,23,31,182,28,"old",0,"naive naive_0",-0.5,-0.366310160427808,-0.248069775821609,-0.229061120372005,-0.259749918609766,0.563680913131898
"J4552 J6000",0.0106382978723404,"J4552","J6000","naive","naive","naive naive","naive naive","J4552 J6000",0.037037037037037,0,-0.0263987391646966,"same","naive",-0.0198311386099683,23,72,182,67,"old",0,"naive naive_0",-0.5,-0.366310160427808,-0.248069775821609,-0.229061120372005,-0.198311386099683,0.038630430733837
"J4552 J664",0.00934579439252336,"J4552","J664","naive","knowledge","naive knowledge","knowledge naive","J4552 J664",0.0252100840336134,0,-0.01586428964109,"different","knowledge",-0.016777769169937,23,512,182,366,"old",0,"knowledge naive_0",-0.5,-2.91891891891892,-0.323867453226871,-0.229061120372005,-0.16777769169937,-0.246396973996539
"J4569 J5503",0.0338983050847458,"J4569","J5503","naive","naive","naive naive","naive naive","J4569 J5503",0.2,0,-0.166101694915254,"same","naive",-0.0564526856299992,121,14,98,156,"old",0,"naive naive_0",-0.5,-0.366310160427808,-0.248069775821609,-0.229061120372005,-0.564526856299992,3.96600803907133
"J4601 J4699",0.0308641975308642,"J4601","J4699","knowledge","naive","knowledge naive","knowledge naive","J4601 J4699",0.0431893687707641,0,-0.0123251712398999,"different","knowledge",-0.00186594395870953,302,175,239,352,"old",0,"knowledge naive_0",-0.5,-2.91891891891892,-0.323867453226871,-0.229061120372005,-0.0186594395870953,0.18690050051402
"J4601 J5012",0.00847457627118644,"J4601","J5012","knowledge","naive","knowledge naive","knowledge naive","J4601 J5012",0.0443037974683544,0,-0.035829221197168,"different","knowledge",-0.0246650676064121,302,199,239,35,"old",0,"knowledge naive_0",-0.5,-2.91891891891892,-0.323867453226871,-0.229061120372005,-0.246650676064121,0.213758028343823
"J4601 J5021",0.0635838150289017,"J4601","J5021","knowledge","naive","knowledge naive","knowledge naive","J4601 J5021",0.0432276657060519,2,0.0203561493228498,"different","knowledge",0.0308396011392827,302,152,239,127,"old",1,"knowledge naive_1",0.5,-0.918918918918919,-0.101958272312163,0.118761625466759,0.308396011392827,0.187823449651558
"J4601 J5089",0.00680272108843537,"J4601","J5089","knowledge","knowledge","knowledge knowledge","knowledge knowledge","J4601 J5089",0.00401606425702811,0,0.00278665683140726,"same","knowledge",-0.0115329941090971,302,36,239,95,"old",0,"knowledge knowledge_0",-0.5,-2.91891891891892,-0.323867453226871,-0.229061120372005,-0.115329941090971,-0.75716897511768
"J4601 J5304",0.0245901639344262,"J4601","J5304","knowledge","naive","knowledge naive","knowledge naive","J4601 J5304",0.008,0,0.0165901639344262,"different","knowledge",0.00479053166080615,302,29,239,42,"old",0,"knowledge naive_0",-0.5,-2.91891891891892,-0.323867453226871,-0.229061120372005,0.0479053166080615,-0.661156852206297
"J4601 J5476",0.020979020979021,"J4601","J5476","knowledge","naive","knowledge naive","knowledge naive","J4601 J5476",0.0145985401459854,0,0.0063804808330356,"different","knowledge",-0.00124527781036764,302,48,239,66,"old",0,"knowledge naive_0",-0.5,-2.91891891891892,-0.323867453226871,-0.229061120372005,-0.0124527781036764,-0.502133241283435
"J4601 J5645",0.0949720670391061,"J4601","J5645","knowledge","naive","knowledge naive","knowledge naive","J4601 J5645",0.0830564784053156,14,0.0119155886337905,"different","knowledge",0.0475925571024549,302,144,239,161,"old",1,"knowledge naive_1",0.5,11.0810810810811,1.22949681317609,2.20569810049935,0.475925571024549,1.14769055268961
"J4601 J664",0.012448132780083,"J4601","J664","knowledge","knowledge","knowledge knowledge","knowledge knowledge","J4601 J664",0.00872093023255814,2.5,0.00372720254752486,"same","knowledge",-0.00761640890628837,302,512,239,366,"old",1,"knowledge knowledge_1",0.5,-0.418918918918919,-0.0464809770834861,0.205717311926451,-0.0761640890628837,-0.643782565429455
"J4651 J4731",0.0212765957446809,"J4651","J4731","naive","naive","naive naive","naive naive","J4651 J4731",0.0126582278481013,0,0.0086183678965796,"same","naive",-0.000234725605042405,99,182,90,103,"old",0,"naive naive_0",-0.5,-0.366310160427808,-0.248069775821609,-0.229061120372005,-0.00234725605042405,-0.548894412860953
"J4651 J4747",0.0373831775700935,"J4651","J4747","naive","naive","naive naive","naive naive","J4651 J4747",0.0246913580246914,0,0.0126918195454021,"same","naive",0.01145022246903,99,247,90,345,"old",0,"naive naive_0",-0.5,-0.366310160427808,-0.248069775821609,-0.229061120372005,0.1145022246903,-0.258898175958395
"J4699 J5012",0.036144578313253,"J4699","J5012","naive","naive","naive naive","naive naive","J4699 J5012",0.0235294117647059,0,0.0126151665485471,"same","naive",0.0106385861657184,175,199,352,35,"old",0,"naive naive_0",-0.5,-0.366310160427808,-0.248069775821609,-0.229061120372005,0.106385861657184,-0.286900868352959
"J4699 J5021",0.0342465753424658,"J4699","J5021","naive","naive","naive naive","naive naive","J4699 J5021",0.0248756218905473,0,0.0093709534519185,"same","naive",0.00824591156407025,175,152,352,127,"old",0,"naive naive_0",-0.5,-0.366310160427808,-0.248069775821609,-0.229061120372005,0.0824591156407025,-0.254457450485377
"J4699 J5089",0.0087719298245614,"J4699","J5089","naive","knowledge","naive knowledge","knowledge naive","J4699 J5089",0.010752688172043,0,-0.0019807583474816,"different","knowledge",-0.0120391914589673,175,36,352,95,"old",0,"knowledge naive_0",-0.5,-2.91891891891892,-0.323867453226871,-0.229061120372005,-0.120391914589673,-0.594817570610919
"J4699 J5314",0.0240963855421687,"J4699","J5314","naive","naive","naive naive","naive naive","J4699 J5314",0.0113636363636364,0,0.0127327491785323,"same","naive",0.00306076829585847,175,16,352,22,"old",0,"naive naive_0",-0.5,-0.366310160427808,-0.248069775821609,-0.229061120372005,0.0306076829585847,-0.580093830910239
"J4699 J5476",0.00892857142857143,"J4699","J5476","naive","naive","naive naive","naive naive","J4699 J5476",0.0427350427350427,0,-0.0338064713064713,"same","naive",-0.023634625691235,175,48,352,66,"old",0,"naive naive_0",-0.5,-0.366310160427808,-0.248069775821609,-0.229061120372005,-0.23634625691235,0.175951326130253
"J4699 J5559",0.0133333333333333,"J4699","J5559","naive","naive","naive naive","naive naive","J4699 J5559",0.0116279069767442,0,0.0017054263565891,"same","naive",-0.0077993914689708,175,31,352,28,"old",0,"naive naive_0",-0.5,-0.366310160427808,-0.248069775821609,-0.229061120372005,-0.077993914689708,-0.573724957458318
"J4699 J5645",0.01875,"J4699","J5645","naive","naive","naive naive","naive naive","J4699 J5645",0.0240963855421687,0,-0.0053463855421687,"same","naive",-0.00696432949232883,175,144,352,161,"old",0,"naive naive_0",-0.5,-0.366310160427808,-0.248069775821609,-0.229061120372005,-0.0696432949232883,-0.273236903991756
"J4699 J6023",0.0144927536231884,"J4699","J6023","naive","naive","naive naive","naive naive","J4699 J6023",0.0108695652173913,0,0.0036231884057971,"same","naive",-0.00636131471408977,175,19,352,8,"old",0,"naive naive_0",-0.5,-0.366310160427808,-0.248069775821609,-0.229061120372005,-0.0636131471408976,-0.59200085518992
"J4731 J4747",0.0194174757281553,"J4731","J4747","naive","naive","naive naive","naive naive","J4731 J4747",0.0459770114942529,0,-0.0265595357660976,"same","naive",-0.0143369989957447,182,247,103,345,"old",0,"naive naive_0",-0.5,-0.366310160427808,-0.248069775821609,-0.229061120372005,-0.143369989957447,0.254082180407525
"J4731 J5519",0.0166666666666667,"J4731","J5519","naive","naive","naive naive","naive naive","J4731 J5519",0.0405405405405405,0,-0.0238738738738738,"same","naive",-0.0150901496670764,182,103,103,154,"old",0,"naive naive_0",-0.5,-0.366310160427808,-0.248069775821609,-0.229061120372005,-0.150901496670764,0.123064224524876
"J4731 J664",0.00609756097560976,"J4731","J664","naive","knowledge","naive knowledge","knowledge naive","J4731 J664",0.012987012987013,0,-0.00688945201140324,"different","knowledge",-0.0155345741146629,182,512,103,366,"old",0,"knowledge naive_0",-0.5,-2.91891891891892,-0.323867453226871,-0.229061120372005,-0.155345741146629,-0.54097075113415
"J4747 J5316",0.024,"J4747","J5316","naive","naive","naive naive","naive naive","J4747 J5316",0.0298507462686567,1.5,-0.0058507462686567,"same","naive",-0.00382879806636001,247,96,345,88,"old",1,"naive naive_1",0.5,1.13368983957219,0.767748795243519,0.0318059390070683,-0.0382879806636001,-0.134557862713881
"J4747 J5519",0.0163934426229508,"J4747","J5519","naive","naive","naive naive","naive naive","J4747 J5519",0.0256410256410256,2,-0.0092475830180748,"same","naive",-0.00988847258436234,247,103,345,154,"old",1,"naive naive_1",0.5,1.63368983957219,1.10635498559856,0.118761625466759,-0.0988847258436234,-0.236011360058995
"J4747 J5607",0.0176991150442478,"J4747","J5607","naive","naive","naive naive","naive naive","J4747 J5607",0.0422535211267606,0,-0.0245544060825128,"same","naive",-0.0146871445568969,247,96,345,64,"old",0,"naive naive_0",-0.5,-0.366310160427808,-0.248069775821609,-0.229061120372005,-0.146871445568969,0.164346743420698
"J4747 J664",0.0316742081447964,"J4747","J664","naive","knowledge","naive knowledge","knowledge naive","J4747 J664",0.0258064516129032,0,0.0058677565318932,"different","knowledge",0.00533150633833009,247,512,345,366,"old",0,"knowledge naive_0",-0.5,-2.91891891891892,-0.323867453226871,-0.229061120372005,0.0533150633833009,-0.232024624386195
"J4840 J5519",0.0222222222222222,"J4840","J5519","naive","naive","naive naive","naive naive","J4840 J5519",0.0175438596491228,0,0.0046783625730994,"same","naive",-0.00108434892127833,287,103,33,154,"old",0,"naive naive_0",-0.5,-0.366310160427808,-0.248069775821609,-0.229061120372005,-0.0108434892127833,-0.431151579832848
"J4954 J664",0.00881057268722467,"J4954","J664","naive","knowledge","naive knowledge","knowledge naive","J4954 J664",0.00709219858156028,0,0.00171837410566439,"different","knowledge",-0.0106554834235532,44,512,113,366,"old",0,"knowledge naive_0",-0.5,-2.91891891891892,-0.323867453226871,-0.229061120372005,-0.106554834235532,-0.683034700392007
"J4961 J5583",0.0232558139534884,"J4961","J5583","naive","naive","naive naive","naive naive","J4961 J5583",0.5,0,-0.476744186046512,"same","naive",-0.177331674325514,25,13,75,65,"old",0,"naive naive_0",-0.5,-0.366310160427808,-0.248069775821609,-0.229061120372005,-1.77331674325514,11.1959531816926
"J4962 J5006",0.0153846153846154,"J4962","J5006","naive","naive","naive naive","naive naive","J4962 J5006",0.027027027027027,0,-0.0116424116424116,"same","naive",-0.0114065929507377,85,35,124,30,"old",0,"naive naive_0",-0.5,-0.366310160427808,-0.248069775821609,-0.229061120372005,-0.114065929507377,-0.202608980097704
"J4962 J5074",0.00980392156862745,"J4962","J5074","naive","knowledge","naive knowledge","knowledge naive","J4962 J5074",0.0588235294117647,0,-0.0490196078431372,"different","knowledge",-0.0286710702923492,85,40,124,120,"old",0,"knowledge naive_0",-0.5,-2.91891891891892,-0.323867453226871,-0.229061120372005,-0.286710702923492,0.563680913131898
"J4962 J5503",0.0230769230769231,"J4962","J5503","naive","naive","naive naive","naive naive","J4962 J5503",0.037037037037037,0,-0.0139601139601139,"same","naive",-0.00739251340538558,85,14,124,156,"old",0,"naive naive_0",-0.5,-0.366310160427808,-0.248069775821609,-0.229061120372005,-0.0739251340538558,0.038630430733837
"J4962 J664",0.0101522842639594,"J4962","J664","naive","knowledge","naive knowledge","knowledge naive","J4962 J664",0.0227272727272727,0,-0.0125749884633133,"different","knowledge",-0.0150589578900878,85,512,124,366,"old",0,"knowledge naive_0",-0.5,-2.91891891891892,-0.323867453226871,-0.229061120372005,-0.150589578900878,-0.306232272477616
"J4986 J5645",0.0072992700729927,"J4986","J5645","naive","naive","naive naive","naive naive","J4986 J5645",0.0108695652173913,0,-0.0035702951443986,"same","naive",-0.0135547982642855,8,144,94,161,"old",0,"naive naive_0",-0.5,-0.366310160427808,-0.248069775821609,-0.229061120372005,-0.135547982642855,-0.59200085518992
"J4998 J5012",0.0131578947368421,"J4998","J5012","naive","naive","naive naive","naive naive","J4998 J5012",0.00917431192660551,0,0.00398358281023659,"same","naive",-0.00707324431623438,43,199,164,35,"old",0,"naive naive_0",-0.5,-0.366310160427808,-0.248069775821609,-0.229061120372005,-0.0707324431623438,-0.632856149507351
"J4998 J505",0.0273972602739726,"J4998","J505","naive","naive","naive naive","naive naive","J4998 J505",0.0344827586206897,0,-0.0070854983467171,"same","naive",-0.00213359385359573,43,30,164,39,"old",0,"naive naive_0",-0.5,-0.366310160427808,-0.248069775821609,-0.229061120372005,-0.0213359385359573,-0.0229272120300715
"J4998 J5316",0.0099009900990099,"J4998","J5316","naive","naive","naive naive","naive naive","J4998 J5316",0.0277777777777778,0,-0.0178767876787679,"same","naive",-0.0171660853473649,43,96,164,88,"old",0,"naive naive_0",-0.5,-0.366310160427808,-0.248069775821609,-0.229061120372005,-0.171660853473649,-0.184516024285337
"J4998 J5645",0.0198675496688742,"J4998","J5645","naive","naive","naive naive","naive naive","J4998 J5645",0.0192307692307692,0,0.000636780438105,"same","naive",-0.00405888482125395,43,144,164,161,"old",0,"naive naive_0",-0.5,-0.366310160427808,-0.248069775821609,-0.229061120372005,-0.0405888482125395,-0.390497367379962
"J4998 J6000",0.0253164556962025,"J4998","J6000","naive","naive","naive naive","naive naive","J4998 J6000",0.03125,0,-0.0059335443037975,"same","naive",-0.00302650513864752,43,72,164,67,"old",0,"naive naive_0",-0.5,-0.366310160427808,-0.248069775821609,-0.229061120372005,-0.0302650513864752,-0.100836103653147
"J4998 J6023",0.0166666666666667,"J4998","J6023","naive","naive","naive naive","naive naive","J4998 J6023",0.0357142857142857,0,-0.019047619047619,"same","naive",-0.01331671823908,43,19,164,8,"old",0,"naive naive_0",-0.5,-0.366310160427808,-0.248069775821609,-0.229061120372005,-0.1331671823908,0.00675236573109809
"J4998 J664",0.00497512437810945,"J4998","J664","naive","knowledge","naive knowledge","knowledge naive","J4998 J664",0.016,0,-0.0110248756218905,"different","knowledge",-0.0177641478305575,43,512,164,366,"old",0,"knowledge naive_0",-0.5,-2.91891891891892,-0.323867453226871,-0.229061120372005,-0.177641478305575,-0.468358315069729
"J5006 J5074",0.0925925925925926,"J5006","J5074","naive","knowledge","naive knowledge","knowledge naive","J5006 J5074",0.166666666666667,4,-0.0740740740740744,"different","knowledge",0.0144901016072095,35,40,30,120,"old",1,"knowledge naive_1",0.5,1.08108108108108,0.119950908602545,0.466584371305524,0.144901016072095,3.1626808010023
"J5012 J5021",0.0510204081632653,"J5012","J5021","naive","naive","naive naive","naive naive","J5012 J5021",0.0373831775700935,0,0.0136372305931718,"same","naive",0.0204237806141927,199,152,35,127,"old",0,"naive naive_0",-0.5,-0.366310160427808,-0.248069775821609,-0.229061120372005,0.204237806141927,0.0469723542859575
"J5012 J5476",0.015625,"J5012","J5476","naive","naive","naive naive","naive naive","J5012 J5476",0.0147058823529412,0,0.000919117647058799,"same","naive",-0.00663874221917405,199,48,35,66,"old",0,"naive naive_0",-0.5,-0.366310160427808,-0.248069775821609,-0.229061120372005,-0.0663874221917405,-0.499546313724173
"J5012 J5559",0.037037037037037,"J5012","J5559","naive","naive","naive naive","naive naive","J5012 J5559",0.00980392156862745,0,0.0272331154684095,"same","naive",0.0165745447780632,199,31,35,28,"old",0,"naive naive_0",-0.5,-0.366310160427808,-0.248069775821609,-0.229061120372005,0.165745447780632,-0.617682672263738
"J5012 J5645",0.0267857142857143,"J5012","J5645","naive","naive","naive naive","naive naive","J5012 J5645",0.0333333333333333,0,-0.006547619047619,"same","naive",-0.00232277778222083,199,144,35,161,"old",0,"naive naive_0",-0.5,-0.366310160427808,-0.248069775821609,-0.229061120372005,-0.0232277778222083,-0.0506281512738333
"J5012 J6023",0.1,"J5012","J6023","naive","naive","naive naive","naive naive","J5012 J6023",0.0186915887850467,0,0.0813084112149533,"same","naive",0.0762716900561771,199,19,35,8,"old",0,"naive naive_0",-0.5,-0.366310160427808,-0.248069775821609,-0.229061120372005,0.762716900561771,-0.403491517528455
"J5021 J5304",0.0186915887850467,"J5021","J5304","naive","naive","naive naive","naive naive","J5021 J5304",0.0140845070422535,0,0.0046070817427932,"same","naive",-0.00334382597438364,152,29,127,42,"old",0,"naive naive_0",-0.5,-0.366310160427808,-0.248069775821609,-0.229061120372005,-0.0334382597438364,-0.514521345088344
"J5021 J5476",0.0743801652892562,"J5021","J5476","naive","naive","naive naive","naive naive","J5021 J5476",0.00591715976331361,0,0.0684630055259426,"same","naive",0.0553458830578969,152,48,127,66,"old",0,"naive naive_0",-0.5,-0.366310160427808,-0.248069775821609,-0.229061120372005,0.553458830578969,-0.711352921046587
"J5021 J5645",0.0344827586206897,"J5021","J5645","naive","naive","naive naive","naive naive","J5021 J5645",0.0380952380952381,1,-0.0036124794745484,"same","naive",0.00362448087713142,152,144,127,161,"old",1,"naive naive_1",0.5,0.633689839572192,0.429142604888476,-0.0551497474526229,0.0362448087713142,0.0641328827360294
"J5021 J664",0.00440528634361234,"J5021","J664","naive","knowledge","naive knowledge","knowledge naive","J5021 J664",0.00843881856540084,0,-0.0040335322217885,"different","knowledge",-0.0155555920023942,152,512,127,366,"old",0,"knowledge naive_0",-0.5,-2.91891891891892,-0.323867453226871,-0.229061120372005,-0.155555920023942,-0.650581405021591
"J505 J664",0.0125786163522013,"J505","J664","naive","knowledge","naive knowledge","knowledge naive","J505 J664",0.016,4,-0.0034213836477987,"different","knowledge",-0.0101606558564656,30,512,39,366,"old",1,"knowledge naive_1",0.5,1.08108108108108,0.119950908602545,0.466584371305524,-0.101606558564656,-0.468358315069729
"J5089 J5222",0.0363636363636364,"J5089","J5222","knowledge","naive","knowledge naive","knowledge naive","J5089 J5222",0.0434782608695652,0,-0.00711462450592881,"different","knowledge",0.00352734003024327,36,44,95,33,"old",0,"knowledge naive_0",-0.5,-2.91891891891892,-0.323867453226871,-0.229061120372005,0.0352734003024327,0.193862747268916
"J5089 J5645",0.0285714285714286,"J5089","J5645","knowledge","naive","knowledge naive","knowledge naive","J5089 J5645",0.00952380952380952,0,0.0190476190476191,"different","knowledge",0.00821186488160915,36,144,95,161,"old",0,"knowledge naive_0",-0.5,-2.91891891891892,-0.323867453226871,-0.229061120372005,0.0821186488160915,-0.624433321323141
"J5146 J5316",0.0208333333333333,"J5146","J5316","knowledge","naive","knowledge naive","knowledge naive","J5146 J5316",0.025,9,-0.0041666666666667,"different","knowledge",-0.00521303380226135,68,96,7,88,"old",1,"knowledge naive_1",0.5,6.08108108108108,0.674723860889315,1.33614123590244,-0.0521303380226135,-0.25145996079109
"J5146 J664",0.00675675675675676,"J5146","J664","knowledge","knowledge","knowledge knowledge","knowledge knowledge","J5146 J664",0.0155038759689922,3,-0.00874711921223544,"same","knowledge",-0.0158002122001243,68,512,7,366,"old",1,"knowledge knowledge_1",0.5,0.0810810810810811,0.00899631814519087,0.292672998386142,-0.158002122001243,-0.480314813496804
"J5222 J5595",0.0476190476190476,"J5222","J5595","naive","naive","naive naive","naive naive","J5222 J5595",0.0588235294117647,1,-0.0112044817927171,"same","naive",0.00914405575807096,44,27,33,100,"old",1,"naive naive_1",0.5,0.633689839572192,0.429142604888476,-0.0551497474526229,0.0914405575807096,0.563680913131898
"J5271 J5559",0.1,"J5271","J5559","naive","naive","naive naive","naive naive","J5271 J5559",0.375,1,-0.275,"same","naive",-0.0546556142938953,14,31,38,28,"old",1,"naive naive_1",0.5,0.633689839572192,0.429142604888476,-0.0551497474526229,-0.546556142938953,8.18347603893375
"J5304 J5645",0.0168067226890756,"J5304","J5645","naive","naive","naive naive","naive naive","J5304 J5645",0.0188679245283019,0,-0.0020612018392263,"same","naive",-0.00698638270385342,29,144,42,161,"old",0,"naive naive_0",-0.5,-0.366310160427808,-0.248069775821609,-0.229061120372005,-0.0698638270385342,-0.399241858360393
"J5314 J5476",0.103448275862069,"J5314","J5476","naive","naive","naive naive","naive naive","J5314 J5476",0.0816326530612245,0,0.0218156228008445,"same","naive",0.0565919576556706,16,48,22,66,"old",0,"naive naive_0",-0.5,-0.366310160427808,-0.248069775821609,-0.229061120372005,0.565919576556706,1.11337662225477
"J5316 J5379",0.0204081632653061,"J5316","J5379","naive","naive","naive naive","naive naive","J5316 J5379",0.0731707317073171,0,-0.052762568442011,"same","naive",-0.0233387796986958,96,80,88,15,"old",0,"naive naive_0",-0.5,-0.366310160427808,-0.248069775821609,-0.229061120372005,-0.233387796986958,0.909445864955012
"J5316 J5477",0.0394736842105263,"J5316","J5477","naive","naive","naive naive","naive naive","J5316 J5477",0.0263157894736842,11,0.0131578947368421,"same","naive",0.0129438236645621,96,70,88,67,"old",1,"naive naive_1",0.5,10.6336898395722,7.20126641198932,1.6839639817412,0.129438236645621,-0.219749675077839
"J5316 J664",0.0217391304347826,"J5316","J664","naive","knowledge","naive knowledge","knowledge naive","J5316 J664",0.0151515151515152,0,0.0065876152832674,"different","knowledge",-0.000688361780773306,96,512,88,366,"old",0,"knowledge naive_0",-0.5,-2.91891891891892,-0.323867453226871,-0.229061120372005,-0.00688361780773306,-0.488806644766031
"J5476 J5645",0.00709219858156028,"J5476","J5645","naive","naive","naive naive","naive naive","J5476 J5645",0.0075187969924812,0,-0.00042659841092092,"same","naive",-0.0125306132448389,48,144,66,161,"old",0,"naive naive_0",-0.5,-0.366310160427808,-0.248069775821609,-0.229061120372005,-0.125306132448389,-0.672753756695715
"J5477 J664",0.00561797752808989,"J5477","J664","naive","knowledge","naive knowledge","knowledge naive","J5477 J664",0.0078125,9,-0.00219452247191011,"different","knowledge",-0.0141127569345525,70,512,67,366,"old",1,"knowledge naive_1",0.5,6.08108108108108,0.674723860889315,1.33614123590244,-0.141127569345525,-0.665675567920435
"J5503 J6000",0.0202020202020202,"J5503","J6000","naive","naive","naive naive","naive naive","J5503 J6000",0.0454545454545455,0,-0.0252525252525253,"same","naive",-0.0133604717675011,14,72,156,67,"old",0,"naive naive_0",-0.5,-0.366310160427808,-0.248069775821609,-0.229061120372005,-0.133604717675011,0.241490844387635
"J5519 J5607",0.0142857142857143,"J5519","J5607","naive","naive","naive naive","naive naive","J5519 J5607",0.0169491525423729,0,-0.0026634382566586,"same","naive",-0.00880232876270396,103,96,154,64,"old",0,"naive naive_0",-0.5,-0.366310160427808,-0.248069775821609,-0.229061120372005,-0.0880232876270396,-0.445483912358611
"J5519 J664",0.00546448087431694,"J5519","J664","naive","knowledge","naive knowledge","knowledge naive","J5519 J664",0.013986013986014,0,-0.00852153311169706,"different","knowledge",-0.0165347421199326,103,512,154,366,"old",0,"knowledge naive_0",-0.5,-2.91891891891892,-0.323867453226871,-0.229061120372005,-0.165347421199326,-0.51689500973348
"J5559 J5595",0.0232558139534884,"J5559","J5595","naive","naive","naive naive","naive naive","J5559 J5595",0.0625,2,-0.0392441860465116,"same","naive",-0.0165701153776385,31,27,28,100,"old",1,"naive naive_1",0.5,1.63368983957219,1.10635498559856,0.118761625466759,-0.165701153776385,0.652283182036571
"J5607 J664",0.00574712643678161,"J5607","J664","naive","knowledge","naive knowledge","knowledge naive","J5607 J664",0.0072463768115942,0,-0.00149925037481259,"different","knowledge",-0.0137755832342616,96,512,64,366,"old",0,"knowledge naive_0",-0.5,-2.91891891891892,-0.323867453226871,-0.229061120372005,-0.137755832342616,-0.679319033240901
"J5645 J664",0.0126582278481013,"J5645","J664","naive","knowledge","naive knowledge","knowledge naive","J5645 J664",0.015,4,-0.0023417721518987,"different","knowledge",-0.00971358936868476,144,512,161,366,"old",1,"knowledge naive_1",0.5,1.08108108108108,0.119950908602545,0.466584371305524,-0.0971358936868476,-0.4924581322118
"J6000 J664",0.0121212121212121,"J6000","J664","naive","knowledge","naive knowledge","knowledge naive","J6000 J664",0.00775193798449612,0,0.00436927413671598,"different","knowledge",-0.00758726852651502,72,512,67,366,"old",0,"knowledge naive_0",-0.5,-2.91891891891892,-0.323867453226871,-0.229061120372005,-0.0758726852651502,-0.667135101419834
"J6017 J664",0.0132450331125828,"J6017","J664","naive","knowledge","naive knowledge","knowledge naive","J6017 J664",0.0116279069767442,0,0.0016171261358386,"different","knowledge",-0.0078876916897213,157,512,24,366,"old",0,"knowledge naive_0",-0.5,-2.91891891891892,-0.323867453226871,-0.229061120372005,-0.078876916897213,-0.573724957458318
