"ID1","ID2"
"J1001","J1046"
"J1001","J1057"
"J1001","J1076"
"J1001","J1093"
"J1001","J1096"
"J1001","J1154"
"J1001","J1266"
"J1001","J1317"
"J1001","J1345"
"J1001","J1351"
"J1001","J1458"
"J1001","J1480"
"J1001","J1529"
"J1001","J1556"
"J1001","J1618"
"J1001","J1623"
"J1001","J1627"
"J1001","J1631"
"J1001","J164"
"J1001","J1735"
"J1001","J1902"
"J1001","J1916"
"J1001","J1962"
"J1001","J1964"
"J1001","J1973"
"J1001","J2039"
"J1001","J2124"
"J1001","J2128"
"J1001","J2168"
"J1001","J2196"
"J1001","J2375"
"J1001","J2377"
"J1001","J2392"
"J1001","J2415"
"J1001","J2488"
"J1001","J2563"
"J1001","J2572"
"J1001","J2621"
"J1001","J2661"
"J1001","J2728"
"J1001","J2801"
"J1001","J2941"
"J1001","J295"
"J1001","J2969"
"J1001","J3096"
"J1001","J3305"
"J1001","J3369"
"J1001","J3383"
"J1001","J3492"
"J1001","J3508"
"J1001","J3549"
"J1001","J3610"
"J1001","J3679"
"J1001","J3702"
"J1001","J3714"
"J1001","J3715"
"J1001","J3716"
"J1001","J3718"
"J1001","J3749"
"J1001","J3753"
"J1001","J3759"
"J1001","J3845"
"J1001","J3884"
"J1001","J3899"
"J1001","J3987"
"J1001","J4001"
"J1001","J4044"
"J1001","J4046"
"J1001","J4109"
"J1001","J4112"
"J1001","J4126"
"J1001","J4151"
"J1001","J4161"
"J1001","J4162"
"J1001","J4189"
"J1001","J42"
"J1001","J4214"
"J1001","J4304"
"J1001","J4315"
"J1001","J4345"
"J1001","J4514"
"J1001","J4521"
"J1001","J4552"
"J1001","J4569"
"J1001","J4601"
"J1001","J4651"
"J1001","J4654"
"J1001","J4715"
"J1001","J4728"
"J1001","J4731"
"J1001","J4747"
"J1001","J4782"
"J1001","J4840"
"J1001","J4954"
"J1001","J4961"
"J1001","J4962"
"J1001","J4967"
"J1001","J4968"
"J1001","J4986"
"J1001","J4998"
"J1001","J5006"
"J1001","J5012"
"J1001","J5017"
"J1001","J5021"
"J1001","J5043"
"J1001","J505"
"J1001","J5053"
"J1001","J5074"
"J1001","J5089"
"J1001","J5095"
"J1001","J5121"
"J1001","J5146"
"J1001","J5215"
"J1001","J5222"
"J1001","J5255"
"J1001","J5269"
"J1001","J5271"
"J1001","J5309"
"J1001","J5316"
"J1001","J5379"
"J1001","J5428"
"J1001","J5456"
"J1001","J5475"
"J1001","J5476"
"J1001","J5477"
"J1001","J5489"
"J1001","J5503"
"J1001","J5519"
"J1001","J5559"
"J1001","J5566"
"J1001","J5568"
"J1001","J5582"
"J1001","J5583"
"J1001","J5595"
"J1001","J56"
"J1001","J5607"
"J1001","J5618"
"J1001","J5645"
"J1001","J5657A"
"J1001","J5658"
"J1001","J595"
"J1001","J5999"
"J1001","J6000"
"J1001","J6014"
"J1001","J6017"
"J1001","J6023"
"J1001","J6024"
"J1001","J6027"
"J1001","J640"
"J1001","J664"
"J1001","J910"
"J1001","J971"
"J1001","J990"
"J1046","J1057"
"J1046","J1076"
"J1046","J1093"
"J1046","J1096"
"J1046","J1154"
"J1046","J1266"
"J1046","J1317"
"J1046","J1345"
"J1046","J1351"
"J1046","J1458"
"J1046","J1480"
"J1046","J1529"
"J1046","J1556"
"J1046","J1618"
"J1046","J1623"
"J1046","J1627"
"J1046","J1631"
"J1046","J164"
"J1046","J1735"
"J1046","J1902"
"J1046","J1916"
"J1046","J1962"
"J1046","J1964"
"J1046","J1973"
"J1046","J2039"
"J1046","J2124"
"J1046","J2128"
"J1046","J2168"
"J1046","J2196"
"J1046","J2375"
"J1046","J2377"
"J1046","J2392"
"J1046","J2415"
"J1046","J2488"
"J1046","J2563"
"J1046","J2572"
"J1046","J2621"
"J1046","J2661"
"J1046","J2728"
"J1046","J2801"
"J1046","J2941"
"J1046","J295"
"J1046","J2969"
"J1046","J3096"
"J1046","J3305"
"J1046","J3369"
"J1046","J3383"
"J1046","J3492"
"J1046","J3508"
"J1046","J3549"
"J1046","J3610"
"J1046","J3679"
"J1046","J3702"
"J1046","J3714"
"J1046","J3715"
"J1046","J3716"
"J1046","J3718"
"J1046","J3749"
"J1046","J3753"
"J1046","J3759"
"J1046","J3845"
"J1046","J3884"
"J1046","J3899"
"J1046","J3987"
"J1046","J4001"
"J1046","J4044"
"J1046","J4046"
"J1046","J4109"
"J1046","J4112"
"J1046","J4126"
"J1046","J4151"
"J1046","J4161"
"J1046","J4162"
"J1046","J4189"
"J1046","J42"
"J1046","J4214"
"J1046","J4304"
"J1046","J4315"
"J1046","J4345"
"J1046","J4514"
"J1046","J4521"
"J1046","J4552"
"J1046","J4569"
"J1046","J4601"
"J1046","J4651"
"J1046","J4654"
"J1046","J4715"
"J1046","J4728"
"J1046","J4731"
"J1046","J4747"
"J1046","J4782"
"J1046","J4840"
"J1046","J4954"
"J1046","J4961"
"J1046","J4962"
"J1046","J4967"
"J1046","J4968"
"J1046","J4986"
"J1046","J4998"
"J1046","J5006"
"J1046","J5012"
"J1046","J5017"
"J1046","J5021"
"J1046","J5043"
"J1046","J505"
"J1046","J5053"
"J1046","J5074"
"J1046","J5089"
"J1046","J5095"
"J1046","J5121"
"J1046","J5146"
"J1046","J5215"
"J1046","J5222"
"J1046","J5255"
"J1046","J5269"
"J1046","J5271"
"J1046","J5309"
"J1046","J5316"
"J1046","J5379"
"J1046","J5428"
"J1046","J5456"
"J1046","J5475"
"J1046","J5476"
"J1046","J5477"
"J1046","J5489"
"J1046","J5503"
"J1046","J5519"
"J1046","J5559"
"J1046","J5566"
"J1046","J5568"
"J1046","J5582"
"J1046","J5583"
"J1046","J5595"
"J1046","J56"
"J1046","J5607"
"J1046","J5618"
"J1046","J5645"
"J1046","J5657A"
"J1046","J5658"
"J1046","J595"
"J1046","J5999"
"J1046","J6000"
"J1046","J6014"
"J1046","J6017"
"J1046","J6023"
"J1046","J6024"
"J1046","J6027"
"J1046","J640"
"J1046","J664"
"J1046","J910"
"J1046","J971"
"J1046","J990"
"J1057","J1076"
"J1057","J1093"
"J1057","J1096"
"J1057","J1154"
"J1057","J1266"
"J1057","J1317"
"J1057","J1345"
"J1057","J1351"
"J1057","J1458"
"J1057","J1480"
"J1057","J1529"
"J1057","J1556"
"J1057","J1618"
"J1057","J1623"
"J1057","J1627"
"J1057","J1631"
"J1057","J164"
"J1057","J1735"
"J1057","J1902"
"J1057","J1916"
"J1057","J1962"
"J1057","J1964"
"J1057","J1973"
"J1057","J2039"
"J1057","J2124"
"J1057","J2128"
"J1057","J2168"
"J1057","J2196"
"J1057","J2375"
"J1057","J2377"
"J1057","J2392"
"J1057","J2415"
"J1057","J2488"
"J1057","J2563"
"J1057","J2572"
"J1057","J2621"
"J1057","J2661"
"J1057","J2728"
"J1057","J2801"
"J1057","J2941"
"J1057","J295"
"J1057","J2969"
"J1057","J3096"
"J1057","J3305"
"J1057","J3369"
"J1057","J3383"
"J1057","J3492"
"J1057","J3508"
"J1057","J3549"
"J1057","J3610"
"J1057","J3679"
"J1057","J3702"
"J1057","J3714"
"J1057","J3715"
"J1057","J3716"
"J1057","J3718"
"J1057","J3749"
"J1057","J3753"
"J1057","J3759"
"J1057","J3845"
"J1057","J3884"
"J1057","J3899"
"J1057","J3987"
"J1057","J4001"
"J1057","J4044"
"J1057","J4046"
"J1057","J4109"
"J1057","J4112"
"J1057","J4126"
"J1057","J4151"
"J1057","J4161"
"J1057","J4162"
"J1057","J4189"
"J1057","J42"
"J1057","J4214"
"J1057","J4304"
"J1057","J4315"
"J1057","J4345"
"J1057","J4514"
"J1057","J4521"
"J1057","J4552"
"J1057","J4569"
"J1057","J4601"
"J1057","J4651"
"J1057","J4654"
"J1057","J4715"
"J1057","J4728"
"J1057","J4731"
"J1057","J4747"
"J1057","J4782"
"J1057","J4840"
"J1057","J4954"
"J1057","J4961"
"J1057","J4962"
"J1057","J4967"
"J1057","J4968"
"J1057","J4986"
"J1057","J4998"
"J1057","J5006"
"J1057","J5012"
"J1057","J5017"
"J1057","J5021"
"J1057","J5043"
"J1057","J505"
"J1057","J5053"
"J1057","J5074"
"J1057","J5089"
"J1057","J5095"
"J1057","J5121"
"J1057","J5146"
"J1057","J5215"
"J1057","J5222"
"J1057","J5255"
"J1057","J5269"
"J1057","J5271"
"J1057","J5309"
"J1057","J5316"
"J1057","J5379"
"J1057","J5428"
"J1057","J5456"
"J1057","J5475"
"J1057","J5476"
"J1057","J5477"
"J1057","J5489"
"J1057","J5503"
"J1057","J5519"
"J1057","J5559"
"J1057","J5566"
"J1057","J5568"
"J1057","J5582"
"J1057","J5583"
"J1057","J5595"
"J1057","J56"
"J1057","J5607"
"J1057","J5618"
"J1057","J5645"
"J1057","J5657A"
"J1057","J5658"
"J1057","J595"
"J1057","J5999"
"J1057","J6000"
"J1057","J6014"
"J1057","J6017"
"J1057","J6023"
"J1057","J6024"
"J1057","J6027"
"J1057","J640"
"J1057","J664"
"J1057","J910"
"J1057","J971"
"J1057","J990"
"J1076","J1093"
"J1076","J1096"
"J1076","J1154"
"J1076","J1266"
"J1076","J1317"
"J1076","J1345"
"J1076","J1351"
"J1076","J1458"
"J1076","J1480"
"J1076","J1529"
"J1076","J1556"
"J1076","J1618"
"J1076","J1623"
"J1076","J1627"
"J1076","J1631"
"J1076","J164"
"J1076","J1735"
"J1076","J1902"
"J1076","J1916"
"J1076","J1962"
"J1076","J1964"
"J1076","J1973"
"J1076","J2039"
"J1076","J2124"
"J1076","J2128"
"J1076","J2168"
"J1076","J2196"
"J1076","J2375"
"J1076","J2377"
"J1076","J2392"
"J1076","J2415"
"J1076","J2488"
"J1076","J2563"
"J1076","J2572"
"J1076","J2621"
"J1076","J2661"
"J1076","J2728"
"J1076","J2801"
"J1076","J2941"
"J1076","J295"
"J1076","J2969"
"J1076","J3096"
"J1076","J3305"
"J1076","J3369"
"J1076","J3383"
"J1076","J3492"
"J1076","J3508"
"J1076","J3549"
"J1076","J3610"
"J1076","J3679"
"J1076","J3702"
"J1076","J3714"
"J1076","J3715"
"J1076","J3716"
"J1076","J3718"
"J1076","J3749"
"J1076","J3753"
"J1076","J3759"
"J1076","J3845"
"J1076","J3884"
"J1076","J3899"
"J1076","J3987"
"J1076","J4001"
"J1076","J4044"
"J1076","J4046"
"J1076","J4109"
"J1076","J4112"
"J1076","J4126"
"J1076","J4151"
"J1076","J4161"
"J1076","J4162"
"J1076","J4189"
"J1076","J42"
"J1076","J4214"
"J1076","J4304"
"J1076","J4315"
"J1076","J4345"
"J1076","J4514"
"J1076","J4521"
"J1076","J4552"
"J1076","J4569"
"J1076","J4601"
"J1076","J4651"
"J1076","J4654"
"J1076","J4715"
"J1076","J4728"
"J1076","J4731"
"J1076","J4747"
"J1076","J4782"
"J1076","J4840"
"J1076","J4954"
"J1076","J4961"
"J1076","J4962"
"J1076","J4967"
"J1076","J4968"
"J1076","J4986"
"J1076","J4998"
"J1076","J5006"
"J1076","J5012"
"J1076","J5017"
"J1076","J5021"
"J1076","J5043"
"J1076","J505"
"J1076","J5053"
"J1076","J5074"
"J1076","J5089"
"J1076","J5095"
"J1076","J5121"
"J1076","J5146"
"J1076","J5215"
"J1076","J5222"
"J1076","J5255"
"J1076","J5269"
"J1076","J5271"
"J1076","J5309"
"J1076","J5316"
"J1076","J5379"
"J1076","J5428"
"J1076","J5456"
"J1076","J5475"
"J1076","J5476"
"J1076","J5477"
"J1076","J5489"
"J1076","J5503"
"J1076","J5519"
"J1076","J5559"
"J1076","J5566"
"J1076","J5568"
"J1076","J5582"
"J1076","J5583"
"J1076","J5595"
"J1076","J56"
"J1076","J5607"
"J1076","J5618"
"J1076","J5645"
"J1076","J5657A"
"J1076","J5658"
"J1076","J595"
"J1076","J5999"
"J1076","J6000"
"J1076","J6014"
"J1076","J6017"
"J1076","J6023"
"J1076","J6024"
"J1076","J6027"
"J1076","J640"
"J1076","J664"
"J1076","J910"
"J1076","J971"
"J1076","J990"
"J1093","J1096"
"J1093","J1154"
"J1093","J1266"
"J1093","J1317"
"J1093","J1345"
"J1093","J1351"
"J1093","J1458"
"J1093","J1480"
"J1093","J1529"
"J1093","J1556"
"J1093","J1618"
"J1093","J1623"
"J1093","J1627"
"J1093","J1631"
"J1093","J164"
"J1093","J1735"
"J1093","J1902"
"J1093","J1916"
"J1093","J1962"
"J1093","J1964"
"J1093","J1973"
"J1093","J2039"
"J1093","J2124"
"J1093","J2128"
"J1093","J2168"
"J1093","J2196"
"J1093","J2375"
"J1093","J2377"
"J1093","J2392"
"J1093","J2415"
"J1093","J2488"
"J1093","J2563"
"J1093","J2572"
"J1093","J2621"
"J1093","J2661"
"J1093","J2728"
"J1093","J2801"
"J1093","J2941"
"J1093","J295"
"J1093","J2969"
"J1093","J3096"
"J1093","J3305"
"J1093","J3369"
"J1093","J3383"
"J1093","J3492"
"J1093","J3508"
"J1093","J3549"
"J1093","J3610"
"J1093","J3679"
"J1093","J3702"
"J1093","J3714"
"J1093","J3715"
"J1093","J3716"
"J1093","J3718"
"J1093","J3749"
"J1093","J3753"
"J1093","J3759"
"J1093","J3845"
"J1093","J3884"
"J1093","J3899"
"J1093","J3987"
"J1093","J4001"
"J1093","J4044"
"J1093","J4046"
"J1093","J4109"
"J1093","J4112"
"J1093","J4126"
"J1093","J4151"
"J1093","J4161"
"J1093","J4162"
"J1093","J4189"
"J1093","J42"
"J1093","J4214"
"J1093","J4304"
"J1093","J4315"
"J1093","J4345"
"J1093","J4514"
"J1093","J4521"
"J1093","J4552"
"J1093","J4569"
"J1093","J4601"
"J1093","J4651"
"J1093","J4654"
"J1093","J4715"
"J1093","J4728"
"J1093","J4731"
"J1093","J4747"
"J1093","J4782"
"J1093","J4840"
"J1093","J4954"
"J1093","J4961"
"J1093","J4962"
"J1093","J4967"
"J1093","J4968"
"J1093","J4986"
"J1093","J4998"
"J1093","J5006"
"J1093","J5012"
"J1093","J5017"
"J1093","J5021"
"J1093","J5043"
"J1093","J505"
"J1093","J5053"
"J1093","J5074"
"J1093","J5089"
"J1093","J5095"
"J1093","J5121"
"J1093","J5146"
"J1093","J5215"
"J1093","J5222"
"J1093","J5255"
"J1093","J5269"
"J1093","J5271"
"J1093","J5309"
"J1093","J5316"
"J1093","J5379"
"J1093","J5428"
"J1093","J5456"
"J1093","J5475"
"J1093","J5476"
"J1093","J5477"
"J1093","J5489"
"J1093","J5503"
"J1093","J5519"
"J1093","J5559"
"J1093","J5566"
"J1093","J5568"
"J1093","J5582"
"J1093","J5583"
"J1093","J5595"
"J1093","J56"
"J1093","J5607"
"J1093","J5618"
"J1093","J5645"
"J1093","J5657A"
"J1093","J5658"
"J1093","J595"
"J1093","J5999"
"J1093","J6000"
"J1093","J6014"
"J1093","J6017"
"J1093","J6023"
"J1093","J6024"
"J1093","J6027"
"J1093","J640"
"J1093","J664"
"J1093","J910"
"J1093","J971"
"J1093","J990"
"J1096","J1154"
"J1096","J1266"
"J1096","J1317"
"J1096","J1345"
"J1096","J1351"
"J1096","J1458"
"J1096","J1480"
"J1096","J1529"
"J1096","J1556"
"J1096","J1618"
"J1096","J1623"
"J1096","J1627"
"J1096","J1631"
"J1096","J164"
"J1096","J1735"
"J1096","J1902"
"J1096","J1916"
"J1096","J1962"
"J1096","J1964"
"J1096","J1973"
"J1096","J2039"
"J1096","J2124"
"J1096","J2128"
"J1096","J2168"
"J1096","J2196"
"J1096","J2375"
"J1096","J2377"
"J1096","J2392"
"J1096","J2415"
"J1096","J2488"
"J1096","J2563"
"J1096","J2572"
"J1096","J2621"
"J1096","J2661"
"J1096","J2728"
"J1096","J2801"
"J1096","J2941"
"J1096","J295"
"J1096","J2969"
"J1096","J3096"
"J1096","J3305"
"J1096","J3369"
"J1096","J3383"
"J1096","J3492"
"J1096","J3508"
"J1096","J3549"
"J1096","J3610"
"J1096","J3679"
"J1096","J3702"
"J1096","J3714"
"J1096","J3715"
"J1096","J3716"
"J1096","J3718"
"J1096","J3749"
"J1096","J3753"
"J1096","J3759"
"J1096","J3845"
"J1096","J3884"
"J1096","J3899"
"J1096","J3987"
"J1096","J4001"
"J1096","J4044"
"J1096","J4046"
"J1096","J4109"
"J1096","J4112"
"J1096","J4126"
"J1096","J4151"
"J1096","J4161"
"J1096","J4162"
"J1096","J4189"
"J1096","J42"
"J1096","J4214"
"J1096","J4304"
"J1096","J4315"
"J1096","J4345"
"J1096","J4514"
"J1096","J4521"
"J1096","J4552"
"J1096","J4569"
"J1096","J4601"
"J1096","J4651"
"J1096","J4654"
"J1096","J4715"
"J1096","J4728"
"J1096","J4731"
"J1096","J4747"
"J1096","J4782"
"J1096","J4840"
"J1096","J4954"
"J1096","J4961"
"J1096","J4962"
"J1096","J4967"
"J1096","J4968"
"J1096","J4986"
"J1096","J4998"
"J1096","J5006"
"J1096","J5012"
"J1096","J5017"
"J1096","J5021"
"J1096","J5043"
"J1096","J505"
"J1096","J5053"
"J1096","J5074"
"J1096","J5089"
"J1096","J5095"
"J1096","J5121"
"J1096","J5146"
"J1096","J5215"
"J1096","J5222"
"J1096","J5255"
"J1096","J5269"
"J1096","J5271"
"J1096","J5309"
"J1096","J5316"
"J1096","J5379"
"J1096","J5428"
"J1096","J5456"
"J1096","J5475"
"J1096","J5476"
"J1096","J5477"
"J1096","J5489"
"J1096","J5503"
"J1096","J5519"
"J1096","J5559"
"J1096","J5566"
"J1096","J5568"
"J1096","J5582"
"J1096","J5583"
"J1096","J5595"
"J1096","J56"
"J1096","J5607"
"J1096","J5618"
"J1096","J5645"
"J1096","J5657A"
"J1096","J5658"
"J1096","J595"
"J1096","J5999"
"J1096","J6000"
"J1096","J6014"
"J1096","J6017"
"J1096","J6023"
"J1096","J6024"
"J1096","J6027"
"J1096","J640"
"J1096","J664"
"J1096","J910"
"J1096","J971"
"J1096","J990"
"J1154","J1266"
"J1154","J1317"
"J1154","J1345"
"J1154","J1351"
"J1154","J1458"
"J1154","J1480"
"J1154","J1529"
"J1154","J1556"
"J1154","J1618"
"J1154","J1623"
"J1154","J1627"
"J1154","J1631"
"J1154","J164"
"J1154","J1735"
"J1154","J1902"
"J1154","J1916"
"J1154","J1962"
"J1154","J1964"
"J1154","J1973"
"J1154","J2039"
"J1154","J2124"
"J1154","J2128"
"J1154","J2168"
"J1154","J2196"
"J1154","J2375"
"J1154","J2377"
"J1154","J2392"
"J1154","J2415"
"J1154","J2488"
"J1154","J2563"
"J1154","J2572"
"J1154","J2621"
"J1154","J2661"
"J1154","J2728"
"J1154","J2801"
"J1154","J2941"
"J1154","J295"
"J1154","J2969"
"J1154","J3096"
"J1154","J3305"
"J1154","J3369"
"J1154","J3383"
"J1154","J3492"
"J1154","J3508"
"J1154","J3549"
"J1154","J3610"
"J1154","J3679"
"J1154","J3702"
"J1154","J3714"
"J1154","J3715"
"J1154","J3716"
"J1154","J3718"
"J1154","J3749"
"J1154","J3753"
"J1154","J3759"
"J1154","J3845"
"J1154","J3884"
"J1154","J3899"
"J1154","J3987"
"J1154","J4001"
"J1154","J4044"
"J1154","J4046"
"J1154","J4109"
"J1154","J4112"
"J1154","J4126"
"J1154","J4151"
"J1154","J4161"
"J1154","J4162"
"J1154","J4189"
"J1154","J42"
"J1154","J4214"
"J1154","J4304"
"J1154","J4315"
"J1154","J4345"
"J1154","J4514"
"J1154","J4521"
"J1154","J4552"
"J1154","J4569"
"J1154","J4601"
"J1154","J4651"
"J1154","J4654"
"J1154","J4715"
"J1154","J4728"
"J1154","J4731"
"J1154","J4747"
"J1154","J4782"
"J1154","J4840"
"J1154","J4954"
"J1154","J4961"
"J1154","J4962"
"J1154","J4967"
"J1154","J4968"
"J1154","J4986"
"J1154","J4998"
"J1154","J5006"
"J1154","J5012"
"J1154","J5017"
"J1154","J5021"
"J1154","J5043"
"J1154","J505"
"J1154","J5053"
"J1154","J5074"
"J1154","J5089"
"J1154","J5095"
"J1154","J5121"
"J1154","J5146"
"J1154","J5215"
"J1154","J5222"
"J1154","J5255"
"J1154","J5269"
"J1154","J5271"
"J1154","J5309"
"J1154","J5316"
"J1154","J5379"
"J1154","J5428"
"J1154","J5456"
"J1154","J5475"
"J1154","J5476"
"J1154","J5477"
"J1154","J5489"
"J1154","J5503"
"J1154","J5519"
"J1154","J5559"
"J1154","J5566"
"J1154","J5568"
"J1154","J5582"
"J1154","J5583"
"J1154","J5595"
"J1154","J56"
"J1154","J5607"
"J1154","J5618"
"J1154","J5645"
"J1154","J5657A"
"J1154","J5658"
"J1154","J595"
"J1154","J5999"
"J1154","J6000"
"J1154","J6014"
"J1154","J6017"
"J1154","J6023"
"J1154","J6024"
"J1154","J6027"
"J1154","J640"
"J1154","J664"
"J1154","J910"
"J1154","J971"
"J1154","J990"
"J1266","J1317"
"J1266","J1345"
"J1266","J1351"
"J1266","J1458"
"J1266","J1480"
"J1266","J1529"
"J1266","J1556"
"J1266","J1618"
"J1266","J1623"
"J1266","J1627"
"J1266","J1631"
"J1266","J164"
"J1266","J1735"
"J1266","J1902"
"J1266","J1916"
"J1266","J1962"
"J1266","J1964"
"J1266","J1973"
"J1266","J2039"
"J1266","J2124"
"J1266","J2128"
"J1266","J2168"
"J1266","J2196"
"J1266","J2375"
"J1266","J2377"
"J1266","J2392"
"J1266","J2415"
"J1266","J2488"
"J1266","J2563"
"J1266","J2572"
"J1266","J2621"
"J1266","J2661"
"J1266","J2728"
"J1266","J2801"
"J1266","J2941"
"J1266","J295"
"J1266","J2969"
"J1266","J3096"
"J1266","J3305"
"J1266","J3369"
"J1266","J3383"
"J1266","J3492"
"J1266","J3508"
"J1266","J3549"
"J1266","J3610"
"J1266","J3679"
"J1266","J3702"
"J1266","J3714"
"J1266","J3715"
"J1266","J3716"
"J1266","J3718"
"J1266","J3749"
"J1266","J3753"
"J1266","J3759"
"J1266","J3845"
"J1266","J3884"
"J1266","J3899"
"J1266","J3987"
"J1266","J4001"
"J1266","J4044"
"J1266","J4046"
"J1266","J4109"
"J1266","J4112"
"J1266","J4126"
"J1266","J4151"
"J1266","J4161"
"J1266","J4162"
"J1266","J4189"
"J1266","J42"
"J1266","J4214"
"J1266","J4304"
"J1266","J4315"
"J1266","J4345"
"J1266","J4514"
"J1266","J4521"
"J1266","J4552"
"J1266","J4569"
"J1266","J4601"
"J1266","J4651"
"J1266","J4654"
"J1266","J4715"
"J1266","J4728"
"J1266","J4731"
"J1266","J4747"
"J1266","J4782"
"J1266","J4840"
"J1266","J4954"
"J1266","J4961"
"J1266","J4962"
"J1266","J4967"
"J1266","J4968"
"J1266","J4986"
"J1266","J4998"
"J1266","J5006"
"J1266","J5012"
"J1266","J5017"
"J1266","J5021"
"J1266","J5043"
"J1266","J505"
"J1266","J5053"
"J1266","J5074"
"J1266","J5089"
"J1266","J5095"
"J1266","J5121"
"J1266","J5146"
"J1266","J5215"
"J1266","J5222"
"J1266","J5255"
"J1266","J5269"
"J1266","J5271"
"J1266","J5309"
"J1266","J5316"
"J1266","J5379"
"J1266","J5428"
"J1266","J5456"
"J1266","J5475"
"J1266","J5476"
"J1266","J5477"
"J1266","J5489"
"J1266","J5503"
"J1266","J5519"
"J1266","J5559"
"J1266","J5566"
"J1266","J5568"
"J1266","J5582"
"J1266","J5583"
"J1266","J5595"
"J1266","J56"
"J1266","J5607"
"J1266","J5618"
"J1266","J5645"
"J1266","J5657A"
"J1266","J5658"
"J1266","J595"
"J1266","J5999"
"J1266","J6000"
"J1266","J6014"
"J1266","J6017"
"J1266","J6023"
"J1266","J6024"
"J1266","J6027"
"J1266","J640"
"J1266","J664"
"J1266","J910"
"J1266","J971"
"J1266","J990"
"J1317","J1345"
"J1317","J1351"
"J1317","J1458"
"J1317","J1480"
"J1317","J1529"
"J1317","J1556"
"J1317","J1618"
"J1317","J1623"
"J1317","J1627"
"J1317","J1631"
"J1317","J164"
"J1317","J1735"
"J1317","J1902"
"J1317","J1916"
"J1317","J1962"
"J1317","J1964"
"J1317","J1973"
"J1317","J2039"
"J1317","J2124"
"J1317","J2128"
"J1317","J2168"
"J1317","J2196"
"J1317","J2375"
"J1317","J2377"
"J1317","J2392"
"J1317","J2415"
"J1317","J2488"
"J1317","J2563"
"J1317","J2572"
"J1317","J2621"
"J1317","J2661"
"J1317","J2728"
"J1317","J2801"
"J1317","J2941"
"J1317","J295"
"J1317","J2969"
"J1317","J3096"
"J1317","J3305"
"J1317","J3369"
"J1317","J3383"
"J1317","J3492"
"J1317","J3508"
"J1317","J3549"
"J1317","J3610"
"J1317","J3679"
"J1317","J3702"
"J1317","J3714"
"J1317","J3715"
"J1317","J3716"
"J1317","J3718"
"J1317","J3749"
"J1317","J3753"
"J1317","J3759"
"J1317","J3845"
"J1317","J3884"
"J1317","J3899"
"J1317","J3987"
"J1317","J4001"
"J1317","J4044"
"J1317","J4046"
"J1317","J4109"
"J1317","J4112"
"J1317","J4126"
"J1317","J4151"
"J1317","J4161"
"J1317","J4162"
"J1317","J4189"
"J1317","J42"
"J1317","J4214"
"J1317","J4304"
"J1317","J4315"
"J1317","J4345"
"J1317","J4514"
"J1317","J4521"
"J1317","J4552"
"J1317","J4569"
"J1317","J4601"
"J1317","J4651"
"J1317","J4654"
"J1317","J4715"
"J1317","J4728"
"J1317","J4731"
"J1317","J4747"
"J1317","J4782"
"J1317","J4840"
"J1317","J4954"
"J1317","J4961"
"J1317","J4962"
"J1317","J4967"
"J1317","J4968"
"J1317","J4986"
"J1317","J4998"
"J1317","J5006"
"J1317","J5012"
"J1317","J5017"
"J1317","J5021"
"J1317","J5043"
"J1317","J505"
"J1317","J5053"
"J1317","J5074"
"J1317","J5089"
"J1317","J5095"
"J1317","J5121"
"J1317","J5146"
"J1317","J5215"
"J1317","J5222"
"J1317","J5255"
"J1317","J5269"
"J1317","J5271"
"J1317","J5309"
"J1317","J5316"
"J1317","J5379"
"J1317","J5428"
"J1317","J5456"
"J1317","J5475"
"J1317","J5476"
"J1317","J5477"
"J1317","J5489"
"J1317","J5503"
"J1317","J5519"
"J1317","J5559"
"J1317","J5566"
"J1317","J5568"
"J1317","J5582"
"J1317","J5583"
"J1317","J5595"
"J1317","J56"
"J1317","J5607"
"J1317","J5618"
"J1317","J5645"
"J1317","J5657A"
"J1317","J5658"
"J1317","J595"
"J1317","J5999"
"J1317","J6000"
"J1317","J6014"
"J1317","J6017"
"J1317","J6023"
"J1317","J6024"
"J1317","J6027"
"J1317","J640"
"J1317","J664"
"J1317","J910"
"J1317","J971"
"J1317","J990"
"J1345","J1351"
"J1345","J1458"
"J1345","J1480"
"J1345","J1529"
"J1345","J1556"
"J1345","J1618"
"J1345","J1623"
"J1345","J1627"
"J1345","J1631"
"J1345","J164"
"J1345","J1735"
"J1345","J1902"
"J1345","J1916"
"J1345","J1962"
"J1345","J1964"
"J1345","J1973"
"J1345","J2039"
"J1345","J2124"
"J1345","J2128"
"J1345","J2168"
"J1345","J2196"
"J1345","J2375"
"J1345","J2377"
"J1345","J2392"
"J1345","J2415"
"J1345","J2488"
"J1345","J2563"
"J1345","J2572"
"J1345","J2621"
"J1345","J2661"
"J1345","J2728"
"J1345","J2801"
"J1345","J2941"
"J1345","J295"
"J1345","J2969"
"J1345","J3096"
"J1345","J3305"
"J1345","J3369"
"J1345","J3383"
"J1345","J3492"
"J1345","J3508"
"J1345","J3549"
"J1345","J3610"
"J1345","J3679"
"J1345","J3702"
"J1345","J3714"
"J1345","J3715"
"J1345","J3716"
"J1345","J3718"
"J1345","J3749"
"J1345","J3753"
"J1345","J3759"
"J1345","J3845"
"J1345","J3884"
"J1345","J3899"
"J1345","J3987"
"J1345","J4001"
"J1345","J4044"
"J1345","J4046"
"J1345","J4109"
"J1345","J4112"
"J1345","J4126"
"J1345","J4151"
"J1345","J4161"
"J1345","J4162"
"J1345","J4189"
"J1345","J42"
"J1345","J4214"
"J1345","J4304"
"J1345","J4315"
"J1345","J4345"
"J1345","J4514"
"J1345","J4521"
"J1345","J4552"
"J1345","J4569"
"J1345","J4601"
"J1345","J4651"
"J1345","J4654"
"J1345","J4715"
"J1345","J4728"
"J1345","J4731"
"J1345","J4747"
"J1345","J4782"
"J1345","J4840"
"J1345","J4954"
"J1345","J4961"
"J1345","J4962"
"J1345","J4967"
"J1345","J4968"
"J1345","J4986"
"J1345","J4998"
"J1345","J5006"
"J1345","J5012"
"J1345","J5017"
"J1345","J5021"
"J1345","J5043"
"J1345","J505"
"J1345","J5053"
"J1345","J5074"
"J1345","J5089"
"J1345","J5095"
"J1345","J5121"
"J1345","J5146"
"J1345","J5215"
"J1345","J5222"
"J1345","J5255"
"J1345","J5269"
"J1345","J5271"
"J1345","J5309"
"J1345","J5316"
"J1345","J5379"
"J1345","J5428"
"J1345","J5456"
"J1345","J5475"
"J1345","J5476"
"J1345","J5477"
"J1345","J5489"
"J1345","J5503"
"J1345","J5519"
"J1345","J5559"
"J1345","J5566"
"J1345","J5568"
"J1345","J5582"
"J1345","J5583"
"J1345","J5595"
"J1345","J56"
"J1345","J5607"
"J1345","J5618"
"J1345","J5645"
"J1345","J5657A"
"J1345","J5658"
"J1345","J595"
"J1345","J5999"
"J1345","J6000"
"J1345","J6014"
"J1345","J6017"
"J1345","J6023"
"J1345","J6024"
"J1345","J6027"
"J1345","J640"
"J1345","J664"
"J1345","J910"
"J1345","J971"
"J1345","J990"
"J1351","J1458"
"J1351","J1480"
"J1351","J1529"
"J1351","J1556"
"J1351","J1618"
"J1351","J1623"
"J1351","J1627"
"J1351","J1631"
"J1351","J164"
"J1351","J1735"
"J1351","J1902"
"J1351","J1916"
"J1351","J1962"
"J1351","J1964"
"J1351","J1973"
"J1351","J2039"
"J1351","J2124"
"J1351","J2128"
"J1351","J2168"
"J1351","J2196"
"J1351","J2375"
"J1351","J2377"
"J1351","J2392"
"J1351","J2415"
"J1351","J2488"
"J1351","J2563"
"J1351","J2572"
"J1351","J2621"
"J1351","J2661"
"J1351","J2728"
"J1351","J2801"
"J1351","J2941"
"J1351","J295"
"J1351","J2969"
"J1351","J3096"
"J1351","J3305"
"J1351","J3369"
"J1351","J3383"
"J1351","J3492"
"J1351","J3508"
"J1351","J3549"
"J1351","J3610"
"J1351","J3679"
"J1351","J3702"
"J1351","J3714"
"J1351","J3715"
"J1351","J3716"
"J1351","J3718"
"J1351","J3749"
"J1351","J3753"
"J1351","J3759"
"J1351","J3845"
"J1351","J3884"
"J1351","J3899"
"J1351","J3987"
"J1351","J4001"
"J1351","J4044"
"J1351","J4046"
"J1351","J4109"
"J1351","J4112"
"J1351","J4126"
"J1351","J4151"
"J1351","J4161"
"J1351","J4162"
"J1351","J4189"
"J1351","J42"
"J1351","J4214"
"J1351","J4304"
"J1351","J4315"
"J1351","J4345"
"J1351","J4514"
"J1351","J4521"
"J1351","J4552"
"J1351","J4569"
"J1351","J4601"
"J1351","J4651"
"J1351","J4654"
"J1351","J4715"
"J1351","J4728"
"J1351","J4731"
"J1351","J4747"
"J1351","J4782"
"J1351","J4840"
"J1351","J4954"
"J1351","J4961"
"J1351","J4962"
"J1351","J4967"
"J1351","J4968"
"J1351","J4986"
"J1351","J4998"
"J1351","J5006"
"J1351","J5012"
"J1351","J5017"
"J1351","J5021"
"J1351","J5043"
"J1351","J505"
"J1351","J5053"
"J1351","J5074"
"J1351","J5089"
"J1351","J5095"
"J1351","J5121"
"J1351","J5146"
"J1351","J5215"
"J1351","J5222"
"J1351","J5255"
"J1351","J5269"
"J1351","J5271"
"J1351","J5309"
"J1351","J5316"
"J1351","J5379"
"J1351","J5428"
"J1351","J5456"
"J1351","J5475"
"J1351","J5476"
"J1351","J5477"
"J1351","J5489"
"J1351","J5503"
"J1351","J5519"
"J1351","J5559"
"J1351","J5566"
"J1351","J5568"
"J1351","J5582"
"J1351","J5583"
"J1351","J5595"
"J1351","J56"
"J1351","J5607"
"J1351","J5618"
"J1351","J5645"
"J1351","J5657A"
"J1351","J5658"
"J1351","J595"
"J1351","J5999"
"J1351","J6000"
"J1351","J6014"
"J1351","J6017"
"J1351","J6023"
"J1351","J6024"
"J1351","J6027"
"J1351","J640"
"J1351","J664"
"J1351","J910"
"J1351","J971"
"J1351","J990"
"J1458","J1480"
"J1458","J1529"
"J1458","J1556"
"J1458","J1618"
"J1458","J1623"
"J1458","J1627"
"J1458","J1631"
"J1458","J164"
"J1458","J1735"
"J1458","J1902"
"J1458","J1916"
"J1458","J1962"
"J1458","J1964"
"J1458","J1973"
"J1458","J2039"
"J1458","J2124"
"J1458","J2128"
"J1458","J2168"
"J1458","J2196"
"J1458","J2375"
"J1458","J2377"
"J1458","J2392"
"J1458","J2415"
"J1458","J2488"
"J1458","J2563"
"J1458","J2572"
"J1458","J2621"
"J1458","J2661"
"J1458","J2728"
"J1458","J2801"
"J1458","J2941"
"J1458","J295"
"J1458","J2969"
"J1458","J3096"
"J1458","J3305"
"J1458","J3369"
"J1458","J3383"
"J1458","J3492"
"J1458","J3508"
"J1458","J3549"
"J1458","J3610"
"J1458","J3679"
"J1458","J3702"
"J1458","J3714"
"J1458","J3715"
"J1458","J3716"
"J1458","J3718"
"J1458","J3749"
"J1458","J3753"
"J1458","J3759"
"J1458","J3845"
"J1458","J3884"
"J1458","J3899"
"J1458","J3987"
"J1458","J4001"
"J1458","J4044"
"J1458","J4046"
"J1458","J4109"
"J1458","J4112"
"J1458","J4126"
"J1458","J4151"
"J1458","J4161"
"J1458","J4162"
"J1458","J4189"
"J1458","J42"
"J1458","J4214"
"J1458","J4304"
"J1458","J4315"
"J1458","J4345"
"J1458","J4514"
"J1458","J4521"
"J1458","J4552"
"J1458","J4569"
"J1458","J4601"
"J1458","J4651"
"J1458","J4654"
"J1458","J4715"
"J1458","J4728"
"J1458","J4731"
"J1458","J4747"
"J1458","J4782"
"J1458","J4840"
"J1458","J4954"
"J1458","J4961"
"J1458","J4962"
"J1458","J4967"
"J1458","J4968"
"J1458","J4986"
"J1458","J4998"
"J1458","J5006"
"J1458","J5012"
"J1458","J5017"
"J1458","J5021"
"J1458","J5043"
"J1458","J505"
"J1458","J5053"
"J1458","J5074"
"J1458","J5089"
"J1458","J5095"
"J1458","J5121"
"J1458","J5146"
"J1458","J5215"
"J1458","J5222"
"J1458","J5255"
"J1458","J5269"
"J1458","J5271"
"J1458","J5309"
"J1458","J5316"
"J1458","J5379"
"J1458","J5428"
"J1458","J5456"
"J1458","J5475"
"J1458","J5476"
"J1458","J5477"
"J1458","J5489"
"J1458","J5503"
"J1458","J5519"
"J1458","J5559"
"J1458","J5566"
"J1458","J5568"
"J1458","J5582"
"J1458","J5583"
"J1458","J5595"
"J1458","J56"
"J1458","J5607"
"J1458","J5618"
"J1458","J5645"
"J1458","J5657A"
"J1458","J5658"
"J1458","J595"
"J1458","J5999"
"J1458","J6000"
"J1458","J6014"
"J1458","J6017"
"J1458","J6023"
"J1458","J6024"
"J1458","J6027"
"J1458","J640"
"J1458","J664"
"J1458","J910"
"J1458","J971"
"J1458","J990"
"J1480","J1529"
"J1480","J1556"
"J1480","J1618"
"J1480","J1623"
"J1480","J1627"
"J1480","J1631"
"J1480","J164"
"J1480","J1735"
"J1480","J1902"
"J1480","J1916"
"J1480","J1962"
"J1480","J1964"
"J1480","J1973"
"J1480","J2039"
"J1480","J2124"
"J1480","J2128"
"J1480","J2168"
"J1480","J2196"
"J1480","J2375"
"J1480","J2377"
"J1480","J2392"
"J1480","J2415"
"J1480","J2488"
"J1480","J2563"
"J1480","J2572"
"J1480","J2621"
"J1480","J2661"
"J1480","J2728"
"J1480","J2801"
"J1480","J2941"
"J1480","J295"
"J1480","J2969"
"J1480","J3096"
"J1480","J3305"
"J1480","J3369"
"J1480","J3383"
"J1480","J3492"
"J1480","J3508"
"J1480","J3549"
"J1480","J3610"
"J1480","J3679"
"J1480","J3702"
"J1480","J3714"
"J1480","J3715"
"J1480","J3716"
"J1480","J3718"
"J1480","J3749"
"J1480","J3753"
"J1480","J3759"
"J1480","J3845"
"J1480","J3884"
"J1480","J3899"
"J1480","J3987"
"J1480","J4001"
"J1480","J4044"
"J1480","J4046"
"J1480","J4109"
"J1480","J4112"
"J1480","J4126"
"J1480","J4151"
"J1480","J4161"
"J1480","J4162"
"J1480","J4189"
"J1480","J42"
"J1480","J4214"
"J1480","J4304"
"J1480","J4315"
"J1480","J4345"
"J1480","J4514"
"J1480","J4521"
"J1480","J4552"
"J1480","J4569"
"J1480","J4601"
"J1480","J4651"
"J1480","J4654"
"J1480","J4715"
"J1480","J4728"
"J1480","J4731"
"J1480","J4747"
"J1480","J4782"
"J1480","J4840"
"J1480","J4954"
"J1480","J4961"
"J1480","J4962"
"J1480","J4967"
"J1480","J4968"
"J1480","J4986"
"J1480","J4998"
"J1480","J5006"
"J1480","J5012"
"J1480","J5017"
"J1480","J5021"
"J1480","J5043"
"J1480","J505"
"J1480","J5053"
"J1480","J5074"
"J1480","J5089"
"J1480","J5095"
"J1480","J5121"
"J1480","J5146"
"J1480","J5215"
"J1480","J5222"
"J1480","J5255"
"J1480","J5269"
"J1480","J5271"
"J1480","J5309"
"J1480","J5316"
"J1480","J5379"
"J1480","J5428"
"J1480","J5456"
"J1480","J5475"
"J1480","J5476"
"J1480","J5477"
"J1480","J5489"
"J1480","J5503"
"J1480","J5519"
"J1480","J5559"
"J1480","J5566"
"J1480","J5568"
"J1480","J5582"
"J1480","J5583"
"J1480","J5595"
"J1480","J56"
"J1480","J5607"
"J1480","J5618"
"J1480","J5645"
"J1480","J5657A"
"J1480","J5658"
"J1480","J595"
"J1480","J5999"
"J1480","J6000"
"J1480","J6014"
"J1480","J6017"
"J1480","J6023"
"J1480","J6024"
"J1480","J6027"
"J1480","J640"
"J1480","J664"
"J1480","J910"
"J1480","J971"
"J1480","J990"
"J1529","J1556"
"J1529","J1618"
"J1529","J1623"
"J1529","J1627"
"J1529","J1631"
"J1529","J164"
"J1529","J1735"
"J1529","J1902"
"J1529","J1916"
"J1529","J1962"
"J1529","J1964"
"J1529","J1973"
"J1529","J2039"
"J1529","J2124"
"J1529","J2128"
"J1529","J2168"
"J1529","J2196"
"J1529","J2375"
"J1529","J2377"
"J1529","J2392"
"J1529","J2415"
"J1529","J2488"
"J1529","J2563"
"J1529","J2572"
"J1529","J2621"
"J1529","J2661"
"J1529","J2728"
"J1529","J2801"
"J1529","J2941"
"J1529","J295"
"J1529","J2969"
"J1529","J3096"
"J1529","J3305"
"J1529","J3369"
"J1529","J3383"
"J1529","J3492"
"J1529","J3508"
"J1529","J3549"
"J1529","J3610"
"J1529","J3679"
"J1529","J3702"
"J1529","J3714"
"J1529","J3715"
"J1529","J3716"
"J1529","J3718"
"J1529","J3749"
"J1529","J3753"
"J1529","J3759"
"J1529","J3845"
"J1529","J3884"
"J1529","J3899"
"J1529","J3987"
"J1529","J4001"
"J1529","J4044"
"J1529","J4046"
"J1529","J4109"
"J1529","J4112"
"J1529","J4126"
"J1529","J4151"
"J1529","J4161"
"J1529","J4162"
"J1529","J4189"
"J1529","J42"
"J1529","J4214"
"J1529","J4304"
"J1529","J4315"
"J1529","J4345"
"J1529","J4514"
"J1529","J4521"
"J1529","J4552"
"J1529","J4569"
"J1529","J4601"
"J1529","J4651"
"J1529","J4654"
"J1529","J4715"
"J1529","J4728"
"J1529","J4731"
"J1529","J4747"
"J1529","J4782"
"J1529","J4840"
"J1529","J4954"
"J1529","J4961"
"J1529","J4962"
"J1529","J4967"
"J1529","J4968"
"J1529","J4986"
"J1529","J4998"
"J1529","J5006"
"J1529","J5012"
"J1529","J5017"
"J1529","J5021"
"J1529","J5043"
"J1529","J505"
"J1529","J5053"
"J1529","J5074"
"J1529","J5089"
"J1529","J5095"
"J1529","J5121"
"J1529","J5146"
"J1529","J5215"
"J1529","J5222"
"J1529","J5255"
"J1529","J5269"
"J1529","J5271"
"J1529","J5309"
"J1529","J5316"
"J1529","J5379"
"J1529","J5428"
"J1529","J5456"
"J1529","J5475"
"J1529","J5476"
"J1529","J5477"
"J1529","J5489"
"J1529","J5503"
"J1529","J5519"
"J1529","J5559"
"J1529","J5566"
"J1529","J5568"
"J1529","J5582"
"J1529","J5583"
"J1529","J5595"
"J1529","J56"
"J1529","J5607"
"J1529","J5618"
"J1529","J5645"
"J1529","J5657A"
"J1529","J5658"
"J1529","J595"
"J1529","J5999"
"J1529","J6000"
"J1529","J6014"
"J1529","J6017"
"J1529","J6023"
"J1529","J6024"
"J1529","J6027"
"J1529","J640"
"J1529","J664"
"J1529","J910"
"J1529","J971"
"J1529","J990"
"J1556","J1618"
"J1556","J1623"
"J1556","J1627"
"J1556","J1631"
"J1556","J164"
"J1556","J1735"
"J1556","J1902"
"J1556","J1916"
"J1556","J1962"
"J1556","J1964"
"J1556","J1973"
"J1556","J2039"
"J1556","J2124"
"J1556","J2128"
"J1556","J2168"
"J1556","J2196"
"J1556","J2375"
"J1556","J2377"
"J1556","J2392"
"J1556","J2415"
"J1556","J2488"
"J1556","J2563"
"J1556","J2572"
"J1556","J2621"
"J1556","J2661"
"J1556","J2728"
"J1556","J2801"
"J1556","J2941"
"J1556","J295"
"J1556","J2969"
"J1556","J3096"
"J1556","J3305"
"J1556","J3369"
"J1556","J3383"
"J1556","J3492"
"J1556","J3508"
"J1556","J3549"
"J1556","J3610"
"J1556","J3679"
"J1556","J3702"
"J1556","J3714"
"J1556","J3715"
"J1556","J3716"
"J1556","J3718"
"J1556","J3749"
"J1556","J3753"
"J1556","J3759"
"J1556","J3845"
"J1556","J3884"
"J1556","J3899"
"J1556","J3987"
"J1556","J4001"
"J1556","J4044"
"J1556","J4046"
"J1556","J4109"
"J1556","J4112"
"J1556","J4126"
"J1556","J4151"
"J1556","J4161"
"J1556","J4162"
"J1556","J4189"
"J1556","J42"
"J1556","J4214"
"J1556","J4304"
"J1556","J4315"
"J1556","J4345"
"J1556","J4514"
"J1556","J4521"
"J1556","J4552"
"J1556","J4569"
"J1556","J4601"
"J1556","J4651"
"J1556","J4654"
"J1556","J4715"
"J1556","J4728"
"J1556","J4731"
"J1556","J4747"
"J1556","J4782"
"J1556","J4840"
"J1556","J4954"
"J1556","J4961"
"J1556","J4962"
"J1556","J4967"
"J1556","J4968"
"J1556","J4986"
"J1556","J4998"
"J1556","J5006"
"J1556","J5012"
"J1556","J5017"
"J1556","J5021"
"J1556","J5043"
"J1556","J505"
"J1556","J5053"
"J1556","J5074"
"J1556","J5089"
"J1556","J5095"
"J1556","J5121"
"J1556","J5146"
"J1556","J5215"
"J1556","J5222"
"J1556","J5255"
"J1556","J5269"
"J1556","J5271"
"J1556","J5309"
"J1556","J5316"
"J1556","J5379"
"J1556","J5428"
"J1556","J5456"
"J1556","J5475"
"J1556","J5476"
"J1556","J5477"
"J1556","J5489"
"J1556","J5503"
"J1556","J5519"
"J1556","J5559"
"J1556","J5566"
"J1556","J5568"
"J1556","J5582"
"J1556","J5583"
"J1556","J5595"
"J1556","J56"
"J1556","J5607"
"J1556","J5618"
"J1556","J5645"
"J1556","J5657A"
"J1556","J5658"
"J1556","J595"
"J1556","J5999"
"J1556","J6000"
"J1556","J6014"
"J1556","J6017"
"J1556","J6023"
"J1556","J6024"
"J1556","J6027"
"J1556","J640"
"J1556","J664"
"J1556","J910"
"J1556","J971"
"J1556","J990"
"J1618","J1623"
"J1618","J1627"
"J1618","J1631"
"J1618","J164"
"J1618","J1735"
"J1618","J1902"
"J1618","J1916"
"J1618","J1962"
"J1618","J1964"
"J1618","J1973"
"J1618","J2039"
"J1618","J2124"
"J1618","J2128"
"J1618","J2168"
"J1618","J2196"
"J1618","J2375"
"J1618","J2377"
"J1618","J2392"
"J1618","J2415"
"J1618","J2488"
"J1618","J2563"
"J1618","J2572"
"J1618","J2621"
"J1618","J2661"
"J1618","J2728"
"J1618","J2801"
"J1618","J2941"
"J1618","J295"
"J1618","J2969"
"J1618","J3096"
"J1618","J3305"
"J1618","J3369"
"J1618","J3383"
"J1618","J3492"
"J1618","J3508"
"J1618","J3549"
"J1618","J3610"
"J1618","J3679"
"J1618","J3702"
"J1618","J3714"
"J1618","J3715"
"J1618","J3716"
"J1618","J3718"
"J1618","J3749"
"J1618","J3753"
"J1618","J3759"
"J1618","J3845"
"J1618","J3884"
"J1618","J3899"
"J1618","J3987"
"J1618","J4001"
"J1618","J4044"
"J1618","J4046"
"J1618","J4109"
"J1618","J4112"
"J1618","J4126"
"J1618","J4151"
"J1618","J4161"
"J1618","J4162"
"J1618","J4189"
"J1618","J42"
"J1618","J4214"
"J1618","J4304"
"J1618","J4315"
"J1618","J4345"
"J1618","J4514"
"J1618","J4521"
"J1618","J4552"
"J1618","J4569"
"J1618","J4601"
"J1618","J4651"
"J1618","J4654"
"J1618","J4715"
"J1618","J4728"
"J1618","J4731"
"J1618","J4747"
"J1618","J4782"
"J1618","J4840"
"J1618","J4954"
"J1618","J4961"
"J1618","J4962"
"J1618","J4967"
"J1618","J4968"
"J1618","J4986"
"J1618","J4998"
"J1618","J5006"
"J1618","J5012"
"J1618","J5017"
"J1618","J5021"
"J1618","J5043"
"J1618","J505"
"J1618","J5053"
"J1618","J5074"
"J1618","J5089"
"J1618","J5095"
"J1618","J5121"
"J1618","J5146"
"J1618","J5215"
"J1618","J5222"
"J1618","J5255"
"J1618","J5269"
"J1618","J5271"
"J1618","J5309"
"J1618","J5316"
"J1618","J5379"
"J1618","J5428"
"J1618","J5456"
"J1618","J5475"
"J1618","J5476"
"J1618","J5477"
"J1618","J5489"
"J1618","J5503"
"J1618","J5519"
"J1618","J5559"
"J1618","J5566"
"J1618","J5568"
"J1618","J5582"
"J1618","J5583"
"J1618","J5595"
"J1618","J56"
"J1618","J5607"
"J1618","J5618"
"J1618","J5645"
"J1618","J5657A"
"J1618","J5658"
"J1618","J595"
"J1618","J5999"
"J1618","J6000"
"J1618","J6014"
"J1618","J6017"
"J1618","J6023"
"J1618","J6024"
"J1618","J6027"
"J1618","J640"
"J1618","J664"
"J1618","J910"
"J1618","J971"
"J1618","J990"
"J1623","J1627"
"J1623","J1631"
"J1623","J164"
"J1623","J1735"
"J1623","J1902"
"J1623","J1916"
"J1623","J1962"
"J1623","J1964"
"J1623","J1973"
"J1623","J2039"
"J1623","J2124"
"J1623","J2128"
"J1623","J2168"
"J1623","J2196"
"J1623","J2375"
"J1623","J2377"
"J1623","J2392"
"J1623","J2415"
"J1623","J2488"
"J1623","J2563"
"J1623","J2572"
"J1623","J2621"
"J1623","J2661"
"J1623","J2728"
"J1623","J2801"
"J1623","J2941"
"J1623","J295"
"J1623","J2969"
"J1623","J3096"
"J1623","J3305"
"J1623","J3369"
"J1623","J3383"
"J1623","J3492"
"J1623","J3508"
"J1623","J3549"
"J1623","J3610"
"J1623","J3679"
"J1623","J3702"
"J1623","J3714"
"J1623","J3715"
"J1623","J3716"
"J1623","J3718"
"J1623","J3749"
"J1623","J3753"
"J1623","J3759"
"J1623","J3845"
"J1623","J3884"
"J1623","J3899"
"J1623","J3987"
"J1623","J4001"
"J1623","J4044"
"J1623","J4046"
"J1623","J4109"
"J1623","J4112"
"J1623","J4126"
"J1623","J4151"
"J1623","J4161"
"J1623","J4162"
"J1623","J4189"
"J1623","J42"
"J1623","J4214"
"J1623","J4304"
"J1623","J4315"
"J1623","J4345"
"J1623","J4514"
"J1623","J4521"
"J1623","J4552"
"J1623","J4569"
"J1623","J4601"
"J1623","J4651"
"J1623","J4654"
"J1623","J4715"
"J1623","J4728"
"J1623","J4731"
"J1623","J4747"
"J1623","J4782"
"J1623","J4840"
"J1623","J4954"
"J1623","J4961"
"J1623","J4962"
"J1623","J4967"
"J1623","J4968"
"J1623","J4986"
"J1623","J4998"
"J1623","J5006"
"J1623","J5012"
"J1623","J5017"
"J1623","J5021"
"J1623","J5043"
"J1623","J505"
"J1623","J5053"
"J1623","J5074"
"J1623","J5089"
"J1623","J5095"
"J1623","J5121"
"J1623","J5146"
"J1623","J5215"
"J1623","J5222"
"J1623","J5255"
"J1623","J5269"
"J1623","J5271"
"J1623","J5309"
"J1623","J5316"
"J1623","J5379"
"J1623","J5428"
"J1623","J5456"
"J1623","J5475"
"J1623","J5476"
"J1623","J5477"
"J1623","J5489"
"J1623","J5503"
"J1623","J5519"
"J1623","J5559"
"J1623","J5566"
"J1623","J5568"
"J1623","J5582"
"J1623","J5583"
"J1623","J5595"
"J1623","J56"
"J1623","J5607"
"J1623","J5618"
"J1623","J5645"
"J1623","J5657A"
"J1623","J5658"
"J1623","J595"
"J1623","J5999"
"J1623","J6000"
"J1623","J6014"
"J1623","J6017"
"J1623","J6023"
"J1623","J6024"
"J1623","J6027"
"J1623","J640"
"J1623","J664"
"J1623","J910"
"J1623","J971"
"J1623","J990"
"J1627","J1631"
"J1627","J164"
"J1627","J1735"
"J1627","J1902"
"J1627","J1916"
"J1627","J1962"
"J1627","J1964"
"J1627","J1973"
"J1627","J2039"
"J1627","J2124"
"J1627","J2128"
"J1627","J2168"
"J1627","J2196"
"J1627","J2375"
"J1627","J2377"
"J1627","J2392"
"J1627","J2415"
"J1627","J2488"
"J1627","J2563"
"J1627","J2572"
"J1627","J2621"
"J1627","J2661"
"J1627","J2728"
"J1627","J2801"
"J1627","J2941"
"J1627","J295"
"J1627","J2969"
"J1627","J3096"
"J1627","J3305"
"J1627","J3369"
"J1627","J3383"
"J1627","J3492"
"J1627","J3508"
"J1627","J3549"
"J1627","J3610"
"J1627","J3679"
"J1627","J3702"
"J1627","J3714"
"J1627","J3715"
"J1627","J3716"
"J1627","J3718"
"J1627","J3749"
"J1627","J3753"
"J1627","J3759"
"J1627","J3845"
"J1627","J3884"
"J1627","J3899"
"J1627","J3987"
"J1627","J4001"
"J1627","J4044"
"J1627","J4046"
"J1627","J4109"
"J1627","J4112"
"J1627","J4126"
"J1627","J4151"
"J1627","J4161"
"J1627","J4162"
"J1627","J4189"
"J1627","J42"
"J1627","J4214"
"J1627","J4304"
"J1627","J4315"
"J1627","J4345"
"J1627","J4514"
"J1627","J4521"
"J1627","J4552"
"J1627","J4569"
"J1627","J4601"
"J1627","J4651"
"J1627","J4654"
"J1627","J4715"
"J1627","J4728"
"J1627","J4731"
"J1627","J4747"
"J1627","J4782"
"J1627","J4840"
"J1627","J4954"
"J1627","J4961"
"J1627","J4962"
"J1627","J4967"
"J1627","J4968"
"J1627","J4986"
"J1627","J4998"
"J1627","J5006"
"J1627","J5012"
"J1627","J5017"
"J1627","J5021"
"J1627","J5043"
"J1627","J505"
"J1627","J5053"
"J1627","J5074"
"J1627","J5089"
"J1627","J5095"
"J1627","J5121"
"J1627","J5146"
"J1627","J5215"
"J1627","J5222"
"J1627","J5255"
"J1627","J5269"
"J1627","J5271"
"J1627","J5309"
"J1627","J5316"
"J1627","J5379"
"J1627","J5428"
"J1627","J5456"
"J1627","J5475"
"J1627","J5476"
"J1627","J5477"
"J1627","J5489"
"J1627","J5503"
"J1627","J5519"
"J1627","J5559"
"J1627","J5566"
"J1627","J5568"
"J1627","J5582"
"J1627","J5583"
"J1627","J5595"
"J1627","J56"
"J1627","J5607"
"J1627","J5618"
"J1627","J5645"
"J1627","J5657A"
"J1627","J5658"
"J1627","J595"
"J1627","J5999"
"J1627","J6000"
"J1627","J6014"
"J1627","J6017"
"J1627","J6023"
"J1627","J6024"
"J1627","J6027"
"J1627","J640"
"J1627","J664"
"J1627","J910"
"J1627","J971"
"J1627","J990"
"J1631","J164"
"J1631","J1735"
"J1631","J1902"
"J1631","J1916"
"J1631","J1962"
"J1631","J1964"
"J1631","J1973"
"J1631","J2039"
"J1631","J2124"
"J1631","J2128"
"J1631","J2168"
"J1631","J2196"
"J1631","J2375"
"J1631","J2377"
"J1631","J2392"
"J1631","J2415"
"J1631","J2488"
"J1631","J2563"
"J1631","J2572"
"J1631","J2621"
"J1631","J2661"
"J1631","J2728"
"J1631","J2801"
"J1631","J2941"
"J1631","J295"
"J1631","J2969"
"J1631","J3096"
"J1631","J3305"
"J1631","J3369"
"J1631","J3383"
"J1631","J3492"
"J1631","J3508"
"J1631","J3549"
"J1631","J3610"
"J1631","J3679"
"J1631","J3702"
"J1631","J3714"
"J1631","J3715"
"J1631","J3716"
"J1631","J3718"
"J1631","J3749"
"J1631","J3753"
"J1631","J3759"
"J1631","J3845"
"J1631","J3884"
"J1631","J3899"
"J1631","J3987"
"J1631","J4001"
"J1631","J4044"
"J1631","J4046"
"J1631","J4109"
"J1631","J4112"
"J1631","J4126"
"J1631","J4151"
"J1631","J4161"
"J1631","J4162"
"J1631","J4189"
"J1631","J42"
"J1631","J4214"
"J1631","J4304"
"J1631","J4315"
"J1631","J4345"
"J1631","J4514"
"J1631","J4521"
"J1631","J4552"
"J1631","J4569"
"J1631","J4601"
"J1631","J4651"
"J1631","J4654"
"J1631","J4715"
"J1631","J4728"
"J1631","J4731"
"J1631","J4747"
"J1631","J4782"
"J1631","J4840"
"J1631","J4954"
"J1631","J4961"
"J1631","J4962"
"J1631","J4967"
"J1631","J4968"
"J1631","J4986"
"J1631","J4998"
"J1631","J5006"
"J1631","J5012"
"J1631","J5017"
"J1631","J5021"
"J1631","J5043"
"J1631","J505"
"J1631","J5053"
"J1631","J5074"
"J1631","J5089"
"J1631","J5095"
"J1631","J5121"
"J1631","J5146"
"J1631","J5215"
"J1631","J5222"
"J1631","J5255"
"J1631","J5269"
"J1631","J5271"
"J1631","J5309"
"J1631","J5316"
"J1631","J5379"
"J1631","J5428"
"J1631","J5456"
"J1631","J5475"
"J1631","J5476"
"J1631","J5477"
"J1631","J5489"
"J1631","J5503"
"J1631","J5519"
"J1631","J5559"
"J1631","J5566"
"J1631","J5568"
"J1631","J5582"
"J1631","J5583"
"J1631","J5595"
"J1631","J56"
"J1631","J5607"
"J1631","J5618"
"J1631","J5645"
"J1631","J5657A"
"J1631","J5658"
"J1631","J595"
"J1631","J5999"
"J1631","J6000"
"J1631","J6014"
"J1631","J6017"
"J1631","J6023"
"J1631","J6024"
"J1631","J6027"
"J1631","J640"
"J1631","J664"
"J1631","J910"
"J1631","J971"
"J1631","J990"
"J164","J1735"
"J164","J1902"
"J164","J1916"
"J164","J1962"
"J164","J1964"
"J164","J1973"
"J164","J2039"
"J164","J2124"
"J164","J2128"
"J164","J2168"
"J164","J2196"
"J164","J2375"
"J164","J2377"
"J164","J2392"
"J164","J2415"
"J164","J2488"
"J164","J2563"
"J164","J2572"
"J164","J2621"
"J164","J2661"
"J164","J2728"
"J164","J2801"
"J164","J2941"
"J164","J295"
"J164","J2969"
"J164","J3096"
"J164","J3305"
"J164","J3369"
"J164","J3383"
"J164","J3492"
"J164","J3508"
"J164","J3549"
"J164","J3610"
"J164","J3679"
"J164","J3702"
"J164","J3714"
"J164","J3715"
"J164","J3716"
"J164","J3718"
"J164","J3749"
"J164","J3753"
"J164","J3759"
"J164","J3845"
"J164","J3884"
"J164","J3899"
"J164","J3987"
"J164","J4001"
"J164","J4044"
"J164","J4046"
"J164","J4109"
"J164","J4112"
"J164","J4126"
"J164","J4151"
"J164","J4161"
"J164","J4162"
"J164","J4189"
"J164","J42"
"J164","J4214"
"J164","J4304"
"J164","J4315"
"J164","J4345"
"J164","J4514"
"J164","J4521"
"J164","J4552"
"J164","J4569"
"J164","J4601"
"J164","J4651"
"J164","J4654"
"J164","J4715"
"J164","J4728"
"J164","J4731"
"J164","J4747"
"J164","J4782"
"J164","J4840"
"J164","J4954"
"J164","J4961"
"J164","J4962"
"J164","J4967"
"J164","J4968"
"J164","J4986"
"J164","J4998"
"J164","J5006"
"J164","J5012"
"J164","J5017"
"J164","J5021"
"J164","J5043"
"J164","J505"
"J164","J5053"
"J164","J5074"
"J164","J5089"
"J164","J5095"
"J164","J5121"
"J164","J5146"
"J164","J5215"
"J164","J5222"
"J164","J5255"
"J164","J5269"
"J164","J5271"
"J164","J5309"
"J164","J5316"
"J164","J5379"
"J164","J5428"
"J164","J5456"
"J164","J5475"
"J164","J5476"
"J164","J5477"
"J164","J5489"
"J164","J5503"
"J164","J5519"
"J164","J5559"
"J164","J5566"
"J164","J5568"
"J164","J5582"
"J164","J5583"
"J164","J5595"
"J164","J56"
"J164","J5607"
"J164","J5618"
"J164","J5645"
"J164","J5657A"
"J164","J5658"
"J164","J595"
"J164","J5999"
"J164","J6000"
"J164","J6014"
"J164","J6017"
"J164","J6023"
"J164","J6024"
"J164","J6027"
"J164","J640"
"J164","J664"
"J164","J910"
"J164","J971"
"J164","J990"
"J1735","J1902"
"J1735","J1916"
"J1735","J1962"
"J1735","J1964"
"J1735","J1973"
"J1735","J2039"
"J1735","J2124"
"J1735","J2128"
"J1735","J2168"
"J1735","J2196"
"J1735","J2375"
"J1735","J2377"
"J1735","J2392"
"J1735","J2415"
"J1735","J2488"
"J1735","J2563"
"J1735","J2572"
"J1735","J2621"
"J1735","J2661"
"J1735","J2728"
"J1735","J2801"
"J1735","J2941"
"J1735","J295"
"J1735","J2969"
"J1735","J3096"
"J1735","J3305"
"J1735","J3369"
"J1735","J3383"
"J1735","J3492"
"J1735","J3508"
"J1735","J3549"
"J1735","J3610"
"J1735","J3679"
"J1735","J3702"
"J1735","J3714"
"J1735","J3715"
"J1735","J3716"
"J1735","J3718"
"J1735","J3749"
"J1735","J3753"
"J1735","J3759"
"J1735","J3845"
"J1735","J3884"
"J1735","J3899"
"J1735","J3987"
"J1735","J4001"
"J1735","J4044"
"J1735","J4046"
"J1735","J4109"
"J1735","J4112"
"J1735","J4126"
"J1735","J4151"
"J1735","J4161"
"J1735","J4162"
"J1735","J4189"
"J1735","J42"
"J1735","J4214"
"J1735","J4304"
"J1735","J4315"
"J1735","J4345"
"J1735","J4514"
"J1735","J4521"
"J1735","J4552"
"J1735","J4569"
"J1735","J4601"
"J1735","J4651"
"J1735","J4654"
"J1735","J4715"
"J1735","J4728"
"J1735","J4731"
"J1735","J4747"
"J1735","J4782"
"J1735","J4840"
"J1735","J4954"
"J1735","J4961"
"J1735","J4962"
"J1735","J4967"
"J1735","J4968"
"J1735","J4986"
"J1735","J4998"
"J1735","J5006"
"J1735","J5012"
"J1735","J5017"
"J1735","J5021"
"J1735","J5043"
"J1735","J505"
"J1735","J5053"
"J1735","J5074"
"J1735","J5089"
"J1735","J5095"
"J1735","J5121"
"J1735","J5146"
"J1735","J5215"
"J1735","J5222"
"J1735","J5255"
"J1735","J5269"
"J1735","J5271"
"J1735","J5309"
"J1735","J5316"
"J1735","J5379"
"J1735","J5428"
"J1735","J5456"
"J1735","J5475"
"J1735","J5476"
"J1735","J5477"
"J1735","J5489"
"J1735","J5503"
"J1735","J5519"
"J1735","J5559"
"J1735","J5566"
"J1735","J5568"
"J1735","J5582"
"J1735","J5583"
"J1735","J5595"
"J1735","J56"
"J1735","J5607"
"J1735","J5618"
"J1735","J5645"
"J1735","J5657A"
"J1735","J5658"
"J1735","J595"
"J1735","J5999"
"J1735","J6000"
"J1735","J6014"
"J1735","J6017"
"J1735","J6023"
"J1735","J6024"
"J1735","J6027"
"J1735","J640"
"J1735","J664"
"J1735","J910"
"J1735","J971"
"J1735","J990"
"J1902","J1916"
"J1902","J1962"
"J1902","J1964"
"J1902","J1973"
"J1902","J2039"
"J1902","J2124"
"J1902","J2128"
"J1902","J2168"
"J1902","J2196"
"J1902","J2375"
"J1902","J2377"
"J1902","J2392"
"J1902","J2415"
"J1902","J2488"
"J1902","J2563"
"J1902","J2572"
"J1902","J2621"
"J1902","J2661"
"J1902","J2728"
"J1902","J2801"
"J1902","J2941"
"J1902","J295"
"J1902","J2969"
"J1902","J3096"
"J1902","J3305"
"J1902","J3369"
"J1902","J3383"
"J1902","J3492"
"J1902","J3508"
"J1902","J3549"
"J1902","J3610"
"J1902","J3679"
"J1902","J3702"
"J1902","J3714"
"J1902","J3715"
"J1902","J3716"
"J1902","J3718"
"J1902","J3749"
"J1902","J3753"
"J1902","J3759"
"J1902","J3845"
"J1902","J3884"
"J1902","J3899"
"J1902","J3987"
"J1902","J4001"
"J1902","J4044"
"J1902","J4046"
"J1902","J4109"
"J1902","J4112"
"J1902","J4126"
"J1902","J4151"
"J1902","J4161"
"J1902","J4162"
"J1902","J4189"
"J1902","J42"
"J1902","J4214"
"J1902","J4304"
"J1902","J4315"
"J1902","J4345"
"J1902","J4514"
"J1902","J4521"
"J1902","J4552"
"J1902","J4569"
"J1902","J4601"
"J1902","J4651"
"J1902","J4654"
"J1902","J4715"
"J1902","J4728"
"J1902","J4731"
"J1902","J4747"
"J1902","J4782"
"J1902","J4840"
"J1902","J4954"
"J1902","J4961"
"J1902","J4962"
"J1902","J4967"
"J1902","J4968"
"J1902","J4986"
"J1902","J4998"
"J1902","J5006"
"J1902","J5012"
"J1902","J5017"
"J1902","J5021"
"J1902","J5043"
"J1902","J505"
"J1902","J5053"
"J1902","J5074"
"J1902","J5089"
"J1902","J5095"
"J1902","J5121"
"J1902","J5146"
"J1902","J5215"
"J1902","J5222"
"J1902","J5255"
"J1902","J5269"
"J1902","J5271"
"J1902","J5309"
"J1902","J5316"
"J1902","J5379"
"J1902","J5428"
"J1902","J5456"
"J1902","J5475"
"J1902","J5476"
"J1902","J5477"
"J1902","J5489"
"J1902","J5503"
"J1902","J5519"
"J1902","J5559"
"J1902","J5566"
"J1902","J5568"
"J1902","J5582"
"J1902","J5583"
"J1902","J5595"
"J1902","J56"
"J1902","J5607"
"J1902","J5618"
"J1902","J5645"
"J1902","J5657A"
"J1902","J5658"
"J1902","J595"
"J1902","J5999"
"J1902","J6000"
"J1902","J6014"
"J1902","J6017"
"J1902","J6023"
"J1902","J6024"
"J1902","J6027"
"J1902","J640"
"J1902","J664"
"J1902","J910"
"J1902","J971"
"J1902","J990"
"J1916","J1962"
"J1916","J1964"
"J1916","J1973"
"J1916","J2039"
"J1916","J2124"
"J1916","J2128"
"J1916","J2168"
"J1916","J2196"
"J1916","J2375"
"J1916","J2377"
"J1916","J2392"
"J1916","J2415"
"J1916","J2488"
"J1916","J2563"
"J1916","J2572"
"J1916","J2621"
"J1916","J2661"
"J1916","J2728"
"J1916","J2801"
"J1916","J2941"
"J1916","J295"
"J1916","J2969"
"J1916","J3096"
"J1916","J3305"
"J1916","J3369"
"J1916","J3383"
"J1916","J3492"
"J1916","J3508"
"J1916","J3549"
"J1916","J3610"
"J1916","J3679"
"J1916","J3702"
"J1916","J3714"
"J1916","J3715"
"J1916","J3716"
"J1916","J3718"
"J1916","J3749"
"J1916","J3753"
"J1916","J3759"
"J1916","J3845"
"J1916","J3884"
"J1916","J3899"
"J1916","J3987"
"J1916","J4001"
"J1916","J4044"
"J1916","J4046"
"J1916","J4109"
"J1916","J4112"
"J1916","J4126"
"J1916","J4151"
"J1916","J4161"
"J1916","J4162"
"J1916","J4189"
"J1916","J42"
"J1916","J4214"
"J1916","J4304"
"J1916","J4315"
"J1916","J4345"
"J1916","J4514"
"J1916","J4521"
"J1916","J4552"
"J1916","J4569"
"J1916","J4601"
"J1916","J4651"
"J1916","J4654"
"J1916","J4715"
"J1916","J4728"
"J1916","J4731"
"J1916","J4747"
"J1916","J4782"
"J1916","J4840"
"J1916","J4954"
"J1916","J4961"
"J1916","J4962"
"J1916","J4967"
"J1916","J4968"
"J1916","J4986"
"J1916","J4998"
"J1916","J5006"
"J1916","J5012"
"J1916","J5017"
"J1916","J5021"
"J1916","J5043"
"J1916","J505"
"J1916","J5053"
"J1916","J5074"
"J1916","J5089"
"J1916","J5095"
"J1916","J5121"
"J1916","J5146"
"J1916","J5215"
"J1916","J5222"
"J1916","J5255"
"J1916","J5269"
"J1916","J5271"
"J1916","J5309"
"J1916","J5316"
"J1916","J5379"
"J1916","J5428"
"J1916","J5456"
"J1916","J5475"
"J1916","J5476"
"J1916","J5477"
"J1916","J5489"
"J1916","J5503"
"J1916","J5519"
"J1916","J5559"
"J1916","J5566"
"J1916","J5568"
"J1916","J5582"
"J1916","J5583"
"J1916","J5595"
"J1916","J56"
"J1916","J5607"
"J1916","J5618"
"J1916","J5645"
"J1916","J5657A"
"J1916","J5658"
"J1916","J595"
"J1916","J5999"
"J1916","J6000"
"J1916","J6014"
"J1916","J6017"
"J1916","J6023"
"J1916","J6024"
"J1916","J6027"
"J1916","J640"
"J1916","J664"
"J1916","J910"
"J1916","J971"
"J1916","J990"
"J1962","J1964"
"J1962","J1973"
"J1962","J2039"
"J1962","J2124"
"J1962","J2128"
"J1962","J2168"
"J1962","J2196"
"J1962","J2375"
"J1962","J2377"
"J1962","J2392"
"J1962","J2415"
"J1962","J2488"
"J1962","J2563"
"J1962","J2572"
"J1962","J2621"
"J1962","J2661"
"J1962","J2728"
"J1962","J2801"
"J1962","J2941"
"J1962","J295"
"J1962","J2969"
"J1962","J3096"
"J1962","J3305"
"J1962","J3369"
"J1962","J3383"
"J1962","J3492"
"J1962","J3508"
"J1962","J3549"
"J1962","J3610"
"J1962","J3679"
"J1962","J3702"
"J1962","J3714"
"J1962","J3715"
"J1962","J3716"
"J1962","J3718"
"J1962","J3749"
"J1962","J3753"
"J1962","J3759"
"J1962","J3845"
"J1962","J3884"
"J1962","J3899"
"J1962","J3987"
"J1962","J4001"
"J1962","J4044"
"J1962","J4046"
"J1962","J4109"
"J1962","J4112"
"J1962","J4126"
"J1962","J4151"
"J1962","J4161"
"J1962","J4162"
"J1962","J4189"
"J1962","J42"
"J1962","J4214"
"J1962","J4304"
"J1962","J4315"
"J1962","J4345"
"J1962","J4514"
"J1962","J4521"
"J1962","J4552"
"J1962","J4569"
"J1962","J4601"
"J1962","J4651"
"J1962","J4654"
"J1962","J4715"
"J1962","J4728"
"J1962","J4731"
"J1962","J4747"
"J1962","J4782"
"J1962","J4840"
"J1962","J4954"
"J1962","J4961"
"J1962","J4962"
"J1962","J4967"
"J1962","J4968"
"J1962","J4986"
"J1962","J4998"
"J1962","J5006"
"J1962","J5012"
"J1962","J5017"
"J1962","J5021"
"J1962","J5043"
"J1962","J505"
"J1962","J5053"
"J1962","J5074"
"J1962","J5089"
"J1962","J5095"
"J1962","J5121"
"J1962","J5146"
"J1962","J5215"
"J1962","J5222"
"J1962","J5255"
"J1962","J5269"
"J1962","J5271"
"J1962","J5309"
"J1962","J5316"
"J1962","J5379"
"J1962","J5428"
"J1962","J5456"
"J1962","J5475"
"J1962","J5476"
"J1962","J5477"
"J1962","J5489"
"J1962","J5503"
"J1962","J5519"
"J1962","J5559"
"J1962","J5566"
"J1962","J5568"
"J1962","J5582"
"J1962","J5583"
"J1962","J5595"
"J1962","J56"
"J1962","J5607"
"J1962","J5618"
"J1962","J5645"
"J1962","J5657A"
"J1962","J5658"
"J1962","J595"
"J1962","J5999"
"J1962","J6000"
"J1962","J6014"
"J1962","J6017"
"J1962","J6023"
"J1962","J6024"
"J1962","J6027"
"J1962","J640"
"J1962","J664"
"J1962","J910"
"J1962","J971"
"J1962","J990"
"J1964","J1973"
"J1964","J2039"
"J1964","J2124"
"J1964","J2128"
"J1964","J2168"
"J1964","J2196"
"J1964","J2375"
"J1964","J2377"
"J1964","J2392"
"J1964","J2415"
"J1964","J2488"
"J1964","J2563"
"J1964","J2572"
"J1964","J2621"
"J1964","J2661"
"J1964","J2728"
"J1964","J2801"
"J1964","J2941"
"J1964","J295"
"J1964","J2969"
"J1964","J3096"
"J1964","J3305"
"J1964","J3369"
"J1964","J3383"
"J1964","J3492"
"J1964","J3508"
"J1964","J3549"
"J1964","J3610"
"J1964","J3679"
"J1964","J3702"
"J1964","J3714"
"J1964","J3715"
"J1964","J3716"
"J1964","J3718"
"J1964","J3749"
"J1964","J3753"
"J1964","J3759"
"J1964","J3845"
"J1964","J3884"
"J1964","J3899"
"J1964","J3987"
"J1964","J4001"
"J1964","J4044"
"J1964","J4046"
"J1964","J4109"
"J1964","J4112"
"J1964","J4126"
"J1964","J4151"
"J1964","J4161"
"J1964","J4162"
"J1964","J4189"
"J1964","J42"
"J1964","J4214"
"J1964","J4304"
"J1964","J4315"
"J1964","J4345"
"J1964","J4514"
"J1964","J4521"
"J1964","J4552"
"J1964","J4569"
"J1964","J4601"
"J1964","J4651"
"J1964","J4654"
"J1964","J4715"
"J1964","J4728"
"J1964","J4731"
"J1964","J4747"
"J1964","J4782"
"J1964","J4840"
"J1964","J4954"
"J1964","J4961"
"J1964","J4962"
"J1964","J4967"
"J1964","J4968"
"J1964","J4986"
"J1964","J4998"
"J1964","J5006"
"J1964","J5012"
"J1964","J5017"
"J1964","J5021"
"J1964","J5043"
"J1964","J505"
"J1964","J5053"
"J1964","J5074"
"J1964","J5089"
"J1964","J5095"
"J1964","J5121"
"J1964","J5146"
"J1964","J5215"
"J1964","J5222"
"J1964","J5255"
"J1964","J5269"
"J1964","J5271"
"J1964","J5309"
"J1964","J5316"
"J1964","J5379"
"J1964","J5428"
"J1964","J5456"
"J1964","J5475"
"J1964","J5476"
"J1964","J5477"
"J1964","J5489"
"J1964","J5503"
"J1964","J5519"
"J1964","J5559"
"J1964","J5566"
"J1964","J5568"
"J1964","J5582"
"J1964","J5583"
"J1964","J5595"
"J1964","J56"
"J1964","J5607"
"J1964","J5618"
"J1964","J5645"
"J1964","J5657A"
"J1964","J5658"
"J1964","J595"
"J1964","J5999"
"J1964","J6000"
"J1964","J6014"
"J1964","J6017"
"J1964","J6023"
"J1964","J6024"
"J1964","J6027"
"J1964","J640"
"J1964","J664"
"J1964","J910"
"J1964","J971"
"J1964","J990"
"J1973","J2039"
"J1973","J2124"
"J1973","J2128"
"J1973","J2168"
"J1973","J2196"
"J1973","J2375"
"J1973","J2377"
"J1973","J2392"
"J1973","J2415"
"J1973","J2488"
"J1973","J2563"
"J1973","J2572"
"J1973","J2621"
"J1973","J2661"
"J1973","J2728"
"J1973","J2801"
"J1973","J2941"
"J1973","J295"
"J1973","J2969"
"J1973","J3096"
"J1973","J3305"
"J1973","J3369"
"J1973","J3383"
"J1973","J3492"
"J1973","J3508"
"J1973","J3549"
"J1973","J3610"
"J1973","J3679"
"J1973","J3702"
"J1973","J3714"
"J1973","J3715"
"J1973","J3716"
"J1973","J3718"
"J1973","J3749"
"J1973","J3753"
"J1973","J3759"
"J1973","J3845"
"J1973","J3884"
"J1973","J3899"
"J1973","J3987"
"J1973","J4001"
"J1973","J4044"
"J1973","J4046"
"J1973","J4109"
"J1973","J4112"
"J1973","J4126"
"J1973","J4151"
"J1973","J4161"
"J1973","J4162"
"J1973","J4189"
"J1973","J42"
"J1973","J4214"
"J1973","J4304"
"J1973","J4315"
"J1973","J4345"
"J1973","J4514"
"J1973","J4521"
"J1973","J4552"
"J1973","J4569"
"J1973","J4601"
"J1973","J4651"
"J1973","J4654"
"J1973","J4715"
"J1973","J4728"
"J1973","J4731"
"J1973","J4747"
"J1973","J4782"
"J1973","J4840"
"J1973","J4954"
"J1973","J4961"
"J1973","J4962"
"J1973","J4967"
"J1973","J4968"
"J1973","J4986"
"J1973","J4998"
"J1973","J5006"
"J1973","J5012"
"J1973","J5017"
"J1973","J5021"
"J1973","J5043"
"J1973","J505"
"J1973","J5053"
"J1973","J5074"
"J1973","J5089"
"J1973","J5095"
"J1973","J5121"
"J1973","J5146"
"J1973","J5215"
"J1973","J5222"
"J1973","J5255"
"J1973","J5269"
"J1973","J5271"
"J1973","J5309"
"J1973","J5316"
"J1973","J5379"
"J1973","J5428"
"J1973","J5456"
"J1973","J5475"
"J1973","J5476"
"J1973","J5477"
"J1973","J5489"
"J1973","J5503"
"J1973","J5519"
"J1973","J5559"
"J1973","J5566"
"J1973","J5568"
"J1973","J5582"
"J1973","J5583"
"J1973","J5595"
"J1973","J56"
"J1973","J5607"
"J1973","J5618"
"J1973","J5645"
"J1973","J5657A"
"J1973","J5658"
"J1973","J595"
"J1973","J5999"
"J1973","J6000"
"J1973","J6014"
"J1973","J6017"
"J1973","J6023"
"J1973","J6024"
"J1973","J6027"
"J1973","J640"
"J1973","J664"
"J1973","J910"
"J1973","J971"
"J1973","J990"
"J2039","J2124"
"J2039","J2128"
"J2039","J2168"
"J2039","J2196"
"J2039","J2375"
"J2039","J2377"
"J2039","J2392"
"J2039","J2415"
"J2039","J2488"
"J2039","J2563"
"J2039","J2572"
"J2039","J2621"
"J2039","J2661"
"J2039","J2728"
"J2039","J2801"
"J2039","J2941"
"J2039","J295"
"J2039","J2969"
"J2039","J3096"
"J2039","J3305"
"J2039","J3369"
"J2039","J3383"
"J2039","J3492"
"J2039","J3508"
"J2039","J3549"
"J2039","J3610"
"J2039","J3679"
"J2039","J3702"
"J2039","J3714"
"J2039","J3715"
"J2039","J3716"
"J2039","J3718"
"J2039","J3749"
"J2039","J3753"
"J2039","J3759"
"J2039","J3845"
"J2039","J3884"
"J2039","J3899"
"J2039","J3987"
"J2039","J4001"
"J2039","J4044"
"J2039","J4046"
"J2039","J4109"
"J2039","J4112"
"J2039","J4126"
"J2039","J4151"
"J2039","J4161"
"J2039","J4162"
"J2039","J4189"
"J2039","J42"
"J2039","J4214"
"J2039","J4304"
"J2039","J4315"
"J2039","J4345"
"J2039","J4514"
"J2039","J4521"
"J2039","J4552"
"J2039","J4569"
"J2039","J4601"
"J2039","J4651"
"J2039","J4654"
"J2039","J4715"
"J2039","J4728"
"J2039","J4731"
"J2039","J4747"
"J2039","J4782"
"J2039","J4840"
"J2039","J4954"
"J2039","J4961"
"J2039","J4962"
"J2039","J4967"
"J2039","J4968"
"J2039","J4986"
"J2039","J4998"
"J2039","J5006"
"J2039","J5012"
"J2039","J5017"
"J2039","J5021"
"J2039","J5043"
"J2039","J505"
"J2039","J5053"
"J2039","J5074"
"J2039","J5089"
"J2039","J5095"
"J2039","J5121"
"J2039","J5146"
"J2039","J5215"
"J2039","J5222"
"J2039","J5255"
"J2039","J5269"
"J2039","J5271"
"J2039","J5309"
"J2039","J5316"
"J2039","J5379"
"J2039","J5428"
"J2039","J5456"
"J2039","J5475"
"J2039","J5476"
"J2039","J5477"
"J2039","J5489"
"J2039","J5503"
"J2039","J5519"
"J2039","J5559"
"J2039","J5566"
"J2039","J5568"
"J2039","J5582"
"J2039","J5583"
"J2039","J5595"
"J2039","J56"
"J2039","J5607"
"J2039","J5618"
"J2039","J5645"
"J2039","J5657A"
"J2039","J5658"
"J2039","J595"
"J2039","J5999"
"J2039","J6000"
"J2039","J6014"
"J2039","J6017"
"J2039","J6023"
"J2039","J6024"
"J2039","J6027"
"J2039","J640"
"J2039","J664"
"J2039","J910"
"J2039","J971"
"J2039","J990"
"J2124","J2128"
"J2124","J2168"
"J2124","J2196"
"J2124","J2375"
"J2124","J2377"
"J2124","J2392"
"J2124","J2415"
"J2124","J2488"
"J2124","J2563"
"J2124","J2572"
"J2124","J2621"
"J2124","J2661"
"J2124","J2728"
"J2124","J2801"
"J2124","J2941"
"J2124","J295"
"J2124","J2969"
"J2124","J3096"
"J2124","J3305"
"J2124","J3369"
"J2124","J3383"
"J2124","J3492"
"J2124","J3508"
"J2124","J3549"
"J2124","J3610"
"J2124","J3679"
"J2124","J3702"
"J2124","J3714"
"J2124","J3715"
"J2124","J3716"
"J2124","J3718"
"J2124","J3749"
"J2124","J3753"
"J2124","J3759"
"J2124","J3845"
"J2124","J3884"
"J2124","J3899"
"J2124","J3987"
"J2124","J4001"
"J2124","J4044"
"J2124","J4046"
"J2124","J4109"
"J2124","J4112"
"J2124","J4126"
"J2124","J4151"
"J2124","J4161"
"J2124","J4162"
"J2124","J4189"
"J2124","J42"
"J2124","J4214"
"J2124","J4304"
"J2124","J4315"
"J2124","J4345"
"J2124","J4514"
"J2124","J4521"
"J2124","J4552"
"J2124","J4569"
"J2124","J4601"
"J2124","J4651"
"J2124","J4654"
"J2124","J4715"
"J2124","J4728"
"J2124","J4731"
"J2124","J4747"
"J2124","J4782"
"J2124","J4840"
"J2124","J4954"
"J2124","J4961"
"J2124","J4962"
"J2124","J4967"
"J2124","J4968"
"J2124","J4986"
"J2124","J4998"
"J2124","J5006"
"J2124","J5012"
"J2124","J5017"
"J2124","J5021"
"J2124","J5043"
"J2124","J505"
"J2124","J5053"
"J2124","J5074"
"J2124","J5089"
"J2124","J5095"
"J2124","J5121"
"J2124","J5146"
"J2124","J5215"
"J2124","J5222"
"J2124","J5255"
"J2124","J5269"
"J2124","J5271"
"J2124","J5309"
"J2124","J5316"
"J2124","J5379"
"J2124","J5428"
"J2124","J5456"
"J2124","J5475"
"J2124","J5476"
"J2124","J5477"
"J2124","J5489"
"J2124","J5503"
"J2124","J5519"
"J2124","J5559"
"J2124","J5566"
"J2124","J5568"
"J2124","J5582"
"J2124","J5583"
"J2124","J5595"
"J2124","J56"
"J2124","J5607"
"J2124","J5618"
"J2124","J5645"
"J2124","J5657A"
"J2124","J5658"
"J2124","J595"
"J2124","J5999"
"J2124","J6000"
"J2124","J6014"
"J2124","J6017"
"J2124","J6023"
"J2124","J6024"
"J2124","J6027"
"J2124","J640"
"J2124","J664"
"J2124","J910"
"J2124","J971"
"J2124","J990"
"J2128","J2168"
"J2128","J2196"
"J2128","J2375"
"J2128","J2377"
"J2128","J2392"
"J2128","J2415"
"J2128","J2488"
"J2128","J2563"
"J2128","J2572"
"J2128","J2621"
"J2128","J2661"
"J2128","J2728"
"J2128","J2801"
"J2128","J2941"
"J2128","J295"
"J2128","J2969"
"J2128","J3096"
"J2128","J3305"
"J2128","J3369"
"J2128","J3383"
"J2128","J3492"
"J2128","J3508"
"J2128","J3549"
"J2128","J3610"
"J2128","J3679"
"J2128","J3702"
"J2128","J3714"
"J2128","J3715"
"J2128","J3716"
"J2128","J3718"
"J2128","J3749"
"J2128","J3753"
"J2128","J3759"
"J2128","J3845"
"J2128","J3884"
"J2128","J3899"
"J2128","J3987"
"J2128","J4001"
"J2128","J4044"
"J2128","J4046"
"J2128","J4109"
"J2128","J4112"
"J2128","J4126"
"J2128","J4151"
"J2128","J4161"
"J2128","J4162"
"J2128","J4189"
"J2128","J42"
"J2128","J4214"
"J2128","J4304"
"J2128","J4315"
"J2128","J4345"
"J2128","J4514"
"J2128","J4521"
"J2128","J4552"
"J2128","J4569"
"J2128","J4601"
"J2128","J4651"
"J2128","J4654"
"J2128","J4715"
"J2128","J4728"
"J2128","J4731"
"J2128","J4747"
"J2128","J4782"
"J2128","J4840"
"J2128","J4954"
"J2128","J4961"
"J2128","J4962"
"J2128","J4967"
"J2128","J4968"
"J2128","J4986"
"J2128","J4998"
"J2128","J5006"
"J2128","J5012"
"J2128","J5017"
"J2128","J5021"
"J2128","J5043"
"J2128","J505"
"J2128","J5053"
"J2128","J5074"
"J2128","J5089"
"J2128","J5095"
"J2128","J5121"
"J2128","J5146"
"J2128","J5215"
"J2128","J5222"
"J2128","J5255"
"J2128","J5269"
"J2128","J5271"
"J2128","J5309"
"J2128","J5316"
"J2128","J5379"
"J2128","J5428"
"J2128","J5456"
"J2128","J5475"
"J2128","J5476"
"J2128","J5477"
"J2128","J5489"
"J2128","J5503"
"J2128","J5519"
"J2128","J5559"
"J2128","J5566"
"J2128","J5568"
"J2128","J5582"
"J2128","J5583"
"J2128","J5595"
"J2128","J56"
"J2128","J5607"
"J2128","J5618"
"J2128","J5645"
"J2128","J5657A"
"J2128","J5658"
"J2128","J595"
"J2128","J5999"
"J2128","J6000"
"J2128","J6014"
"J2128","J6017"
"J2128","J6023"
"J2128","J6024"
"J2128","J6027"
"J2128","J640"
"J2128","J664"
"J2128","J910"
"J2128","J971"
"J2128","J990"
"J2168","J2196"
"J2168","J2375"
"J2168","J2377"
"J2168","J2392"
"J2168","J2415"
"J2168","J2488"
"J2168","J2563"
"J2168","J2572"
"J2168","J2621"
"J2168","J2661"
"J2168","J2728"
"J2168","J2801"
"J2168","J2941"
"J2168","J295"
"J2168","J2969"
"J2168","J3096"
"J2168","J3305"
"J2168","J3369"
"J2168","J3383"
"J2168","J3492"
"J2168","J3508"
"J2168","J3549"
"J2168","J3610"
"J2168","J3679"
"J2168","J3702"
"J2168","J3714"
"J2168","J3715"
"J2168","J3716"
"J2168","J3718"
"J2168","J3749"
"J2168","J3753"
"J2168","J3759"
"J2168","J3845"
"J2168","J3884"
"J2168","J3899"
"J2168","J3987"
"J2168","J4001"
"J2168","J4044"
"J2168","J4046"
"J2168","J4109"
"J2168","J4112"
"J2168","J4126"
"J2168","J4151"
"J2168","J4161"
"J2168","J4162"
"J2168","J4189"
"J2168","J42"
"J2168","J4214"
"J2168","J4304"
"J2168","J4315"
"J2168","J4345"
"J2168","J4514"
"J2168","J4521"
"J2168","J4552"
"J2168","J4569"
"J2168","J4601"
"J2168","J4651"
"J2168","J4654"
"J2168","J4715"
"J2168","J4728"
"J2168","J4731"
"J2168","J4747"
"J2168","J4782"
"J2168","J4840"
"J2168","J4954"
"J2168","J4961"
"J2168","J4962"
"J2168","J4967"
"J2168","J4968"
"J2168","J4986"
"J2168","J4998"
"J2168","J5006"
"J2168","J5012"
"J2168","J5017"
"J2168","J5021"
"J2168","J5043"
"J2168","J505"
"J2168","J5053"
"J2168","J5074"
"J2168","J5089"
"J2168","J5095"
"J2168","J5121"
"J2168","J5146"
"J2168","J5215"
"J2168","J5222"
"J2168","J5255"
"J2168","J5269"
"J2168","J5271"
"J2168","J5309"
"J2168","J5316"
"J2168","J5379"
"J2168","J5428"
"J2168","J5456"
"J2168","J5475"
"J2168","J5476"
"J2168","J5477"
"J2168","J5489"
"J2168","J5503"
"J2168","J5519"
"J2168","J5559"
"J2168","J5566"
"J2168","J5568"
"J2168","J5582"
"J2168","J5583"
"J2168","J5595"
"J2168","J56"
"J2168","J5607"
"J2168","J5618"
"J2168","J5645"
"J2168","J5657A"
"J2168","J5658"
"J2168","J595"
"J2168","J5999"
"J2168","J6000"
"J2168","J6014"
"J2168","J6017"
"J2168","J6023"
"J2168","J6024"
"J2168","J6027"
"J2168","J640"
"J2168","J664"
"J2168","J910"
"J2168","J971"
"J2168","J990"
"J2196","J2375"
"J2196","J2377"
"J2196","J2392"
"J2196","J2415"
"J2196","J2488"
"J2196","J2563"
"J2196","J2572"
"J2196","J2621"
"J2196","J2661"
"J2196","J2728"
"J2196","J2801"
"J2196","J2941"
"J2196","J295"
"J2196","J2969"
"J2196","J3096"
"J2196","J3305"
"J2196","J3369"
"J2196","J3383"
"J2196","J3492"
"J2196","J3508"
"J2196","J3549"
"J2196","J3610"
"J2196","J3679"
"J2196","J3702"
"J2196","J3714"
"J2196","J3715"
"J2196","J3716"
"J2196","J3718"
"J2196","J3749"
"J2196","J3753"
"J2196","J3759"
"J2196","J3845"
"J2196","J3884"
"J2196","J3899"
"J2196","J3987"
"J2196","J4001"
"J2196","J4044"
"J2196","J4046"
"J2196","J4109"
"J2196","J4112"
"J2196","J4126"
"J2196","J4151"
"J2196","J4161"
"J2196","J4162"
"J2196","J4189"
"J2196","J42"
"J2196","J4214"
"J2196","J4304"
"J2196","J4315"
"J2196","J4345"
"J2196","J4514"
"J2196","J4521"
"J2196","J4552"
"J2196","J4569"
"J2196","J4601"
"J2196","J4651"
"J2196","J4654"
"J2196","J4715"
"J2196","J4728"
"J2196","J4731"
"J2196","J4747"
"J2196","J4782"
"J2196","J4840"
"J2196","J4954"
"J2196","J4961"
"J2196","J4962"
"J2196","J4967"
"J2196","J4968"
"J2196","J4986"
"J2196","J4998"
"J2196","J5006"
"J2196","J5012"
"J2196","J5017"
"J2196","J5021"
"J2196","J5043"
"J2196","J505"
"J2196","J5053"
"J2196","J5074"
"J2196","J5089"
"J2196","J5095"
"J2196","J5121"
"J2196","J5146"
"J2196","J5215"
"J2196","J5222"
"J2196","J5255"
"J2196","J5269"
"J2196","J5271"
"J2196","J5309"
"J2196","J5316"
"J2196","J5379"
"J2196","J5428"
"J2196","J5456"
"J2196","J5475"
"J2196","J5476"
"J2196","J5477"
"J2196","J5489"
"J2196","J5503"
"J2196","J5519"
"J2196","J5559"
"J2196","J5566"
"J2196","J5568"
"J2196","J5582"
"J2196","J5583"
"J2196","J5595"
"J2196","J56"
"J2196","J5607"
"J2196","J5618"
"J2196","J5645"
"J2196","J5657A"
"J2196","J5658"
"J2196","J595"
"J2196","J5999"
"J2196","J6000"
"J2196","J6014"
"J2196","J6017"
"J2196","J6023"
"J2196","J6024"
"J2196","J6027"
"J2196","J640"
"J2196","J664"
"J2196","J910"
"J2196","J971"
"J2196","J990"
"J2375","J2377"
"J2375","J2392"
"J2375","J2415"
"J2375","J2488"
"J2375","J2563"
"J2375","J2572"
"J2375","J2621"
"J2375","J2661"
"J2375","J2728"
"J2375","J2801"
"J2375","J2941"
"J2375","J295"
"J2375","J2969"
"J2375","J3096"
"J2375","J3305"
"J2375","J3369"
"J2375","J3383"
"J2375","J3492"
"J2375","J3508"
"J2375","J3549"
"J2375","J3610"
"J2375","J3679"
"J2375","J3702"
"J2375","J3714"
"J2375","J3715"
"J2375","J3716"
"J2375","J3718"
"J2375","J3749"
"J2375","J3753"
"J2375","J3759"
"J2375","J3845"
"J2375","J3884"
"J2375","J3899"
"J2375","J3987"
"J2375","J4001"
"J2375","J4044"
"J2375","J4046"
"J2375","J4109"
"J2375","J4112"
"J2375","J4126"
"J2375","J4151"
"J2375","J4161"
"J2375","J4162"
"J2375","J4189"
"J2375","J42"
"J2375","J4214"
"J2375","J4304"
"J2375","J4315"
"J2375","J4345"
"J2375","J4514"
"J2375","J4521"
"J2375","J4552"
"J2375","J4569"
"J2375","J4601"
"J2375","J4651"
"J2375","J4654"
"J2375","J4715"
"J2375","J4728"
"J2375","J4731"
"J2375","J4747"
"J2375","J4782"
"J2375","J4840"
"J2375","J4954"
"J2375","J4961"
"J2375","J4962"
"J2375","J4967"
"J2375","J4968"
"J2375","J4986"
"J2375","J4998"
"J2375","J5006"
"J2375","J5012"
"J2375","J5017"
"J2375","J5021"
"J2375","J5043"
"J2375","J505"
"J2375","J5053"
"J2375","J5074"
"J2375","J5089"
"J2375","J5095"
"J2375","J5121"
"J2375","J5146"
"J2375","J5215"
"J2375","J5222"
"J2375","J5255"
"J2375","J5269"
"J2375","J5271"
"J2375","J5309"
"J2375","J5316"
"J2375","J5379"
"J2375","J5428"
"J2375","J5456"
"J2375","J5475"
"J2375","J5476"
"J2375","J5477"
"J2375","J5489"
"J2375","J5503"
"J2375","J5519"
"J2375","J5559"
"J2375","J5566"
"J2375","J5568"
"J2375","J5582"
"J2375","J5583"
"J2375","J5595"
"J2375","J56"
"J2375","J5607"
"J2375","J5618"
"J2375","J5645"
"J2375","J5657A"
"J2375","J5658"
"J2375","J595"
"J2375","J5999"
"J2375","J6000"
"J2375","J6014"
"J2375","J6017"
"J2375","J6023"
"J2375","J6024"
"J2375","J6027"
"J2375","J640"
"J2375","J664"
"J2375","J910"
"J2375","J971"
"J2375","J990"
"J2377","J2392"
"J2377","J2415"
"J2377","J2488"
"J2377","J2563"
"J2377","J2572"
"J2377","J2621"
"J2377","J2661"
"J2377","J2728"
"J2377","J2801"
"J2377","J2941"
"J2377","J295"
"J2377","J2969"
"J2377","J3096"
"J2377","J3305"
"J2377","J3369"
"J2377","J3383"
"J2377","J3492"
"J2377","J3508"
"J2377","J3549"
"J2377","J3610"
"J2377","J3679"
"J2377","J3702"
"J2377","J3714"
"J2377","J3715"
"J2377","J3716"
"J2377","J3718"
"J2377","J3749"
"J2377","J3753"
"J2377","J3759"
"J2377","J3845"
"J2377","J3884"
"J2377","J3899"
"J2377","J3987"
"J2377","J4001"
"J2377","J4044"
"J2377","J4046"
"J2377","J4109"
"J2377","J4112"
"J2377","J4126"
"J2377","J4151"
"J2377","J4161"
"J2377","J4162"
"J2377","J4189"
"J2377","J42"
"J2377","J4214"
"J2377","J4304"
"J2377","J4315"
"J2377","J4345"
"J2377","J4514"
"J2377","J4521"
"J2377","J4552"
"J2377","J4569"
"J2377","J4601"
"J2377","J4651"
"J2377","J4654"
"J2377","J4715"
"J2377","J4728"
"J2377","J4731"
"J2377","J4747"
"J2377","J4782"
"J2377","J4840"
"J2377","J4954"
"J2377","J4961"
"J2377","J4962"
"J2377","J4967"
"J2377","J4968"
"J2377","J4986"
"J2377","J4998"
"J2377","J5006"
"J2377","J5012"
"J2377","J5017"
"J2377","J5021"
"J2377","J5043"
"J2377","J505"
"J2377","J5053"
"J2377","J5074"
"J2377","J5089"
"J2377","J5095"
"J2377","J5121"
"J2377","J5146"
"J2377","J5215"
"J2377","J5222"
"J2377","J5255"
"J2377","J5269"
"J2377","J5271"
"J2377","J5309"
"J2377","J5316"
"J2377","J5379"
"J2377","J5428"
"J2377","J5456"
"J2377","J5475"
"J2377","J5476"
"J2377","J5477"
"J2377","J5489"
"J2377","J5503"
"J2377","J5519"
"J2377","J5559"
"J2377","J5566"
"J2377","J5568"
"J2377","J5582"
"J2377","J5583"
"J2377","J5595"
"J2377","J56"
"J2377","J5607"
"J2377","J5618"
"J2377","J5645"
"J2377","J5657A"
"J2377","J5658"
"J2377","J595"
"J2377","J5999"
"J2377","J6000"
"J2377","J6014"
"J2377","J6017"
"J2377","J6023"
"J2377","J6024"
"J2377","J6027"
"J2377","J640"
"J2377","J664"
"J2377","J910"
"J2377","J971"
"J2377","J990"
"J2392","J2415"
"J2392","J2488"
"J2392","J2563"
"J2392","J2572"
"J2392","J2621"
"J2392","J2661"
"J2392","J2728"
"J2392","J2801"
"J2392","J2941"
"J2392","J295"
"J2392","J2969"
"J2392","J3096"
"J2392","J3305"
"J2392","J3369"
"J2392","J3383"
"J2392","J3492"
"J2392","J3508"
"J2392","J3549"
"J2392","J3610"
"J2392","J3679"
"J2392","J3702"
"J2392","J3714"
"J2392","J3715"
"J2392","J3716"
"J2392","J3718"
"J2392","J3749"
"J2392","J3753"
"J2392","J3759"
"J2392","J3845"
"J2392","J3884"
"J2392","J3899"
"J2392","J3987"
"J2392","J4001"
"J2392","J4044"
"J2392","J4046"
"J2392","J4109"
"J2392","J4112"
"J2392","J4126"
"J2392","J4151"
"J2392","J4161"
"J2392","J4162"
"J2392","J4189"
"J2392","J42"
"J2392","J4214"
"J2392","J4304"
"J2392","J4315"
"J2392","J4345"
"J2392","J4514"
"J2392","J4521"
"J2392","J4552"
"J2392","J4569"
"J2392","J4601"
"J2392","J4651"
"J2392","J4654"
"J2392","J4715"
"J2392","J4728"
"J2392","J4731"
"J2392","J4747"
"J2392","J4782"
"J2392","J4840"
"J2392","J4954"
"J2392","J4961"
"J2392","J4962"
"J2392","J4967"
"J2392","J4968"
"J2392","J4986"
"J2392","J4998"
"J2392","J5006"
"J2392","J5012"
"J2392","J5017"
"J2392","J5021"
"J2392","J5043"
"J2392","J505"
"J2392","J5053"
"J2392","J5074"
"J2392","J5089"
"J2392","J5095"
"J2392","J5121"
"J2392","J5146"
"J2392","J5215"
"J2392","J5222"
"J2392","J5255"
"J2392","J5269"
"J2392","J5271"
"J2392","J5309"
"J2392","J5316"
"J2392","J5379"
"J2392","J5428"
"J2392","J5456"
"J2392","J5475"
"J2392","J5476"
"J2392","J5477"
"J2392","J5489"
"J2392","J5503"
"J2392","J5519"
"J2392","J5559"
"J2392","J5566"
"J2392","J5568"
"J2392","J5582"
"J2392","J5583"
"J2392","J5595"
"J2392","J56"
"J2392","J5607"
"J2392","J5618"
"J2392","J5645"
"J2392","J5657A"
"J2392","J5658"
"J2392","J595"
"J2392","J5999"
"J2392","J6000"
"J2392","J6014"
"J2392","J6017"
"J2392","J6023"
"J2392","J6024"
"J2392","J6027"
"J2392","J640"
"J2392","J664"
"J2392","J910"
"J2392","J971"
"J2392","J990"
"J2415","J2488"
"J2415","J2563"
"J2415","J2572"
"J2415","J2621"
"J2415","J2661"
"J2415","J2728"
"J2415","J2801"
"J2415","J2941"
"J2415","J295"
"J2415","J2969"
"J2415","J3096"
"J2415","J3305"
"J2415","J3369"
"J2415","J3383"
"J2415","J3492"
"J2415","J3508"
"J2415","J3549"
"J2415","J3610"
"J2415","J3679"
"J2415","J3702"
"J2415","J3714"
"J2415","J3715"
"J2415","J3716"
"J2415","J3718"
"J2415","J3749"
"J2415","J3753"
"J2415","J3759"
"J2415","J3845"
"J2415","J3884"
"J2415","J3899"
"J2415","J3987"
"J2415","J4001"
"J2415","J4044"
"J2415","J4046"
"J2415","J4109"
"J2415","J4112"
"J2415","J4126"
"J2415","J4151"
"J2415","J4161"
"J2415","J4162"
"J2415","J4189"
"J2415","J42"
"J2415","J4214"
"J2415","J4304"
"J2415","J4315"
"J2415","J4345"
"J2415","J4514"
"J2415","J4521"
"J2415","J4552"
"J2415","J4569"
"J2415","J4601"
"J2415","J4651"
"J2415","J4654"
"J2415","J4715"
"J2415","J4728"
"J2415","J4731"
"J2415","J4747"
"J2415","J4782"
"J2415","J4840"
"J2415","J4954"
"J2415","J4961"
"J2415","J4962"
"J2415","J4967"
"J2415","J4968"
"J2415","J4986"
"J2415","J4998"
"J2415","J5006"
"J2415","J5012"
"J2415","J5017"
"J2415","J5021"
"J2415","J5043"
"J2415","J505"
"J2415","J5053"
"J2415","J5074"
"J2415","J5089"
"J2415","J5095"
"J2415","J5121"
"J2415","J5146"
"J2415","J5215"
"J2415","J5222"
"J2415","J5255"
"J2415","J5269"
"J2415","J5271"
"J2415","J5309"
"J2415","J5316"
"J2415","J5379"
"J2415","J5428"
"J2415","J5456"
"J2415","J5475"
"J2415","J5476"
"J2415","J5477"
"J2415","J5489"
"J2415","J5503"
"J2415","J5519"
"J2415","J5559"
"J2415","J5566"
"J2415","J5568"
"J2415","J5582"
"J2415","J5583"
"J2415","J5595"
"J2415","J56"
"J2415","J5607"
"J2415","J5618"
"J2415","J5645"
"J2415","J5657A"
"J2415","J5658"
"J2415","J595"
"J2415","J5999"
"J2415","J6000"
"J2415","J6014"
"J2415","J6017"
"J2415","J6023"
"J2415","J6024"
"J2415","J6027"
"J2415","J640"
"J2415","J664"
"J2415","J910"
"J2415","J971"
"J2415","J990"
"J2488","J2563"
"J2488","J2572"
"J2488","J2621"
"J2488","J2661"
"J2488","J2728"
"J2488","J2801"
"J2488","J2941"
"J2488","J295"
"J2488","J2969"
"J2488","J3096"
"J2488","J3305"
"J2488","J3369"
"J2488","J3383"
"J2488","J3492"
"J2488","J3508"
"J2488","J3549"
"J2488","J3610"
"J2488","J3679"
"J2488","J3702"
"J2488","J3714"
"J2488","J3715"
"J2488","J3716"
"J2488","J3718"
"J2488","J3749"
"J2488","J3753"
"J2488","J3759"
"J2488","J3845"
"J2488","J3884"
"J2488","J3899"
"J2488","J3987"
"J2488","J4001"
"J2488","J4044"
"J2488","J4046"
"J2488","J4109"
"J2488","J4112"
"J2488","J4126"
"J2488","J4151"
"J2488","J4161"
"J2488","J4162"
"J2488","J4189"
"J2488","J42"
"J2488","J4214"
"J2488","J4304"
"J2488","J4315"
"J2488","J4345"
"J2488","J4514"
"J2488","J4521"
"J2488","J4552"
"J2488","J4569"
"J2488","J4601"
"J2488","J4651"
"J2488","J4654"
"J2488","J4715"
"J2488","J4728"
"J2488","J4731"
"J2488","J4747"
"J2488","J4782"
"J2488","J4840"
"J2488","J4954"
"J2488","J4961"
"J2488","J4962"
"J2488","J4967"
"J2488","J4968"
"J2488","J4986"
"J2488","J4998"
"J2488","J5006"
"J2488","J5012"
"J2488","J5017"
"J2488","J5021"
"J2488","J5043"
"J2488","J505"
"J2488","J5053"
"J2488","J5074"
"J2488","J5089"
"J2488","J5095"
"J2488","J5121"
"J2488","J5146"
"J2488","J5215"
"J2488","J5222"
"J2488","J5255"
"J2488","J5269"
"J2488","J5271"
"J2488","J5309"
"J2488","J5316"
"J2488","J5379"
"J2488","J5428"
"J2488","J5456"
"J2488","J5475"
"J2488","J5476"
"J2488","J5477"
"J2488","J5489"
"J2488","J5503"
"J2488","J5519"
"J2488","J5559"
"J2488","J5566"
"J2488","J5568"
"J2488","J5582"
"J2488","J5583"
"J2488","J5595"
"J2488","J56"
"J2488","J5607"
"J2488","J5618"
"J2488","J5645"
"J2488","J5657A"
"J2488","J5658"
"J2488","J595"
"J2488","J5999"
"J2488","J6000"
"J2488","J6014"
"J2488","J6017"
"J2488","J6023"
"J2488","J6024"
"J2488","J6027"
"J2488","J640"
"J2488","J664"
"J2488","J910"
"J2488","J971"
"J2488","J990"
"J2563","J2572"
"J2563","J2621"
"J2563","J2661"
"J2563","J2728"
"J2563","J2801"
"J2563","J2941"
"J2563","J295"
"J2563","J2969"
"J2563","J3096"
"J2563","J3305"
"J2563","J3369"
"J2563","J3383"
"J2563","J3492"
"J2563","J3508"
"J2563","J3549"
"J2563","J3610"
"J2563","J3679"
"J2563","J3702"
"J2563","J3714"
"J2563","J3715"
"J2563","J3716"
"J2563","J3718"
"J2563","J3749"
"J2563","J3753"
"J2563","J3759"
"J2563","J3845"
"J2563","J3884"
"J2563","J3899"
"J2563","J3987"
"J2563","J4001"
"J2563","J4044"
"J2563","J4046"
"J2563","J4109"
"J2563","J4112"
"J2563","J4126"
"J2563","J4151"
"J2563","J4161"
"J2563","J4162"
"J2563","J4189"
"J2563","J42"
"J2563","J4214"
"J2563","J4304"
"J2563","J4315"
"J2563","J4345"
"J2563","J4514"
"J2563","J4521"
"J2563","J4552"
"J2563","J4569"
"J2563","J4601"
"J2563","J4651"
"J2563","J4654"
"J2563","J4715"
"J2563","J4728"
"J2563","J4731"
"J2563","J4747"
"J2563","J4782"
"J2563","J4840"
"J2563","J4954"
"J2563","J4961"
"J2563","J4962"
"J2563","J4967"
"J2563","J4968"
"J2563","J4986"
"J2563","J4998"
"J2563","J5006"
"J2563","J5012"
"J2563","J5017"
"J2563","J5021"
"J2563","J5043"
"J2563","J505"
"J2563","J5053"
"J2563","J5074"
"J2563","J5089"
"J2563","J5095"
"J2563","J5121"
"J2563","J5146"
"J2563","J5215"
"J2563","J5222"
"J2563","J5255"
"J2563","J5269"
"J2563","J5271"
"J2563","J5309"
"J2563","J5316"
"J2563","J5379"
"J2563","J5428"
"J2563","J5456"
"J2563","J5475"
"J2563","J5476"
"J2563","J5477"
"J2563","J5489"
"J2563","J5503"
"J2563","J5519"
"J2563","J5559"
"J2563","J5566"
"J2563","J5568"
"J2563","J5582"
"J2563","J5583"
"J2563","J5595"
"J2563","J56"
"J2563","J5607"
"J2563","J5618"
"J2563","J5645"
"J2563","J5657A"
"J2563","J5658"
"J2563","J595"
"J2563","J5999"
"J2563","J6000"
"J2563","J6014"
"J2563","J6017"
"J2563","J6023"
"J2563","J6024"
"J2563","J6027"
"J2563","J640"
"J2563","J664"
"J2563","J910"
"J2563","J971"
"J2563","J990"
"J2572","J2621"
"J2572","J2661"
"J2572","J2728"
"J2572","J2801"
"J2572","J2941"
"J2572","J295"
"J2572","J2969"
"J2572","J3096"
"J2572","J3305"
"J2572","J3369"
"J2572","J3383"
"J2572","J3492"
"J2572","J3508"
"J2572","J3549"
"J2572","J3610"
"J2572","J3679"
"J2572","J3702"
"J2572","J3714"
"J2572","J3715"
"J2572","J3716"
"J2572","J3718"
"J2572","J3749"
"J2572","J3753"
"J2572","J3759"
"J2572","J3845"
"J2572","J3884"
"J2572","J3899"
"J2572","J3987"
"J2572","J4001"
"J2572","J4044"
"J2572","J4046"
"J2572","J4109"
"J2572","J4112"
"J2572","J4126"
"J2572","J4151"
"J2572","J4161"
"J2572","J4162"
"J2572","J4189"
"J2572","J42"
"J2572","J4214"
"J2572","J4304"
"J2572","J4315"
"J2572","J4345"
"J2572","J4514"
"J2572","J4521"
"J2572","J4552"
"J2572","J4569"
"J2572","J4601"
"J2572","J4651"
"J2572","J4654"
"J2572","J4715"
"J2572","J4728"
"J2572","J4731"
"J2572","J4747"
"J2572","J4782"
"J2572","J4840"
"J2572","J4954"
"J2572","J4961"
"J2572","J4962"
"J2572","J4967"
"J2572","J4968"
"J2572","J4986"
"J2572","J4998"
"J2572","J5006"
"J2572","J5012"
"J2572","J5017"
"J2572","J5021"
"J2572","J5043"
"J2572","J505"
"J2572","J5053"
"J2572","J5074"
"J2572","J5089"
"J2572","J5095"
"J2572","J5121"
"J2572","J5146"
"J2572","J5215"
"J2572","J5222"
"J2572","J5255"
"J2572","J5269"
"J2572","J5271"
"J2572","J5309"
"J2572","J5316"
"J2572","J5379"
"J2572","J5428"
"J2572","J5456"
"J2572","J5475"
"J2572","J5476"
"J2572","J5477"
"J2572","J5489"
"J2572","J5503"
"J2572","J5519"
"J2572","J5559"
"J2572","J5566"
"J2572","J5568"
"J2572","J5582"
"J2572","J5583"
"J2572","J5595"
"J2572","J56"
"J2572","J5607"
"J2572","J5618"
"J2572","J5645"
"J2572","J5657A"
"J2572","J5658"
"J2572","J595"
"J2572","J5999"
"J2572","J6000"
"J2572","J6014"
"J2572","J6017"
"J2572","J6023"
"J2572","J6024"
"J2572","J6027"
"J2572","J640"
"J2572","J664"
"J2572","J910"
"J2572","J971"
"J2572","J990"
"J2621","J2661"
"J2621","J2728"
"J2621","J2801"
"J2621","J2941"
"J2621","J295"
"J2621","J2969"
"J2621","J3096"
"J2621","J3305"
"J2621","J3369"
"J2621","J3383"
"J2621","J3492"
"J2621","J3508"
"J2621","J3549"
"J2621","J3610"
"J2621","J3679"
"J2621","J3702"
"J2621","J3714"
"J2621","J3715"
"J2621","J3716"
"J2621","J3718"
"J2621","J3749"
"J2621","J3753"
"J2621","J3759"
"J2621","J3845"
"J2621","J3884"
"J2621","J3899"
"J2621","J3987"
"J2621","J4001"
"J2621","J4044"
"J2621","J4046"
"J2621","J4109"
"J2621","J4112"
"J2621","J4126"
"J2621","J4151"
"J2621","J4161"
"J2621","J4162"
"J2621","J4189"
"J2621","J42"
"J2621","J4214"
"J2621","J4304"
"J2621","J4315"
"J2621","J4345"
"J2621","J4514"
"J2621","J4521"
"J2621","J4552"
"J2621","J4569"
"J2621","J4601"
"J2621","J4651"
"J2621","J4654"
"J2621","J4715"
"J2621","J4728"
"J2621","J4731"
"J2621","J4747"
"J2621","J4782"
"J2621","J4840"
"J2621","J4954"
"J2621","J4961"
"J2621","J4962"
"J2621","J4967"
"J2621","J4968"
"J2621","J4986"
"J2621","J4998"
"J2621","J5006"
"J2621","J5012"
"J2621","J5017"
"J2621","J5021"
"J2621","J5043"
"J2621","J505"
"J2621","J5053"
"J2621","J5074"
"J2621","J5089"
"J2621","J5095"
"J2621","J5121"
"J2621","J5146"
"J2621","J5215"
"J2621","J5222"
"J2621","J5255"
"J2621","J5269"
"J2621","J5271"
"J2621","J5309"
"J2621","J5316"
"J2621","J5379"
"J2621","J5428"
"J2621","J5456"
"J2621","J5475"
"J2621","J5476"
"J2621","J5477"
"J2621","J5489"
"J2621","J5503"
"J2621","J5519"
"J2621","J5559"
"J2621","J5566"
"J2621","J5568"
"J2621","J5582"
"J2621","J5583"
"J2621","J5595"
"J2621","J56"
"J2621","J5607"
"J2621","J5618"
"J2621","J5645"
"J2621","J5657A"
"J2621","J5658"
"J2621","J595"
"J2621","J5999"
"J2621","J6000"
"J2621","J6014"
"J2621","J6017"
"J2621","J6023"
"J2621","J6024"
"J2621","J6027"
"J2621","J640"
"J2621","J664"
"J2621","J910"
"J2621","J971"
"J2621","J990"
"J2661","J2728"
"J2661","J2801"
"J2661","J2941"
"J2661","J295"
"J2661","J2969"
"J2661","J3096"
"J2661","J3305"
"J2661","J3369"
"J2661","J3383"
"J2661","J3492"
"J2661","J3508"
"J2661","J3549"
"J2661","J3610"
"J2661","J3679"
"J2661","J3702"
"J2661","J3714"
"J2661","J3715"
"J2661","J3716"
"J2661","J3718"
"J2661","J3749"
"J2661","J3753"
"J2661","J3759"
"J2661","J3845"
"J2661","J3884"
"J2661","J3899"
"J2661","J3987"
"J2661","J4001"
"J2661","J4044"
"J2661","J4046"
"J2661","J4109"
"J2661","J4112"
"J2661","J4126"
"J2661","J4151"
"J2661","J4161"
"J2661","J4162"
"J2661","J4189"
"J2661","J42"
"J2661","J4214"
"J2661","J4304"
"J2661","J4315"
"J2661","J4345"
"J2661","J4514"
"J2661","J4521"
"J2661","J4552"
"J2661","J4569"
"J2661","J4601"
"J2661","J4651"
"J2661","J4654"
"J2661","J4715"
"J2661","J4728"
"J2661","J4731"
"J2661","J4747"
"J2661","J4782"
"J2661","J4840"
"J2661","J4954"
"J2661","J4961"
"J2661","J4962"
"J2661","J4967"
"J2661","J4968"
"J2661","J4986"
"J2661","J4998"
"J2661","J5006"
"J2661","J5012"
"J2661","J5017"
"J2661","J5021"
"J2661","J5043"
"J2661","J505"
"J2661","J5053"
"J2661","J5074"
"J2661","J5089"
"J2661","J5095"
"J2661","J5121"
"J2661","J5146"
"J2661","J5215"
"J2661","J5222"
"J2661","J5255"
"J2661","J5269"
"J2661","J5271"
"J2661","J5309"
"J2661","J5316"
"J2661","J5379"
"J2661","J5428"
"J2661","J5456"
"J2661","J5475"
"J2661","J5476"
"J2661","J5477"
"J2661","J5489"
"J2661","J5503"
"J2661","J5519"
"J2661","J5559"
"J2661","J5566"
"J2661","J5568"
"J2661","J5582"
"J2661","J5583"
"J2661","J5595"
"J2661","J56"
"J2661","J5607"
"J2661","J5618"
"J2661","J5645"
"J2661","J5657A"
"J2661","J5658"
"J2661","J595"
"J2661","J5999"
"J2661","J6000"
"J2661","J6014"
"J2661","J6017"
"J2661","J6023"
"J2661","J6024"
"J2661","J6027"
"J2661","J640"
"J2661","J664"
"J2661","J910"
"J2661","J971"
"J2661","J990"
"J2728","J2801"
"J2728","J2941"
"J2728","J295"
"J2728","J2969"
"J2728","J3096"
"J2728","J3305"
"J2728","J3369"
"J2728","J3383"
"J2728","J3492"
"J2728","J3508"
"J2728","J3549"
"J2728","J3610"
"J2728","J3679"
"J2728","J3702"
"J2728","J3714"
"J2728","J3715"
"J2728","J3716"
"J2728","J3718"
"J2728","J3749"
"J2728","J3753"
"J2728","J3759"
"J2728","J3845"
"J2728","J3884"
"J2728","J3899"
"J2728","J3987"
"J2728","J4001"
"J2728","J4044"
"J2728","J4046"
"J2728","J4109"
"J2728","J4112"
"J2728","J4126"
"J2728","J4151"
"J2728","J4161"
"J2728","J4162"
"J2728","J4189"
"J2728","J42"
"J2728","J4214"
"J2728","J4304"
"J2728","J4315"
"J2728","J4345"
"J2728","J4514"
"J2728","J4521"
"J2728","J4552"
"J2728","J4569"
"J2728","J4601"
"J2728","J4651"
"J2728","J4654"
"J2728","J4715"
"J2728","J4728"
"J2728","J4731"
"J2728","J4747"
"J2728","J4782"
"J2728","J4840"
"J2728","J4954"
"J2728","J4961"
"J2728","J4962"
"J2728","J4967"
"J2728","J4968"
"J2728","J4986"
"J2728","J4998"
"J2728","J5006"
"J2728","J5012"
"J2728","J5017"
"J2728","J5021"
"J2728","J5043"
"J2728","J505"
"J2728","J5053"
"J2728","J5074"
"J2728","J5089"
"J2728","J5095"
"J2728","J5121"
"J2728","J5146"
"J2728","J5215"
"J2728","J5222"
"J2728","J5255"
"J2728","J5269"
"J2728","J5271"
"J2728","J5309"
"J2728","J5316"
"J2728","J5379"
"J2728","J5428"
"J2728","J5456"
"J2728","J5475"
"J2728","J5476"
"J2728","J5477"
"J2728","J5489"
"J2728","J5503"
"J2728","J5519"
"J2728","J5559"
"J2728","J5566"
"J2728","J5568"
"J2728","J5582"
"J2728","J5583"
"J2728","J5595"
"J2728","J56"
"J2728","J5607"
"J2728","J5618"
"J2728","J5645"
"J2728","J5657A"
"J2728","J5658"
"J2728","J595"
"J2728","J5999"
"J2728","J6000"
"J2728","J6014"
"J2728","J6017"
"J2728","J6023"
"J2728","J6024"
"J2728","J6027"
"J2728","J640"
"J2728","J664"
"J2728","J910"
"J2728","J971"
"J2728","J990"
"J2801","J2941"
"J2801","J295"
"J2801","J2969"
"J2801","J3096"
"J2801","J3305"
"J2801","J3369"
"J2801","J3383"
"J2801","J3492"
"J2801","J3508"
"J2801","J3549"
"J2801","J3610"
"J2801","J3679"
"J2801","J3702"
"J2801","J3714"
"J2801","J3715"
"J2801","J3716"
"J2801","J3718"
"J2801","J3749"
"J2801","J3753"
"J2801","J3759"
"J2801","J3845"
"J2801","J3884"
"J2801","J3899"
"J2801","J3987"
"J2801","J4001"
"J2801","J4044"
"J2801","J4046"
"J2801","J4109"
"J2801","J4112"
"J2801","J4126"
"J2801","J4151"
"J2801","J4161"
"J2801","J4162"
"J2801","J4189"
"J2801","J42"
"J2801","J4214"
"J2801","J4304"
"J2801","J4315"
"J2801","J4345"
"J2801","J4514"
"J2801","J4521"
"J2801","J4552"
"J2801","J4569"
"J2801","J4601"
"J2801","J4651"
"J2801","J4654"
"J2801","J4715"
"J2801","J4728"
"J2801","J4731"
"J2801","J4747"
"J2801","J4782"
"J2801","J4840"
"J2801","J4954"
"J2801","J4961"
"J2801","J4962"
"J2801","J4967"
"J2801","J4968"
"J2801","J4986"
"J2801","J4998"
"J2801","J5006"
"J2801","J5012"
"J2801","J5017"
"J2801","J5021"
"J2801","J5043"
"J2801","J505"
"J2801","J5053"
"J2801","J5074"
"J2801","J5089"
"J2801","J5095"
"J2801","J5121"
"J2801","J5146"
"J2801","J5215"
"J2801","J5222"
"J2801","J5255"
"J2801","J5269"
"J2801","J5271"
"J2801","J5309"
"J2801","J5316"
"J2801","J5379"
"J2801","J5428"
"J2801","J5456"
"J2801","J5475"
"J2801","J5476"
"J2801","J5477"
"J2801","J5489"
"J2801","J5503"
"J2801","J5519"
"J2801","J5559"
"J2801","J5566"
"J2801","J5568"
"J2801","J5582"
"J2801","J5583"
"J2801","J5595"
"J2801","J56"
"J2801","J5607"
"J2801","J5618"
"J2801","J5645"
"J2801","J5657A"
"J2801","J5658"
"J2801","J595"
"J2801","J5999"
"J2801","J6000"
"J2801","J6014"
"J2801","J6017"
"J2801","J6023"
"J2801","J6024"
"J2801","J6027"
"J2801","J640"
"J2801","J664"
"J2801","J910"
"J2801","J971"
"J2801","J990"
"J2941","J295"
"J2941","J2969"
"J2941","J3096"
"J2941","J3305"
"J2941","J3369"
"J2941","J3383"
"J2941","J3492"
"J2941","J3508"
"J2941","J3549"
"J2941","J3610"
"J2941","J3679"
"J2941","J3702"
"J2941","J3714"
"J2941","J3715"
"J2941","J3716"
"J2941","J3718"
"J2941","J3749"
"J2941","J3753"
"J2941","J3759"
"J2941","J3845"
"J2941","J3884"
"J2941","J3899"
"J2941","J3987"
"J2941","J4001"
"J2941","J4044"
"J2941","J4046"
"J2941","J4109"
"J2941","J4112"
"J2941","J4126"
"J2941","J4151"
"J2941","J4161"
"J2941","J4162"
"J2941","J4189"
"J2941","J42"
"J2941","J4214"
"J2941","J4304"
"J2941","J4315"
"J2941","J4345"
"J2941","J4514"
"J2941","J4521"
"J2941","J4552"
"J2941","J4569"
"J2941","J4601"
"J2941","J4651"
"J2941","J4654"
"J2941","J4715"
"J2941","J4728"
"J2941","J4731"
"J2941","J4747"
"J2941","J4782"
"J2941","J4840"
"J2941","J4954"
"J2941","J4961"
"J2941","J4962"
"J2941","J4967"
"J2941","J4968"
"J2941","J4986"
"J2941","J4998"
"J2941","J5006"
"J2941","J5012"
"J2941","J5017"
"J2941","J5021"
"J2941","J5043"
"J2941","J505"
"J2941","J5053"
"J2941","J5074"
"J2941","J5089"
"J2941","J5095"
"J2941","J5121"
"J2941","J5146"
"J2941","J5215"
"J2941","J5222"
"J2941","J5255"
"J2941","J5269"
"J2941","J5271"
"J2941","J5309"
"J2941","J5316"
"J2941","J5379"
"J2941","J5428"
"J2941","J5456"
"J2941","J5475"
"J2941","J5476"
"J2941","J5477"
"J2941","J5489"
"J2941","J5503"
"J2941","J5519"
"J2941","J5559"
"J2941","J5566"
"J2941","J5568"
"J2941","J5582"
"J2941","J5583"
"J2941","J5595"
"J2941","J56"
"J2941","J5607"
"J2941","J5618"
"J2941","J5645"
"J2941","J5657A"
"J2941","J5658"
"J2941","J595"
"J2941","J5999"
"J2941","J6000"
"J2941","J6014"
"J2941","J6017"
"J2941","J6023"
"J2941","J6024"
"J2941","J6027"
"J2941","J640"
"J2941","J664"
"J2941","J910"
"J2941","J971"
"J2941","J990"
"J295","J2969"
"J295","J3096"
"J295","J3305"
"J295","J3369"
"J295","J3383"
"J295","J3492"
"J295","J3508"
"J295","J3549"
"J295","J3610"
"J295","J3679"
"J295","J3702"
"J295","J3714"
"J295","J3715"
"J295","J3716"
"J295","J3718"
"J295","J3749"
"J295","J3753"
"J295","J3759"
"J295","J3845"
"J295","J3884"
"J295","J3899"
"J295","J3987"
"J295","J4001"
"J295","J4044"
"J295","J4046"
"J295","J4109"
"J295","J4112"
"J295","J4126"
"J295","J4151"
"J295","J4161"
"J295","J4162"
"J295","J4189"
"J295","J42"
"J295","J4214"
"J295","J4304"
"J295","J4315"
"J295","J4345"
"J295","J4514"
"J295","J4521"
"J295","J4552"
"J295","J4569"
"J295","J4601"
"J295","J4651"
"J295","J4654"
"J295","J4715"
"J295","J4728"
"J295","J4731"
"J295","J4747"
"J295","J4782"
"J295","J4840"
"J295","J4954"
"J295","J4961"
"J295","J4962"
"J295","J4967"
"J295","J4968"
"J295","J4986"
"J295","J4998"
"J295","J5006"
"J295","J5012"
"J295","J5017"
"J295","J5021"
"J295","J5043"
"J295","J505"
"J295","J5053"
"J295","J5074"
"J295","J5089"
"J295","J5095"
"J295","J5121"
"J295","J5146"
"J295","J5215"
"J295","J5222"
"J295","J5255"
"J295","J5269"
"J295","J5271"
"J295","J5309"
"J295","J5316"
"J295","J5379"
"J295","J5428"
"J295","J5456"
"J295","J5475"
"J295","J5476"
"J295","J5477"
"J295","J5489"
"J295","J5503"
"J295","J5519"
"J295","J5559"
"J295","J5566"
"J295","J5568"
"J295","J5582"
"J295","J5583"
"J295","J5595"
"J295","J56"
"J295","J5607"
"J295","J5618"
"J295","J5645"
"J295","J5657A"
"J295","J5658"
"J295","J595"
"J295","J5999"
"J295","J6000"
"J295","J6014"
"J295","J6017"
"J295","J6023"
"J295","J6024"
"J295","J6027"
"J295","J640"
"J295","J664"
"J295","J910"
"J295","J971"
"J295","J990"
"J2969","J3096"
"J2969","J3305"
"J2969","J3369"
"J2969","J3383"
"J2969","J3492"
"J2969","J3508"
"J2969","J3549"
"J2969","J3610"
"J2969","J3679"
"J2969","J3702"
"J2969","J3714"
"J2969","J3715"
"J2969","J3716"
"J2969","J3718"
"J2969","J3749"
"J2969","J3753"
"J2969","J3759"
"J2969","J3845"
"J2969","J3884"
"J2969","J3899"
"J2969","J3987"
"J2969","J4001"
"J2969","J4044"
"J2969","J4046"
"J2969","J4109"
"J2969","J4112"
"J2969","J4126"
"J2969","J4151"
"J2969","J4161"
"J2969","J4162"
"J2969","J4189"
"J2969","J42"
"J2969","J4214"
"J2969","J4304"
"J2969","J4315"
"J2969","J4345"
"J2969","J4514"
"J2969","J4521"
"J2969","J4552"
"J2969","J4569"
"J2969","J4601"
"J2969","J4651"
"J2969","J4654"
"J2969","J4715"
"J2969","J4728"
"J2969","J4731"
"J2969","J4747"
"J2969","J4782"
"J2969","J4840"
"J2969","J4954"
"J2969","J4961"
"J2969","J4962"
"J2969","J4967"
"J2969","J4968"
"J2969","J4986"
"J2969","J4998"
"J2969","J5006"
"J2969","J5012"
"J2969","J5017"
"J2969","J5021"
"J2969","J5043"
"J2969","J505"
"J2969","J5053"
"J2969","J5074"
"J2969","J5089"
"J2969","J5095"
"J2969","J5121"
"J2969","J5146"
"J2969","J5215"
"J2969","J5222"
"J2969","J5255"
"J2969","J5269"
"J2969","J5271"
"J2969","J5309"
"J2969","J5316"
"J2969","J5379"
"J2969","J5428"
"J2969","J5456"
"J2969","J5475"
"J2969","J5476"
"J2969","J5477"
"J2969","J5489"
"J2969","J5503"
"J2969","J5519"
"J2969","J5559"
"J2969","J5566"
"J2969","J5568"
"J2969","J5582"
"J2969","J5583"
"J2969","J5595"
"J2969","J56"
"J2969","J5607"
"J2969","J5618"
"J2969","J5645"
"J2969","J5657A"
"J2969","J5658"
"J2969","J595"
"J2969","J5999"
"J2969","J6000"
"J2969","J6014"
"J2969","J6017"
"J2969","J6023"
"J2969","J6024"
"J2969","J6027"
"J2969","J640"
"J2969","J664"
"J2969","J910"
"J2969","J971"
"J2969","J990"
"J3096","J3305"
"J3096","J3369"
"J3096","J3383"
"J3096","J3492"
"J3096","J3508"
"J3096","J3549"
"J3096","J3610"
"J3096","J3679"
"J3096","J3702"
"J3096","J3714"
"J3096","J3715"
"J3096","J3716"
"J3096","J3718"
"J3096","J3749"
"J3096","J3753"
"J3096","J3759"
"J3096","J3845"
"J3096","J3884"
"J3096","J3899"
"J3096","J3987"
"J3096","J4001"
"J3096","J4044"
"J3096","J4046"
"J3096","J4109"
"J3096","J4112"
"J3096","J4126"
"J3096","J4151"
"J3096","J4161"
"J3096","J4162"
"J3096","J4189"
"J3096","J42"
"J3096","J4214"
"J3096","J4304"
"J3096","J4315"
"J3096","J4345"
"J3096","J4514"
"J3096","J4521"
"J3096","J4552"
"J3096","J4569"
"J3096","J4601"
"J3096","J4651"
"J3096","J4654"
"J3096","J4715"
"J3096","J4728"
"J3096","J4731"
"J3096","J4747"
"J3096","J4782"
"J3096","J4840"
"J3096","J4954"
"J3096","J4961"
"J3096","J4962"
"J3096","J4967"
"J3096","J4968"
"J3096","J4986"
"J3096","J4998"
"J3096","J5006"
"J3096","J5012"
"J3096","J5017"
"J3096","J5021"
"J3096","J5043"
"J3096","J505"
"J3096","J5053"
"J3096","J5074"
"J3096","J5089"
"J3096","J5095"
"J3096","J5121"
"J3096","J5146"
"J3096","J5215"
"J3096","J5222"
"J3096","J5255"
"J3096","J5269"
"J3096","J5271"
"J3096","J5309"
"J3096","J5316"
"J3096","J5379"
"J3096","J5428"
"J3096","J5456"
"J3096","J5475"
"J3096","J5476"
"J3096","J5477"
"J3096","J5489"
"J3096","J5503"
"J3096","J5519"
"J3096","J5559"
"J3096","J5566"
"J3096","J5568"
"J3096","J5582"
"J3096","J5583"
"J3096","J5595"
"J3096","J56"
"J3096","J5607"
"J3096","J5618"
"J3096","J5645"
"J3096","J5657A"
"J3096","J5658"
"J3096","J595"
"J3096","J5999"
"J3096","J6000"
"J3096","J6014"
"J3096","J6017"
"J3096","J6023"
"J3096","J6024"
"J3096","J6027"
"J3096","J640"
"J3096","J664"
"J3096","J910"
"J3096","J971"
"J3096","J990"
"J3305","J3369"
"J3305","J3383"
"J3305","J3492"
"J3305","J3508"
"J3305","J3549"
"J3305","J3610"
"J3305","J3679"
"J3305","J3702"
"J3305","J3714"
"J3305","J3715"
"J3305","J3716"
"J3305","J3718"
"J3305","J3749"
"J3305","J3753"
"J3305","J3759"
"J3305","J3845"
"J3305","J3884"
"J3305","J3899"
"J3305","J3987"
"J3305","J4001"
"J3305","J4044"
"J3305","J4046"
"J3305","J4109"
"J3305","J4112"
"J3305","J4126"
"J3305","J4151"
"J3305","J4161"
"J3305","J4162"
"J3305","J4189"
"J3305","J42"
"J3305","J4214"
"J3305","J4304"
"J3305","J4315"
"J3305","J4345"
"J3305","J4514"
"J3305","J4521"
"J3305","J4552"
"J3305","J4569"
"J3305","J4601"
"J3305","J4651"
"J3305","J4654"
"J3305","J4715"
"J3305","J4728"
"J3305","J4731"
"J3305","J4747"
"J3305","J4782"
"J3305","J4840"
"J3305","J4954"
"J3305","J4961"
"J3305","J4962"
"J3305","J4967"
"J3305","J4968"
"J3305","J4986"
"J3305","J4998"
"J3305","J5006"
"J3305","J5012"
"J3305","J5017"
"J3305","J5021"
"J3305","J5043"
"J3305","J505"
"J3305","J5053"
"J3305","J5074"
"J3305","J5089"
"J3305","J5095"
"J3305","J5121"
"J3305","J5146"
"J3305","J5215"
"J3305","J5222"
"J3305","J5255"
"J3305","J5269"
"J3305","J5271"
"J3305","J5309"
"J3305","J5316"
"J3305","J5379"
"J3305","J5428"
"J3305","J5456"
"J3305","J5475"
"J3305","J5476"
"J3305","J5477"
"J3305","J5489"
"J3305","J5503"
"J3305","J5519"
"J3305","J5559"
"J3305","J5566"
"J3305","J5568"
"J3305","J5582"
"J3305","J5583"
"J3305","J5595"
"J3305","J56"
"J3305","J5607"
"J3305","J5618"
"J3305","J5645"
"J3305","J5657A"
"J3305","J5658"
"J3305","J595"
"J3305","J5999"
"J3305","J6000"
"J3305","J6014"
"J3305","J6017"
"J3305","J6023"
"J3305","J6024"
"J3305","J6027"
"J3305","J640"
"J3305","J664"
"J3305","J910"
"J3305","J971"
"J3305","J990"
"J3369","J3383"
"J3369","J3492"
"J3369","J3508"
"J3369","J3549"
"J3369","J3610"
"J3369","J3679"
"J3369","J3702"
"J3369","J3714"
"J3369","J3715"
"J3369","J3716"
"J3369","J3718"
"J3369","J3749"
"J3369","J3753"
"J3369","J3759"
"J3369","J3845"
"J3369","J3884"
"J3369","J3899"
"J3369","J3987"
"J3369","J4001"
"J3369","J4044"
"J3369","J4046"
"J3369","J4109"
"J3369","J4112"
"J3369","J4126"
"J3369","J4151"
"J3369","J4161"
"J3369","J4162"
"J3369","J4189"
"J3369","J42"
"J3369","J4214"
"J3369","J4304"
"J3369","J4315"
"J3369","J4345"
"J3369","J4514"
"J3369","J4521"
"J3369","J4552"
"J3369","J4569"
"J3369","J4601"
"J3369","J4651"
"J3369","J4654"
"J3369","J4715"
"J3369","J4728"
"J3369","J4731"
"J3369","J4747"
"J3369","J4782"
"J3369","J4840"
"J3369","J4954"
"J3369","J4961"
"J3369","J4962"
"J3369","J4967"
"J3369","J4968"
"J3369","J4986"
"J3369","J4998"
"J3369","J5006"
"J3369","J5012"
"J3369","J5017"
"J3369","J5021"
"J3369","J5043"
"J3369","J505"
"J3369","J5053"
"J3369","J5074"
"J3369","J5089"
"J3369","J5095"
"J3369","J5121"
"J3369","J5146"
"J3369","J5215"
"J3369","J5222"
"J3369","J5255"
"J3369","J5269"
"J3369","J5271"
"J3369","J5309"
"J3369","J5316"
"J3369","J5379"
"J3369","J5428"
"J3369","J5456"
"J3369","J5475"
"J3369","J5476"
"J3369","J5477"
"J3369","J5489"
"J3369","J5503"
"J3369","J5519"
"J3369","J5559"
"J3369","J5566"
"J3369","J5568"
"J3369","J5582"
"J3369","J5583"
"J3369","J5595"
"J3369","J56"
"J3369","J5607"
"J3369","J5618"
"J3369","J5645"
"J3369","J5657A"
"J3369","J5658"
"J3369","J595"
"J3369","J5999"
"J3369","J6000"
"J3369","J6014"
"J3369","J6017"
"J3369","J6023"
"J3369","J6024"
"J3369","J6027"
"J3369","J640"
"J3369","J664"
"J3369","J910"
"J3369","J971"
"J3369","J990"
"J3383","J3492"
"J3383","J3508"
"J3383","J3549"
"J3383","J3610"
"J3383","J3679"
"J3383","J3702"
"J3383","J3714"
"J3383","J3715"
"J3383","J3716"
"J3383","J3718"
"J3383","J3749"
"J3383","J3753"
"J3383","J3759"
"J3383","J3845"
"J3383","J3884"
"J3383","J3899"
"J3383","J3987"
"J3383","J4001"
"J3383","J4044"
"J3383","J4046"
"J3383","J4109"
"J3383","J4112"
"J3383","J4126"
"J3383","J4151"
"J3383","J4161"
"J3383","J4162"
"J3383","J4189"
"J3383","J42"
"J3383","J4214"
"J3383","J4304"
"J3383","J4315"
"J3383","J4345"
"J3383","J4514"
"J3383","J4521"
"J3383","J4552"
"J3383","J4569"
"J3383","J4601"
"J3383","J4651"
"J3383","J4654"
"J3383","J4715"
"J3383","J4728"
"J3383","J4731"
"J3383","J4747"
"J3383","J4782"
"J3383","J4840"
"J3383","J4954"
"J3383","J4961"
"J3383","J4962"
"J3383","J4967"
"J3383","J4968"
"J3383","J4986"
"J3383","J4998"
"J3383","J5006"
"J3383","J5012"
"J3383","J5017"
"J3383","J5021"
"J3383","J5043"
"J3383","J505"
"J3383","J5053"
"J3383","J5074"
"J3383","J5089"
"J3383","J5095"
"J3383","J5121"
"J3383","J5146"
"J3383","J5215"
"J3383","J5222"
"J3383","J5255"
"J3383","J5269"
"J3383","J5271"
"J3383","J5309"
"J3383","J5316"
"J3383","J5379"
"J3383","J5428"
"J3383","J5456"
"J3383","J5475"
"J3383","J5476"
"J3383","J5477"
"J3383","J5489"
"J3383","J5503"
"J3383","J5519"
"J3383","J5559"
"J3383","J5566"
"J3383","J5568"
"J3383","J5582"
"J3383","J5583"
"J3383","J5595"
"J3383","J56"
"J3383","J5607"
"J3383","J5618"
"J3383","J5645"
"J3383","J5657A"
"J3383","J5658"
"J3383","J595"
"J3383","J5999"
"J3383","J6000"
"J3383","J6014"
"J3383","J6017"
"J3383","J6023"
"J3383","J6024"
"J3383","J6027"
"J3383","J640"
"J3383","J664"
"J3383","J910"
"J3383","J971"
"J3383","J990"
"J3492","J3508"
"J3492","J3549"
"J3492","J3610"
"J3492","J3679"
"J3492","J3702"
"J3492","J3714"
"J3492","J3715"
"J3492","J3716"
"J3492","J3718"
"J3492","J3749"
"J3492","J3753"
"J3492","J3759"
"J3492","J3845"
"J3492","J3884"
"J3492","J3899"
"J3492","J3987"
"J3492","J4001"
"J3492","J4044"
"J3492","J4046"
"J3492","J4109"
"J3492","J4112"
"J3492","J4126"
"J3492","J4151"
"J3492","J4161"
"J3492","J4162"
"J3492","J4189"
"J3492","J42"
"J3492","J4214"
"J3492","J4304"
"J3492","J4315"
"J3492","J4345"
"J3492","J4514"
"J3492","J4521"
"J3492","J4552"
"J3492","J4569"
"J3492","J4601"
"J3492","J4651"
"J3492","J4654"
"J3492","J4715"
"J3492","J4728"
"J3492","J4731"
"J3492","J4747"
"J3492","J4782"
"J3492","J4840"
"J3492","J4954"
"J3492","J4961"
"J3492","J4962"
"J3492","J4967"
"J3492","J4968"
"J3492","J4986"
"J3492","J4998"
"J3492","J5006"
"J3492","J5012"
"J3492","J5017"
"J3492","J5021"
"J3492","J5043"
"J3492","J505"
"J3492","J5053"
"J3492","J5074"
"J3492","J5089"
"J3492","J5095"
"J3492","J5121"
"J3492","J5146"
"J3492","J5215"
"J3492","J5222"
"J3492","J5255"
"J3492","J5269"
"J3492","J5271"
"J3492","J5309"
"J3492","J5316"
"J3492","J5379"
"J3492","J5428"
"J3492","J5456"
"J3492","J5475"
"J3492","J5476"
"J3492","J5477"
"J3492","J5489"
"J3492","J5503"
"J3492","J5519"
"J3492","J5559"
"J3492","J5566"
"J3492","J5568"
"J3492","J5582"
"J3492","J5583"
"J3492","J5595"
"J3492","J56"
"J3492","J5607"
"J3492","J5618"
"J3492","J5645"
"J3492","J5657A"
"J3492","J5658"
"J3492","J595"
"J3492","J5999"
"J3492","J6000"
"J3492","J6014"
"J3492","J6017"
"J3492","J6023"
"J3492","J6024"
"J3492","J6027"
"J3492","J640"
"J3492","J664"
"J3492","J910"
"J3492","J971"
"J3492","J990"
"J3508","J3549"
"J3508","J3610"
"J3508","J3679"
"J3508","J3702"
"J3508","J3714"
"J3508","J3715"
"J3508","J3716"
"J3508","J3718"
"J3508","J3749"
"J3508","J3753"
"J3508","J3759"
"J3508","J3845"
"J3508","J3884"
"J3508","J3899"
"J3508","J3987"
"J3508","J4001"
"J3508","J4044"
"J3508","J4046"
"J3508","J4109"
"J3508","J4112"
"J3508","J4126"
"J3508","J4151"
"J3508","J4161"
"J3508","J4162"
"J3508","J4189"
"J3508","J42"
"J3508","J4214"
"J3508","J4304"
"J3508","J4315"
"J3508","J4345"
"J3508","J4514"
"J3508","J4521"
"J3508","J4552"
"J3508","J4569"
"J3508","J4601"
"J3508","J4651"
"J3508","J4654"
"J3508","J4715"
"J3508","J4728"
"J3508","J4731"
"J3508","J4747"
"J3508","J4782"
"J3508","J4840"
"J3508","J4954"
"J3508","J4961"
"J3508","J4962"
"J3508","J4967"
"J3508","J4968"
"J3508","J4986"
"J3508","J4998"
"J3508","J5006"
"J3508","J5012"
"J3508","J5017"
"J3508","J5021"
"J3508","J5043"
"J3508","J505"
"J3508","J5053"
"J3508","J5074"
"J3508","J5089"
"J3508","J5095"
"J3508","J5121"
"J3508","J5146"
"J3508","J5215"
"J3508","J5222"
"J3508","J5255"
"J3508","J5269"
"J3508","J5271"
"J3508","J5309"
"J3508","J5316"
"J3508","J5379"
"J3508","J5428"
"J3508","J5456"
"J3508","J5475"
"J3508","J5476"
"J3508","J5477"
"J3508","J5489"
"J3508","J5503"
"J3508","J5519"
"J3508","J5559"
"J3508","J5566"
"J3508","J5568"
"J3508","J5582"
"J3508","J5583"
"J3508","J5595"
"J3508","J56"
"J3508","J5607"
"J3508","J5618"
"J3508","J5645"
"J3508","J5657A"
"J3508","J5658"
"J3508","J595"
"J3508","J5999"
"J3508","J6000"
"J3508","J6014"
"J3508","J6017"
"J3508","J6023"
"J3508","J6024"
"J3508","J6027"
"J3508","J640"
"J3508","J664"
"J3508","J910"
"J3508","J971"
"J3508","J990"
"J3549","J3610"
"J3549","J3679"
"J3549","J3702"
"J3549","J3714"
"J3549","J3715"
"J3549","J3716"
"J3549","J3718"
"J3549","J3749"
"J3549","J3753"
"J3549","J3759"
"J3549","J3845"
"J3549","J3884"
"J3549","J3899"
"J3549","J3987"
"J3549","J4001"
"J3549","J4044"
"J3549","J4046"
"J3549","J4109"
"J3549","J4112"
"J3549","J4126"
"J3549","J4151"
"J3549","J4161"
"J3549","J4162"
"J3549","J4189"
"J3549","J42"
"J3549","J4214"
"J3549","J4304"
"J3549","J4315"
"J3549","J4345"
"J3549","J4514"
"J3549","J4521"
"J3549","J4552"
"J3549","J4569"
"J3549","J4601"
"J3549","J4651"
"J3549","J4654"
"J3549","J4715"
"J3549","J4728"
"J3549","J4731"
"J3549","J4747"
"J3549","J4782"
"J3549","J4840"
"J3549","J4954"
"J3549","J4961"
"J3549","J4962"
"J3549","J4967"
"J3549","J4968"
"J3549","J4986"
"J3549","J4998"
"J3549","J5006"
"J3549","J5012"
"J3549","J5017"
"J3549","J5021"
"J3549","J5043"
"J3549","J505"
"J3549","J5053"
"J3549","J5074"
"J3549","J5089"
"J3549","J5095"
"J3549","J5121"
"J3549","J5146"
"J3549","J5215"
"J3549","J5222"
"J3549","J5255"
"J3549","J5269"
"J3549","J5271"
"J3549","J5309"
"J3549","J5316"
"J3549","J5379"
"J3549","J5428"
"J3549","J5456"
"J3549","J5475"
"J3549","J5476"
"J3549","J5477"
"J3549","J5489"
"J3549","J5503"
"J3549","J5519"
"J3549","J5559"
"J3549","J5566"
"J3549","J5568"
"J3549","J5582"
"J3549","J5583"
"J3549","J5595"
"J3549","J56"
"J3549","J5607"
"J3549","J5618"
"J3549","J5645"
"J3549","J5657A"
"J3549","J5658"
"J3549","J595"
"J3549","J5999"
"J3549","J6000"
"J3549","J6014"
"J3549","J6017"
"J3549","J6023"
"J3549","J6024"
"J3549","J6027"
"J3549","J640"
"J3549","J664"
"J3549","J910"
"J3549","J971"
"J3549","J990"
"J3610","J3679"
"J3610","J3702"
"J3610","J3714"
"J3610","J3715"
"J3610","J3716"
"J3610","J3718"
"J3610","J3749"
"J3610","J3753"
"J3610","J3759"
"J3610","J3845"
"J3610","J3884"
"J3610","J3899"
"J3610","J3987"
"J3610","J4001"
"J3610","J4044"
"J3610","J4046"
"J3610","J4109"
"J3610","J4112"
"J3610","J4126"
"J3610","J4151"
"J3610","J4161"
"J3610","J4162"
"J3610","J4189"
"J3610","J42"
"J3610","J4214"
"J3610","J4304"
"J3610","J4315"
"J3610","J4345"
"J3610","J4514"
"J3610","J4521"
"J3610","J4552"
"J3610","J4569"
"J3610","J4601"
"J3610","J4651"
"J3610","J4654"
"J3610","J4715"
"J3610","J4728"
"J3610","J4731"
"J3610","J4747"
"J3610","J4782"
"J3610","J4840"
"J3610","J4954"
"J3610","J4961"
"J3610","J4962"
"J3610","J4967"
"J3610","J4968"
"J3610","J4986"
"J3610","J4998"
"J3610","J5006"
"J3610","J5012"
"J3610","J5017"
"J3610","J5021"
"J3610","J5043"
"J3610","J505"
"J3610","J5053"
"J3610","J5074"
"J3610","J5089"
"J3610","J5095"
"J3610","J5121"
"J3610","J5146"
"J3610","J5215"
"J3610","J5222"
"J3610","J5255"
"J3610","J5269"
"J3610","J5271"
"J3610","J5309"
"J3610","J5316"
"J3610","J5379"
"J3610","J5428"
"J3610","J5456"
"J3610","J5475"
"J3610","J5476"
"J3610","J5477"
"J3610","J5489"
"J3610","J5503"
"J3610","J5519"
"J3610","J5559"
"J3610","J5566"
"J3610","J5568"
"J3610","J5582"
"J3610","J5583"
"J3610","J5595"
"J3610","J56"
"J3610","J5607"
"J3610","J5618"
"J3610","J5645"
"J3610","J5657A"
"J3610","J5658"
"J3610","J595"
"J3610","J5999"
"J3610","J6000"
"J3610","J6014"
"J3610","J6017"
"J3610","J6023"
"J3610","J6024"
"J3610","J6027"
"J3610","J640"
"J3610","J664"
"J3610","J910"
"J3610","J971"
"J3610","J990"
"J3679","J3702"
"J3679","J3714"
"J3679","J3715"
"J3679","J3716"
"J3679","J3718"
"J3679","J3749"
"J3679","J3753"
"J3679","J3759"
"J3679","J3845"
"J3679","J3884"
"J3679","J3899"
"J3679","J3987"
"J3679","J4001"
"J3679","J4044"
"J3679","J4046"
"J3679","J4109"
"J3679","J4112"
"J3679","J4126"
"J3679","J4151"
"J3679","J4161"
"J3679","J4162"
"J3679","J4189"
"J3679","J42"
"J3679","J4214"
"J3679","J4304"
"J3679","J4315"
"J3679","J4345"
"J3679","J4514"
"J3679","J4521"
"J3679","J4552"
"J3679","J4569"
"J3679","J4601"
"J3679","J4651"
"J3679","J4654"
"J3679","J4715"
"J3679","J4728"
"J3679","J4731"
"J3679","J4747"
"J3679","J4782"
"J3679","J4840"
"J3679","J4954"
"J3679","J4961"
"J3679","J4962"
"J3679","J4967"
"J3679","J4968"
"J3679","J4986"
"J3679","J4998"
"J3679","J5006"
"J3679","J5012"
"J3679","J5017"
"J3679","J5021"
"J3679","J5043"
"J3679","J505"
"J3679","J5053"
"J3679","J5074"
"J3679","J5089"
"J3679","J5095"
"J3679","J5121"
"J3679","J5146"
"J3679","J5215"
"J3679","J5222"
"J3679","J5255"
"J3679","J5269"
"J3679","J5271"
"J3679","J5309"
"J3679","J5316"
"J3679","J5379"
"J3679","J5428"
"J3679","J5456"
"J3679","J5475"
"J3679","J5476"
"J3679","J5477"
"J3679","J5489"
"J3679","J5503"
"J3679","J5519"
"J3679","J5559"
"J3679","J5566"
"J3679","J5568"
"J3679","J5582"
"J3679","J5583"
"J3679","J5595"
"J3679","J56"
"J3679","J5607"
"J3679","J5618"
"J3679","J5645"
"J3679","J5657A"
"J3679","J5658"
"J3679","J595"
"J3679","J5999"
"J3679","J6000"
"J3679","J6014"
"J3679","J6017"
"J3679","J6023"
"J3679","J6024"
"J3679","J6027"
"J3679","J640"
"J3679","J664"
"J3679","J910"
"J3679","J971"
"J3679","J990"
"J3702","J3714"
"J3702","J3715"
"J3702","J3716"
"J3702","J3718"
"J3702","J3749"
"J3702","J3753"
"J3702","J3759"
"J3702","J3845"
"J3702","J3884"
"J3702","J3899"
"J3702","J3987"
"J3702","J4001"
"J3702","J4044"
"J3702","J4046"
"J3702","J4109"
"J3702","J4112"
"J3702","J4126"
"J3702","J4151"
"J3702","J4161"
"J3702","J4162"
"J3702","J4189"
"J3702","J42"
"J3702","J4214"
"J3702","J4304"
"J3702","J4315"
"J3702","J4345"
"J3702","J4514"
"J3702","J4521"
"J3702","J4552"
"J3702","J4569"
"J3702","J4601"
"J3702","J4651"
"J3702","J4654"
"J3702","J4715"
"J3702","J4728"
"J3702","J4731"
"J3702","J4747"
"J3702","J4782"
"J3702","J4840"
"J3702","J4954"
"J3702","J4961"
"J3702","J4962"
"J3702","J4967"
"J3702","J4968"
"J3702","J4986"
"J3702","J4998"
"J3702","J5006"
"J3702","J5012"
"J3702","J5017"
"J3702","J5021"
"J3702","J5043"
"J3702","J505"
"J3702","J5053"
"J3702","J5074"
"J3702","J5089"
"J3702","J5095"
"J3702","J5121"
"J3702","J5146"
"J3702","J5215"
"J3702","J5222"
"J3702","J5255"
"J3702","J5269"
"J3702","J5271"
"J3702","J5309"
"J3702","J5316"
"J3702","J5379"
"J3702","J5428"
"J3702","J5456"
"J3702","J5475"
"J3702","J5476"
"J3702","J5477"
"J3702","J5489"
"J3702","J5503"
"J3702","J5519"
"J3702","J5559"
"J3702","J5566"
"J3702","J5568"
"J3702","J5582"
"J3702","J5583"
"J3702","J5595"
"J3702","J56"
"J3702","J5607"
"J3702","J5618"
"J3702","J5645"
"J3702","J5657A"
"J3702","J5658"
"J3702","J595"
"J3702","J5999"
"J3702","J6000"
"J3702","J6014"
"J3702","J6017"
"J3702","J6023"
"J3702","J6024"
"J3702","J6027"
"J3702","J640"
"J3702","J664"
"J3702","J910"
"J3702","J971"
"J3702","J990"
"J3714","J3715"
"J3714","J3716"
"J3714","J3718"
"J3714","J3749"
"J3714","J3753"
"J3714","J3759"
"J3714","J3845"
"J3714","J3884"
"J3714","J3899"
"J3714","J3987"
"J3714","J4001"
"J3714","J4044"
"J3714","J4046"
"J3714","J4109"
"J3714","J4112"
"J3714","J4126"
"J3714","J4151"
"J3714","J4161"
"J3714","J4162"
"J3714","J4189"
"J3714","J42"
"J3714","J4214"
"J3714","J4304"
"J3714","J4315"
"J3714","J4345"
"J3714","J4514"
"J3714","J4521"
"J3714","J4552"
"J3714","J4569"
"J3714","J4601"
"J3714","J4651"
"J3714","J4654"
"J3714","J4715"
"J3714","J4728"
"J3714","J4731"
"J3714","J4747"
"J3714","J4782"
"J3714","J4840"
"J3714","J4954"
"J3714","J4961"
"J3714","J4962"
"J3714","J4967"
"J3714","J4968"
"J3714","J4986"
"J3714","J4998"
"J3714","J5006"
"J3714","J5012"
"J3714","J5017"
"J3714","J5021"
"J3714","J5043"
"J3714","J505"
"J3714","J5053"
"J3714","J5074"
"J3714","J5089"
"J3714","J5095"
"J3714","J5121"
"J3714","J5146"
"J3714","J5215"
"J3714","J5222"
"J3714","J5255"
"J3714","J5269"
"J3714","J5271"
"J3714","J5309"
"J3714","J5316"
"J3714","J5379"
"J3714","J5428"
"J3714","J5456"
"J3714","J5475"
"J3714","J5476"
"J3714","J5477"
"J3714","J5489"
"J3714","J5503"
"J3714","J5519"
"J3714","J5559"
"J3714","J5566"
"J3714","J5568"
"J3714","J5582"
"J3714","J5583"
"J3714","J5595"
"J3714","J56"
"J3714","J5607"
"J3714","J5618"
"J3714","J5645"
"J3714","J5657A"
"J3714","J5658"
"J3714","J595"
"J3714","J5999"
"J3714","J6000"
"J3714","J6014"
"J3714","J6017"
"J3714","J6023"
"J3714","J6024"
"J3714","J6027"
"J3714","J640"
"J3714","J664"
"J3714","J910"
"J3714","J971"
"J3714","J990"
"J3715","J3716"
"J3715","J3718"
"J3715","J3749"
"J3715","J3753"
"J3715","J3759"
"J3715","J3845"
"J3715","J3884"
"J3715","J3899"
"J3715","J3987"
"J3715","J4001"
"J3715","J4044"
"J3715","J4046"
"J3715","J4109"
"J3715","J4112"
"J3715","J4126"
"J3715","J4151"
"J3715","J4161"
"J3715","J4162"
"J3715","J4189"
"J3715","J42"
"J3715","J4214"
"J3715","J4304"
"J3715","J4315"
"J3715","J4345"
"J3715","J4514"
"J3715","J4521"
"J3715","J4552"
"J3715","J4569"
"J3715","J4601"
"J3715","J4651"
"J3715","J4654"
"J3715","J4715"
"J3715","J4728"
"J3715","J4731"
"J3715","J4747"
"J3715","J4782"
"J3715","J4840"
"J3715","J4954"
"J3715","J4961"
"J3715","J4962"
"J3715","J4967"
"J3715","J4968"
"J3715","J4986"
"J3715","J4998"
"J3715","J5006"
"J3715","J5012"
"J3715","J5017"
"J3715","J5021"
"J3715","J5043"
"J3715","J505"
"J3715","J5053"
"J3715","J5074"
"J3715","J5089"
"J3715","J5095"
"J3715","J5121"
"J3715","J5146"
"J3715","J5215"
"J3715","J5222"
"J3715","J5255"
"J3715","J5269"
"J3715","J5271"
"J3715","J5309"
"J3715","J5316"
"J3715","J5379"
"J3715","J5428"
"J3715","J5456"
"J3715","J5475"
"J3715","J5476"
"J3715","J5477"
"J3715","J5489"
"J3715","J5503"
"J3715","J5519"
"J3715","J5559"
"J3715","J5566"
"J3715","J5568"
"J3715","J5582"
"J3715","J5583"
"J3715","J5595"
"J3715","J56"
"J3715","J5607"
"J3715","J5618"
"J3715","J5645"
"J3715","J5657A"
"J3715","J5658"
"J3715","J595"
"J3715","J5999"
"J3715","J6000"
"J3715","J6014"
"J3715","J6017"
"J3715","J6023"
"J3715","J6024"
"J3715","J6027"
"J3715","J640"
"J3715","J664"
"J3715","J910"
"J3715","J971"
"J3715","J990"
"J3716","J3718"
"J3716","J3749"
"J3716","J3753"
"J3716","J3759"
"J3716","J3845"
"J3716","J3884"
"J3716","J3899"
"J3716","J3987"
"J3716","J4001"
"J3716","J4044"
"J3716","J4046"
"J3716","J4109"
"J3716","J4112"
"J3716","J4126"
"J3716","J4151"
"J3716","J4161"
"J3716","J4162"
"J3716","J4189"
"J3716","J42"
"J3716","J4214"
"J3716","J4304"
"J3716","J4315"
"J3716","J4345"
"J3716","J4514"
"J3716","J4521"
"J3716","J4552"
"J3716","J4569"
"J3716","J4601"
"J3716","J4651"
"J3716","J4654"
"J3716","J4715"
"J3716","J4728"
"J3716","J4731"
"J3716","J4747"
"J3716","J4782"
"J3716","J4840"
"J3716","J4954"
"J3716","J4961"
"J3716","J4962"
"J3716","J4967"
"J3716","J4968"
"J3716","J4986"
"J3716","J4998"
"J3716","J5006"
"J3716","J5012"
"J3716","J5017"
"J3716","J5021"
"J3716","J5043"
"J3716","J505"
"J3716","J5053"
"J3716","J5074"
"J3716","J5089"
"J3716","J5095"
"J3716","J5121"
"J3716","J5146"
"J3716","J5215"
"J3716","J5222"
"J3716","J5255"
"J3716","J5269"
"J3716","J5271"
"J3716","J5309"
"J3716","J5316"
"J3716","J5379"
"J3716","J5428"
"J3716","J5456"
"J3716","J5475"
"J3716","J5476"
"J3716","J5477"
"J3716","J5489"
"J3716","J5503"
"J3716","J5519"
"J3716","J5559"
"J3716","J5566"
"J3716","J5568"
"J3716","J5582"
"J3716","J5583"
"J3716","J5595"
"J3716","J56"
"J3716","J5607"
"J3716","J5618"
"J3716","J5645"
"J3716","J5657A"
"J3716","J5658"
"J3716","J595"
"J3716","J5999"
"J3716","J6000"
"J3716","J6014"
"J3716","J6017"
"J3716","J6023"
"J3716","J6024"
"J3716","J6027"
"J3716","J640"
"J3716","J664"
"J3716","J910"
"J3716","J971"
"J3716","J990"
"J3718","J3749"
"J3718","J3753"
"J3718","J3759"
"J3718","J3845"
"J3718","J3884"
"J3718","J3899"
"J3718","J3987"
"J3718","J4001"
"J3718","J4044"
"J3718","J4046"
"J3718","J4109"
"J3718","J4112"
"J3718","J4126"
"J3718","J4151"
"J3718","J4161"
"J3718","J4162"
"J3718","J4189"
"J3718","J42"
"J3718","J4214"
"J3718","J4304"
"J3718","J4315"
"J3718","J4345"
"J3718","J4514"
"J3718","J4521"
"J3718","J4552"
"J3718","J4569"
"J3718","J4601"
"J3718","J4651"
"J3718","J4654"
"J3718","J4715"
"J3718","J4728"
"J3718","J4731"
"J3718","J4747"
"J3718","J4782"
"J3718","J4840"
"J3718","J4954"
"J3718","J4961"
"J3718","J4962"
"J3718","J4967"
"J3718","J4968"
"J3718","J4986"
"J3718","J4998"
"J3718","J5006"
"J3718","J5012"
"J3718","J5017"
"J3718","J5021"
"J3718","J5043"
"J3718","J505"
"J3718","J5053"
"J3718","J5074"
"J3718","J5089"
"J3718","J5095"
"J3718","J5121"
"J3718","J5146"
"J3718","J5215"
"J3718","J5222"
"J3718","J5255"
"J3718","J5269"
"J3718","J5271"
"J3718","J5309"
"J3718","J5316"
"J3718","J5379"
"J3718","J5428"
"J3718","J5456"
"J3718","J5475"
"J3718","J5476"
"J3718","J5477"
"J3718","J5489"
"J3718","J5503"
"J3718","J5519"
"J3718","J5559"
"J3718","J5566"
"J3718","J5568"
"J3718","J5582"
"J3718","J5583"
"J3718","J5595"
"J3718","J56"
"J3718","J5607"
"J3718","J5618"
"J3718","J5645"
"J3718","J5657A"
"J3718","J5658"
"J3718","J595"
"J3718","J5999"
"J3718","J6000"
"J3718","J6014"
"J3718","J6017"
"J3718","J6023"
"J3718","J6024"
"J3718","J6027"
"J3718","J640"
"J3718","J664"
"J3718","J910"
"J3718","J971"
"J3718","J990"
"J3749","J3753"
"J3749","J3759"
"J3749","J3845"
"J3749","J3884"
"J3749","J3899"
"J3749","J3987"
"J3749","J4001"
"J3749","J4044"
"J3749","J4046"
"J3749","J4109"
"J3749","J4112"
"J3749","J4126"
"J3749","J4151"
"J3749","J4161"
"J3749","J4162"
"J3749","J4189"
"J3749","J42"
"J3749","J4214"
"J3749","J4304"
"J3749","J4315"
"J3749","J4345"
"J3749","J4514"
"J3749","J4521"
"J3749","J4552"
"J3749","J4569"
"J3749","J4601"
"J3749","J4651"
"J3749","J4654"
"J3749","J4715"
"J3749","J4728"
"J3749","J4731"
"J3749","J4747"
"J3749","J4782"
"J3749","J4840"
"J3749","J4954"
"J3749","J4961"
"J3749","J4962"
"J3749","J4967"
"J3749","J4968"
"J3749","J4986"
"J3749","J4998"
"J3749","J5006"
"J3749","J5012"
"J3749","J5017"
"J3749","J5021"
"J3749","J5043"
"J3749","J505"
"J3749","J5053"
"J3749","J5074"
"J3749","J5089"
"J3749","J5095"
"J3749","J5121"
"J3749","J5146"
"J3749","J5215"
"J3749","J5222"
"J3749","J5255"
"J3749","J5269"
"J3749","J5271"
"J3749","J5309"
"J3749","J5316"
"J3749","J5379"
"J3749","J5428"
"J3749","J5456"
"J3749","J5475"
"J3749","J5476"
"J3749","J5477"
"J3749","J5489"
"J3749","J5503"
"J3749","J5519"
"J3749","J5559"
"J3749","J5566"
"J3749","J5568"
"J3749","J5582"
"J3749","J5583"
"J3749","J5595"
"J3749","J56"
"J3749","J5607"
"J3749","J5618"
"J3749","J5645"
"J3749","J5657A"
"J3749","J5658"
"J3749","J595"
"J3749","J5999"
"J3749","J6000"
"J3749","J6014"
"J3749","J6017"
"J3749","J6023"
"J3749","J6024"
"J3749","J6027"
"J3749","J640"
"J3749","J664"
"J3749","J910"
"J3749","J971"
"J3749","J990"
"J3753","J3759"
"J3753","J3845"
"J3753","J3884"
"J3753","J3899"
"J3753","J3987"
"J3753","J4001"
"J3753","J4044"
"J3753","J4046"
"J3753","J4109"
"J3753","J4112"
"J3753","J4126"
"J3753","J4151"
"J3753","J4161"
"J3753","J4162"
"J3753","J4189"
"J3753","J42"
"J3753","J4214"
"J3753","J4304"
"J3753","J4315"
"J3753","J4345"
"J3753","J4514"
"J3753","J4521"
"J3753","J4552"
"J3753","J4569"
"J3753","J4601"
"J3753","J4651"
"J3753","J4654"
"J3753","J4715"
"J3753","J4728"
"J3753","J4731"
"J3753","J4747"
"J3753","J4782"
"J3753","J4840"
"J3753","J4954"
"J3753","J4961"
"J3753","J4962"
"J3753","J4967"
"J3753","J4968"
"J3753","J4986"
"J3753","J4998"
"J3753","J5006"
"J3753","J5012"
"J3753","J5017"
"J3753","J5021"
"J3753","J5043"
"J3753","J505"
"J3753","J5053"
"J3753","J5074"
"J3753","J5089"
"J3753","J5095"
"J3753","J5121"
"J3753","J5146"
"J3753","J5215"
"J3753","J5222"
"J3753","J5255"
"J3753","J5269"
"J3753","J5271"
"J3753","J5309"
"J3753","J5316"
"J3753","J5379"
"J3753","J5428"
"J3753","J5456"
"J3753","J5475"
"J3753","J5476"
"J3753","J5477"
"J3753","J5489"
"J3753","J5503"
"J3753","J5519"
"J3753","J5559"
"J3753","J5566"
"J3753","J5568"
"J3753","J5582"
"J3753","J5583"
"J3753","J5595"
"J3753","J56"
"J3753","J5607"
"J3753","J5618"
"J3753","J5645"
"J3753","J5657A"
"J3753","J5658"
"J3753","J595"
"J3753","J5999"
"J3753","J6000"
"J3753","J6014"
"J3753","J6017"
"J3753","J6023"
"J3753","J6024"
"J3753","J6027"
"J3753","J640"
"J3753","J664"
"J3753","J910"
"J3753","J971"
"J3753","J990"
"J3759","J3845"
"J3759","J3884"
"J3759","J3899"
"J3759","J3987"
"J3759","J4001"
"J3759","J4044"
"J3759","J4046"
"J3759","J4109"
"J3759","J4112"
"J3759","J4126"
"J3759","J4151"
"J3759","J4161"
"J3759","J4162"
"J3759","J4189"
"J3759","J42"
"J3759","J4214"
"J3759","J4304"
"J3759","J4315"
"J3759","J4345"
"J3759","J4514"
"J3759","J4521"
"J3759","J4552"
"J3759","J4569"
"J3759","J4601"
"J3759","J4651"
"J3759","J4654"
"J3759","J4715"
"J3759","J4728"
"J3759","J4731"
"J3759","J4747"
"J3759","J4782"
"J3759","J4840"
"J3759","J4954"
"J3759","J4961"
"J3759","J4962"
"J3759","J4967"
"J3759","J4968"
"J3759","J4986"
"J3759","J4998"
"J3759","J5006"
"J3759","J5012"
"J3759","J5017"
"J3759","J5021"
"J3759","J5043"
"J3759","J505"
"J3759","J5053"
"J3759","J5074"
"J3759","J5089"
"J3759","J5095"
"J3759","J5121"
"J3759","J5146"
"J3759","J5215"
"J3759","J5222"
"J3759","J5255"
"J3759","J5269"
"J3759","J5271"
"J3759","J5309"
"J3759","J5316"
"J3759","J5379"
"J3759","J5428"
"J3759","J5456"
"J3759","J5475"
"J3759","J5476"
"J3759","J5477"
"J3759","J5489"
"J3759","J5503"
"J3759","J5519"
"J3759","J5559"
"J3759","J5566"
"J3759","J5568"
"J3759","J5582"
"J3759","J5583"
"J3759","J5595"
"J3759","J56"
"J3759","J5607"
"J3759","J5618"
"J3759","J5645"
"J3759","J5657A"
"J3759","J5658"
"J3759","J595"
"J3759","J5999"
"J3759","J6000"
"J3759","J6014"
"J3759","J6017"
"J3759","J6023"
"J3759","J6024"
"J3759","J6027"
"J3759","J640"
"J3759","J664"
"J3759","J910"
"J3759","J971"
"J3759","J990"
"J3845","J3884"
"J3845","J3899"
"J3845","J3987"
"J3845","J4001"
"J3845","J4044"
"J3845","J4046"
"J3845","J4109"
"J3845","J4112"
"J3845","J4126"
"J3845","J4151"
"J3845","J4161"
"J3845","J4162"
"J3845","J4189"
"J3845","J42"
"J3845","J4214"
"J3845","J4304"
"J3845","J4315"
"J3845","J4345"
"J3845","J4514"
"J3845","J4521"
"J3845","J4552"
"J3845","J4569"
"J3845","J4601"
"J3845","J4651"
"J3845","J4654"
"J3845","J4715"
"J3845","J4728"
"J3845","J4731"
"J3845","J4747"
"J3845","J4782"
"J3845","J4840"
"J3845","J4954"
"J3845","J4961"
"J3845","J4962"
"J3845","J4967"
"J3845","J4968"
"J3845","J4986"
"J3845","J4998"
"J3845","J5006"
"J3845","J5012"
"J3845","J5017"
"J3845","J5021"
"J3845","J5043"
"J3845","J505"
"J3845","J5053"
"J3845","J5074"
"J3845","J5089"
"J3845","J5095"
"J3845","J5121"
"J3845","J5146"
"J3845","J5215"
"J3845","J5222"
"J3845","J5255"
"J3845","J5269"
"J3845","J5271"
"J3845","J5309"
"J3845","J5316"
"J3845","J5379"
"J3845","J5428"
"J3845","J5456"
"J3845","J5475"
"J3845","J5476"
"J3845","J5477"
"J3845","J5489"
"J3845","J5503"
"J3845","J5519"
"J3845","J5559"
"J3845","J5566"
"J3845","J5568"
"J3845","J5582"
"J3845","J5583"
"J3845","J5595"
"J3845","J56"
"J3845","J5607"
"J3845","J5618"
"J3845","J5645"
"J3845","J5657A"
"J3845","J5658"
"J3845","J595"
"J3845","J5999"
"J3845","J6000"
"J3845","J6014"
"J3845","J6017"
"J3845","J6023"
"J3845","J6024"
"J3845","J6027"
"J3845","J640"
"J3845","J664"
"J3845","J910"
"J3845","J971"
"J3845","J990"
"J3884","J3899"
"J3884","J3987"
"J3884","J4001"
"J3884","J4044"
"J3884","J4046"
"J3884","J4109"
"J3884","J4112"
"J3884","J4126"
"J3884","J4151"
"J3884","J4161"
"J3884","J4162"
"J3884","J4189"
"J3884","J42"
"J3884","J4214"
"J3884","J4304"
"J3884","J4315"
"J3884","J4345"
"J3884","J4514"
"J3884","J4521"
"J3884","J4552"
"J3884","J4569"
"J3884","J4601"
"J3884","J4651"
"J3884","J4654"
"J3884","J4715"
"J3884","J4728"
"J3884","J4731"
"J3884","J4747"
"J3884","J4782"
"J3884","J4840"
"J3884","J4954"
"J3884","J4961"
"J3884","J4962"
"J3884","J4967"
"J3884","J4968"
"J3884","J4986"
"J3884","J4998"
"J3884","J5006"
"J3884","J5012"
"J3884","J5017"
"J3884","J5021"
"J3884","J5043"
"J3884","J505"
"J3884","J5053"
"J3884","J5074"
"J3884","J5089"
"J3884","J5095"
"J3884","J5121"
"J3884","J5146"
"J3884","J5215"
"J3884","J5222"
"J3884","J5255"
"J3884","J5269"
"J3884","J5271"
"J3884","J5309"
"J3884","J5316"
"J3884","J5379"
"J3884","J5428"
"J3884","J5456"
"J3884","J5475"
"J3884","J5476"
"J3884","J5477"
"J3884","J5489"
"J3884","J5503"
"J3884","J5519"
"J3884","J5559"
"J3884","J5566"
"J3884","J5568"
"J3884","J5582"
"J3884","J5583"
"J3884","J5595"
"J3884","J56"
"J3884","J5607"
"J3884","J5618"
"J3884","J5645"
"J3884","J5657A"
"J3884","J5658"
"J3884","J595"
"J3884","J5999"
"J3884","J6000"
"J3884","J6014"
"J3884","J6017"
"J3884","J6023"
"J3884","J6024"
"J3884","J6027"
"J3884","J640"
"J3884","J664"
"J3884","J910"
"J3884","J971"
"J3884","J990"
"J3899","J3987"
"J3899","J4001"
"J3899","J4044"
"J3899","J4046"
"J3899","J4109"
"J3899","J4112"
"J3899","J4126"
"J3899","J4151"
"J3899","J4161"
"J3899","J4162"
"J3899","J4189"
"J3899","J42"
"J3899","J4214"
"J3899","J4304"
"J3899","J4315"
"J3899","J4345"
"J3899","J4514"
"J3899","J4521"
"J3899","J4552"
"J3899","J4569"
"J3899","J4601"
"J3899","J4651"
"J3899","J4654"
"J3899","J4715"
"J3899","J4728"
"J3899","J4731"
"J3899","J4747"
"J3899","J4782"
"J3899","J4840"
"J3899","J4954"
"J3899","J4961"
"J3899","J4962"
"J3899","J4967"
"J3899","J4968"
"J3899","J4986"
"J3899","J4998"
"J3899","J5006"
"J3899","J5012"
"J3899","J5017"
"J3899","J5021"
"J3899","J5043"
"J3899","J505"
"J3899","J5053"
"J3899","J5074"
"J3899","J5089"
"J3899","J5095"
"J3899","J5121"
"J3899","J5146"
"J3899","J5215"
"J3899","J5222"
"J3899","J5255"
"J3899","J5269"
"J3899","J5271"
"J3899","J5309"
"J3899","J5316"
"J3899","J5379"
"J3899","J5428"
"J3899","J5456"
"J3899","J5475"
"J3899","J5476"
"J3899","J5477"
"J3899","J5489"
"J3899","J5503"
"J3899","J5519"
"J3899","J5559"
"J3899","J5566"
"J3899","J5568"
"J3899","J5582"
"J3899","J5583"
"J3899","J5595"
"J3899","J56"
"J3899","J5607"
"J3899","J5618"
"J3899","J5645"
"J3899","J5657A"
"J3899","J5658"
"J3899","J595"
"J3899","J5999"
"J3899","J6000"
"J3899","J6014"
"J3899","J6017"
"J3899","J6023"
"J3899","J6024"
"J3899","J6027"
"J3899","J640"
"J3899","J664"
"J3899","J910"
"J3899","J971"
"J3899","J990"
"J3987","J4001"
"J3987","J4044"
"J3987","J4046"
"J3987","J4109"
"J3987","J4112"
"J3987","J4126"
"J3987","J4151"
"J3987","J4161"
"J3987","J4162"
"J3987","J4189"
"J3987","J42"
"J3987","J4214"
"J3987","J4304"
"J3987","J4315"
"J3987","J4345"
"J3987","J4514"
"J3987","J4521"
"J3987","J4552"
"J3987","J4569"
"J3987","J4601"
"J3987","J4651"
"J3987","J4654"
"J3987","J4715"
"J3987","J4728"
"J3987","J4731"
"J3987","J4747"
"J3987","J4782"
"J3987","J4840"
"J3987","J4954"
"J3987","J4961"
"J3987","J4962"
"J3987","J4967"
"J3987","J4968"
"J3987","J4986"
"J3987","J4998"
"J3987","J5006"
"J3987","J5012"
"J3987","J5017"
"J3987","J5021"
"J3987","J5043"
"J3987","J505"
"J3987","J5053"
"J3987","J5074"
"J3987","J5089"
"J3987","J5095"
"J3987","J5121"
"J3987","J5146"
"J3987","J5215"
"J3987","J5222"
"J3987","J5255"
"J3987","J5269"
"J3987","J5271"
"J3987","J5309"
"J3987","J5316"
"J3987","J5379"
"J3987","J5428"
"J3987","J5456"
"J3987","J5475"
"J3987","J5476"
"J3987","J5477"
"J3987","J5489"
"J3987","J5503"
"J3987","J5519"
"J3987","J5559"
"J3987","J5566"
"J3987","J5568"
"J3987","J5582"
"J3987","J5583"
"J3987","J5595"
"J3987","J56"
"J3987","J5607"
"J3987","J5618"
"J3987","J5645"
"J3987","J5657A"
"J3987","J5658"
"J3987","J595"
"J3987","J5999"
"J3987","J6000"
"J3987","J6014"
"J3987","J6017"
"J3987","J6023"
"J3987","J6024"
"J3987","J6027"
"J3987","J640"
"J3987","J664"
"J3987","J910"
"J3987","J971"
"J3987","J990"
"J4001","J4044"
"J4001","J4046"
"J4001","J4109"
"J4001","J4112"
"J4001","J4126"
"J4001","J4151"
"J4001","J4161"
"J4001","J4162"
"J4001","J4189"
"J4001","J42"
"J4001","J4214"
"J4001","J4304"
"J4001","J4315"
"J4001","J4345"
"J4001","J4514"
"J4001","J4521"
"J4001","J4552"
"J4001","J4569"
"J4001","J4601"
"J4001","J4651"
"J4001","J4654"
"J4001","J4715"
"J4001","J4728"
"J4001","J4731"
"J4001","J4747"
"J4001","J4782"
"J4001","J4840"
"J4001","J4954"
"J4001","J4961"
"J4001","J4962"
"J4001","J4967"
"J4001","J4968"
"J4001","J4986"
"J4001","J4998"
"J4001","J5006"
"J4001","J5012"
"J4001","J5017"
"J4001","J5021"
"J4001","J5043"
"J4001","J505"
"J4001","J5053"
"J4001","J5074"
"J4001","J5089"
"J4001","J5095"
"J4001","J5121"
"J4001","J5146"
"J4001","J5215"
"J4001","J5222"
"J4001","J5255"
"J4001","J5269"
"J4001","J5271"
"J4001","J5309"
"J4001","J5316"
"J4001","J5379"
"J4001","J5428"
"J4001","J5456"
"J4001","J5475"
"J4001","J5476"
"J4001","J5477"
"J4001","J5489"
"J4001","J5503"
"J4001","J5519"
"J4001","J5559"
"J4001","J5566"
"J4001","J5568"
"J4001","J5582"
"J4001","J5583"
"J4001","J5595"
"J4001","J56"
"J4001","J5607"
"J4001","J5618"
"J4001","J5645"
"J4001","J5657A"
"J4001","J5658"
"J4001","J595"
"J4001","J5999"
"J4001","J6000"
"J4001","J6014"
"J4001","J6017"
"J4001","J6023"
"J4001","J6024"
"J4001","J6027"
"J4001","J640"
"J4001","J664"
"J4001","J910"
"J4001","J971"
"J4001","J990"
"J4044","J4046"
"J4044","J4109"
"J4044","J4112"
"J4044","J4126"
"J4044","J4151"
"J4044","J4161"
"J4044","J4162"
"J4044","J4189"
"J4044","J42"
"J4044","J4214"
"J4044","J4304"
"J4044","J4315"
"J4044","J4345"
"J4044","J4514"
"J4044","J4521"
"J4044","J4552"
"J4044","J4569"
"J4044","J4601"
"J4044","J4651"
"J4044","J4654"
"J4044","J4715"
"J4044","J4728"
"J4044","J4731"
"J4044","J4747"
"J4044","J4782"
"J4044","J4840"
"J4044","J4954"
"J4044","J4961"
"J4044","J4962"
"J4044","J4967"
"J4044","J4968"
"J4044","J4986"
"J4044","J4998"
"J4044","J5006"
"J4044","J5012"
"J4044","J5017"
"J4044","J5021"
"J4044","J5043"
"J4044","J505"
"J4044","J5053"
"J4044","J5074"
"J4044","J5089"
"J4044","J5095"
"J4044","J5121"
"J4044","J5146"
"J4044","J5215"
"J4044","J5222"
"J4044","J5255"
"J4044","J5269"
"J4044","J5271"
"J4044","J5309"
"J4044","J5316"
"J4044","J5379"
"J4044","J5428"
"J4044","J5456"
"J4044","J5475"
"J4044","J5476"
"J4044","J5477"
"J4044","J5489"
"J4044","J5503"
"J4044","J5519"
"J4044","J5559"
"J4044","J5566"
"J4044","J5568"
"J4044","J5582"
"J4044","J5583"
"J4044","J5595"
"J4044","J56"
"J4044","J5607"
"J4044","J5618"
"J4044","J5645"
"J4044","J5657A"
"J4044","J5658"
"J4044","J595"
"J4044","J5999"
"J4044","J6000"
"J4044","J6014"
"J4044","J6017"
"J4044","J6023"
"J4044","J6024"
"J4044","J6027"
"J4044","J640"
"J4044","J664"
"J4044","J910"
"J4044","J971"
"J4044","J990"
"J4046","J4109"
"J4046","J4112"
"J4046","J4126"
"J4046","J4151"
"J4046","J4161"
"J4046","J4162"
"J4046","J4189"
"J4046","J42"
"J4046","J4214"
"J4046","J4304"
"J4046","J4315"
"J4046","J4345"
"J4046","J4514"
"J4046","J4521"
"J4046","J4552"
"J4046","J4569"
"J4046","J4601"
"J4046","J4651"
"J4046","J4654"
"J4046","J4715"
"J4046","J4728"
"J4046","J4731"
"J4046","J4747"
"J4046","J4782"
"J4046","J4840"
"J4046","J4954"
"J4046","J4961"
"J4046","J4962"
"J4046","J4967"
"J4046","J4968"
"J4046","J4986"
"J4046","J4998"
"J4046","J5006"
"J4046","J5012"
"J4046","J5017"
"J4046","J5021"
"J4046","J5043"
"J4046","J505"
"J4046","J5053"
"J4046","J5074"
"J4046","J5089"
"J4046","J5095"
"J4046","J5121"
"J4046","J5146"
"J4046","J5215"
"J4046","J5222"
"J4046","J5255"
"J4046","J5269"
"J4046","J5271"
"J4046","J5309"
"J4046","J5316"
"J4046","J5379"
"J4046","J5428"
"J4046","J5456"
"J4046","J5475"
"J4046","J5476"
"J4046","J5477"
"J4046","J5489"
"J4046","J5503"
"J4046","J5519"
"J4046","J5559"
"J4046","J5566"
"J4046","J5568"
"J4046","J5582"
"J4046","J5583"
"J4046","J5595"
"J4046","J56"
"J4046","J5607"
"J4046","J5618"
"J4046","J5645"
"J4046","J5657A"
"J4046","J5658"
"J4046","J595"
"J4046","J5999"
"J4046","J6000"
"J4046","J6014"
"J4046","J6017"
"J4046","J6023"
"J4046","J6024"
"J4046","J6027"
"J4046","J640"
"J4046","J664"
"J4046","J910"
"J4046","J971"
"J4046","J990"
"J4109","J4112"
"J4109","J4126"
"J4109","J4151"
"J4109","J4161"
"J4109","J4162"
"J4109","J4189"
"J4109","J42"
"J4109","J4214"
"J4109","J4304"
"J4109","J4315"
"J4109","J4345"
"J4109","J4514"
"J4109","J4521"
"J4109","J4552"
"J4109","J4569"
"J4109","J4601"
"J4109","J4651"
"J4109","J4654"
"J4109","J4715"
"J4109","J4728"
"J4109","J4731"
"J4109","J4747"
"J4109","J4782"
"J4109","J4840"
"J4109","J4954"
"J4109","J4961"
"J4109","J4962"
"J4109","J4967"
"J4109","J4968"
"J4109","J4986"
"J4109","J4998"
"J4109","J5006"
"J4109","J5012"
"J4109","J5017"
"J4109","J5021"
"J4109","J5043"
"J4109","J505"
"J4109","J5053"
"J4109","J5074"
"J4109","J5089"
"J4109","J5095"
"J4109","J5121"
"J4109","J5146"
"J4109","J5215"
"J4109","J5222"
"J4109","J5255"
"J4109","J5269"
"J4109","J5271"
"J4109","J5309"
"J4109","J5316"
"J4109","J5379"
"J4109","J5428"
"J4109","J5456"
"J4109","J5475"
"J4109","J5476"
"J4109","J5477"
"J4109","J5489"
"J4109","J5503"
"J4109","J5519"
"J4109","J5559"
"J4109","J5566"
"J4109","J5568"
"J4109","J5582"
"J4109","J5583"
"J4109","J5595"
"J4109","J56"
"J4109","J5607"
"J4109","J5618"
"J4109","J5645"
"J4109","J5657A"
"J4109","J5658"
"J4109","J595"
"J4109","J5999"
"J4109","J6000"
"J4109","J6014"
"J4109","J6017"
"J4109","J6023"
"J4109","J6024"
"J4109","J6027"
"J4109","J640"
"J4109","J664"
"J4109","J910"
"J4109","J971"
"J4109","J990"
"J4112","J4126"
"J4112","J4151"
"J4112","J4161"
"J4112","J4162"
"J4112","J4189"
"J4112","J42"
"J4112","J4214"
"J4112","J4304"
"J4112","J4315"
"J4112","J4345"
"J4112","J4514"
"J4112","J4521"
"J4112","J4552"
"J4112","J4569"
"J4112","J4601"
"J4112","J4651"
"J4112","J4654"
"J4112","J4715"
"J4112","J4728"
"J4112","J4731"
"J4112","J4747"
"J4112","J4782"
"J4112","J4840"
"J4112","J4954"
"J4112","J4961"
"J4112","J4962"
"J4112","J4967"
"J4112","J4968"
"J4112","J4986"
"J4112","J4998"
"J4112","J5006"
"J4112","J5012"
"J4112","J5017"
"J4112","J5021"
"J4112","J5043"
"J4112","J505"
"J4112","J5053"
"J4112","J5074"
"J4112","J5089"
"J4112","J5095"
"J4112","J5121"
"J4112","J5146"
"J4112","J5215"
"J4112","J5222"
"J4112","J5255"
"J4112","J5269"
"J4112","J5271"
"J4112","J5309"
"J4112","J5316"
"J4112","J5379"
"J4112","J5428"
"J4112","J5456"
"J4112","J5475"
"J4112","J5476"
"J4112","J5477"
"J4112","J5489"
"J4112","J5503"
"J4112","J5519"
"J4112","J5559"
"J4112","J5566"
"J4112","J5568"
"J4112","J5582"
"J4112","J5583"
"J4112","J5595"
"J4112","J56"
"J4112","J5607"
"J4112","J5618"
"J4112","J5645"
"J4112","J5657A"
"J4112","J5658"
"J4112","J595"
"J4112","J5999"
"J4112","J6000"
"J4112","J6014"
"J4112","J6017"
"J4112","J6023"
"J4112","J6024"
"J4112","J6027"
"J4112","J640"
"J4112","J664"
"J4112","J910"
"J4112","J971"
"J4112","J990"
"J4126","J4151"
"J4126","J4161"
"J4126","J4162"
"J4126","J4189"
"J4126","J42"
"J4126","J4214"
"J4126","J4304"
"J4126","J4315"
"J4126","J4345"
"J4126","J4514"
"J4126","J4521"
"J4126","J4552"
"J4126","J4569"
"J4126","J4601"
"J4126","J4651"
"J4126","J4654"
"J4126","J4715"
"J4126","J4728"
"J4126","J4731"
"J4126","J4747"
"J4126","J4782"
"J4126","J4840"
"J4126","J4954"
"J4126","J4961"
"J4126","J4962"
"J4126","J4967"
"J4126","J4968"
"J4126","J4986"
"J4126","J4998"
"J4126","J5006"
"J4126","J5012"
"J4126","J5017"
"J4126","J5021"
"J4126","J5043"
"J4126","J505"
"J4126","J5053"
"J4126","J5074"
"J4126","J5089"
"J4126","J5095"
"J4126","J5121"
"J4126","J5146"
"J4126","J5215"
"J4126","J5222"
"J4126","J5255"
"J4126","J5269"
"J4126","J5271"
"J4126","J5309"
"J4126","J5316"
"J4126","J5379"
"J4126","J5428"
"J4126","J5456"
"J4126","J5475"
"J4126","J5476"
"J4126","J5477"
"J4126","J5489"
"J4126","J5503"
"J4126","J5519"
"J4126","J5559"
"J4126","J5566"
"J4126","J5568"
"J4126","J5582"
"J4126","J5583"
"J4126","J5595"
"J4126","J56"
"J4126","J5607"
"J4126","J5618"
"J4126","J5645"
"J4126","J5657A"
"J4126","J5658"
"J4126","J595"
"J4126","J5999"
"J4126","J6000"
"J4126","J6014"
"J4126","J6017"
"J4126","J6023"
"J4126","J6024"
"J4126","J6027"
"J4126","J640"
"J4126","J664"
"J4126","J910"
"J4126","J971"
"J4126","J990"
"J4151","J4161"
"J4151","J4162"
"J4151","J4189"
"J4151","J42"
"J4151","J4214"
"J4151","J4304"
"J4151","J4315"
"J4151","J4345"
"J4151","J4514"
"J4151","J4521"
"J4151","J4552"
"J4151","J4569"
"J4151","J4601"
"J4151","J4651"
"J4151","J4654"
"J4151","J4715"
"J4151","J4728"
"J4151","J4731"
"J4151","J4747"
"J4151","J4782"
"J4151","J4840"
"J4151","J4954"
"J4151","J4961"
"J4151","J4962"
"J4151","J4967"
"J4151","J4968"
"J4151","J4986"
"J4151","J4998"
"J4151","J5006"
"J4151","J5012"
"J4151","J5017"
"J4151","J5021"
"J4151","J5043"
"J4151","J505"
"J4151","J5053"
"J4151","J5074"
"J4151","J5089"
"J4151","J5095"
"J4151","J5121"
"J4151","J5146"
"J4151","J5215"
"J4151","J5222"
"J4151","J5255"
"J4151","J5269"
"J4151","J5271"
"J4151","J5309"
"J4151","J5316"
"J4151","J5379"
"J4151","J5428"
"J4151","J5456"
"J4151","J5475"
"J4151","J5476"
"J4151","J5477"
"J4151","J5489"
"J4151","J5503"
"J4151","J5519"
"J4151","J5559"
"J4151","J5566"
"J4151","J5568"
"J4151","J5582"
"J4151","J5583"
"J4151","J5595"
"J4151","J56"
"J4151","J5607"
"J4151","J5618"
"J4151","J5645"
"J4151","J5657A"
"J4151","J5658"
"J4151","J595"
"J4151","J5999"
"J4151","J6000"
"J4151","J6014"
"J4151","J6017"
"J4151","J6023"
"J4151","J6024"
"J4151","J6027"
"J4151","J640"
"J4151","J664"
"J4151","J910"
"J4151","J971"
"J4151","J990"
"J4161","J4162"
"J4161","J4189"
"J4161","J42"
"J4161","J4214"
"J4161","J4304"
"J4161","J4315"
"J4161","J4345"
"J4161","J4514"
"J4161","J4521"
"J4161","J4552"
"J4161","J4569"
"J4161","J4601"
"J4161","J4651"
"J4161","J4654"
"J4161","J4715"
"J4161","J4728"
"J4161","J4731"
"J4161","J4747"
"J4161","J4782"
"J4161","J4840"
"J4161","J4954"
"J4161","J4961"
"J4161","J4962"
"J4161","J4967"
"J4161","J4968"
"J4161","J4986"
"J4161","J4998"
"J4161","J5006"
"J4161","J5012"
"J4161","J5017"
"J4161","J5021"
"J4161","J5043"
"J4161","J505"
"J4161","J5053"
"J4161","J5074"
"J4161","J5089"
"J4161","J5095"
"J4161","J5121"
"J4161","J5146"
"J4161","J5215"
"J4161","J5222"
"J4161","J5255"
"J4161","J5269"
"J4161","J5271"
"J4161","J5309"
"J4161","J5316"
"J4161","J5379"
"J4161","J5428"
"J4161","J5456"
"J4161","J5475"
"J4161","J5476"
"J4161","J5477"
"J4161","J5489"
"J4161","J5503"
"J4161","J5519"
"J4161","J5559"
"J4161","J5566"
"J4161","J5568"
"J4161","J5582"
"J4161","J5583"
"J4161","J5595"
"J4161","J56"
"J4161","J5607"
"J4161","J5618"
"J4161","J5645"
"J4161","J5657A"
"J4161","J5658"
"J4161","J595"
"J4161","J5999"
"J4161","J6000"
"J4161","J6014"
"J4161","J6017"
"J4161","J6023"
"J4161","J6024"
"J4161","J6027"
"J4161","J640"
"J4161","J664"
"J4161","J910"
"J4161","J971"
"J4161","J990"
"J4162","J4189"
"J4162","J42"
"J4162","J4214"
"J4162","J4304"
"J4162","J4315"
"J4162","J4345"
"J4162","J4514"
"J4162","J4521"
"J4162","J4552"
"J4162","J4569"
"J4162","J4601"
"J4162","J4651"
"J4162","J4654"
"J4162","J4715"
"J4162","J4728"
"J4162","J4731"
"J4162","J4747"
"J4162","J4782"
"J4162","J4840"
"J4162","J4954"
"J4162","J4961"
"J4162","J4962"
"J4162","J4967"
"J4162","J4968"
"J4162","J4986"
"J4162","J4998"
"J4162","J5006"
"J4162","J5012"
"J4162","J5017"
"J4162","J5021"
"J4162","J5043"
"J4162","J505"
"J4162","J5053"
"J4162","J5074"
"J4162","J5089"
"J4162","J5095"
"J4162","J5121"
"J4162","J5146"
"J4162","J5215"
"J4162","J5222"
"J4162","J5255"
"J4162","J5269"
"J4162","J5271"
"J4162","J5309"
"J4162","J5316"
"J4162","J5379"
"J4162","J5428"
"J4162","J5456"
"J4162","J5475"
"J4162","J5476"
"J4162","J5477"
"J4162","J5489"
"J4162","J5503"
"J4162","J5519"
"J4162","J5559"
"J4162","J5566"
"J4162","J5568"
"J4162","J5582"
"J4162","J5583"
"J4162","J5595"
"J4162","J56"
"J4162","J5607"
"J4162","J5618"
"J4162","J5645"
"J4162","J5657A"
"J4162","J5658"
"J4162","J595"
"J4162","J5999"
"J4162","J6000"
"J4162","J6014"
"J4162","J6017"
"J4162","J6023"
"J4162","J6024"
"J4162","J6027"
"J4162","J640"
"J4162","J664"
"J4162","J910"
"J4162","J971"
"J4162","J990"
"J4189","J42"
"J4189","J4214"
"J4189","J4304"
"J4189","J4315"
"J4189","J4345"
"J4189","J4514"
"J4189","J4521"
"J4189","J4552"
"J4189","J4569"
"J4189","J4601"
"J4189","J4651"
"J4189","J4654"
"J4189","J4715"
"J4189","J4728"
"J4189","J4731"
"J4189","J4747"
"J4189","J4782"
"J4189","J4840"
"J4189","J4954"
"J4189","J4961"
"J4189","J4962"
"J4189","J4967"
"J4189","J4968"
"J4189","J4986"
"J4189","J4998"
"J4189","J5006"
"J4189","J5012"
"J4189","J5017"
"J4189","J5021"
"J4189","J5043"
"J4189","J505"
"J4189","J5053"
"J4189","J5074"
"J4189","J5089"
"J4189","J5095"
"J4189","J5121"
"J4189","J5146"
"J4189","J5215"
"J4189","J5222"
"J4189","J5255"
"J4189","J5269"
"J4189","J5271"
"J4189","J5309"
"J4189","J5316"
"J4189","J5379"
"J4189","J5428"
"J4189","J5456"
"J4189","J5475"
"J4189","J5476"
"J4189","J5477"
"J4189","J5489"
"J4189","J5503"
"J4189","J5519"
"J4189","J5559"
"J4189","J5566"
"J4189","J5568"
"J4189","J5582"
"J4189","J5583"
"J4189","J5595"
"J4189","J56"
"J4189","J5607"
"J4189","J5618"
"J4189","J5645"
"J4189","J5657A"
"J4189","J5658"
"J4189","J595"
"J4189","J5999"
"J4189","J6000"
"J4189","J6014"
"J4189","J6017"
"J4189","J6023"
"J4189","J6024"
"J4189","J6027"
"J4189","J640"
"J4189","J664"
"J4189","J910"
"J4189","J971"
"J4189","J990"
"J42","J4214"
"J42","J4304"
"J42","J4315"
"J42","J4345"
"J42","J4514"
"J42","J4521"
"J42","J4552"
"J42","J4569"
"J42","J4601"
"J42","J4651"
"J42","J4654"
"J42","J4715"
"J42","J4728"
"J42","J4731"
"J42","J4747"
"J42","J4782"
"J42","J4840"
"J42","J4954"
"J42","J4961"
"J42","J4962"
"J42","J4967"
"J42","J4968"
"J42","J4986"
"J42","J4998"
"J42","J5006"
"J42","J5012"
"J42","J5017"
"J42","J5021"
"J42","J5043"
"J42","J505"
"J42","J5053"
"J42","J5074"
"J42","J5089"
"J42","J5095"
"J42","J5121"
"J42","J5146"
"J42","J5215"
"J42","J5222"
"J42","J5255"
"J42","J5269"
"J42","J5271"
"J42","J5309"
"J42","J5316"
"J42","J5379"
"J42","J5428"
"J42","J5456"
"J42","J5475"
"J42","J5476"
"J42","J5477"
"J42","J5489"
"J42","J5503"
"J42","J5519"
"J42","J5559"
"J42","J5566"
"J42","J5568"
"J42","J5582"
"J42","J5583"
"J42","J5595"
"J42","J56"
"J42","J5607"
"J42","J5618"
"J42","J5645"
"J42","J5657A"
"J42","J5658"
"J42","J595"
"J42","J5999"
"J42","J6000"
"J42","J6014"
"J42","J6017"
"J42","J6023"
"J42","J6024"
"J42","J6027"
"J42","J640"
"J42","J664"
"J42","J910"
"J42","J971"
"J42","J990"
"J4214","J4304"
"J4214","J4315"
"J4214","J4345"
"J4214","J4514"
"J4214","J4521"
"J4214","J4552"
"J4214","J4569"
"J4214","J4601"
"J4214","J4651"
"J4214","J4654"
"J4214","J4715"
"J4214","J4728"
"J4214","J4731"
"J4214","J4747"
"J4214","J4782"
"J4214","J4840"
"J4214","J4954"
"J4214","J4961"
"J4214","J4962"
"J4214","J4967"
"J4214","J4968"
"J4214","J4986"
"J4214","J4998"
"J4214","J5006"
"J4214","J5012"
"J4214","J5017"
"J4214","J5021"
"J4214","J5043"
"J4214","J505"
"J4214","J5053"
"J4214","J5074"
"J4214","J5089"
"J4214","J5095"
"J4214","J5121"
"J4214","J5146"
"J4214","J5215"
"J4214","J5222"
"J4214","J5255"
"J4214","J5269"
"J4214","J5271"
"J4214","J5309"
"J4214","J5316"
"J4214","J5379"
"J4214","J5428"
"J4214","J5456"
"J4214","J5475"
"J4214","J5476"
"J4214","J5477"
"J4214","J5489"
"J4214","J5503"
"J4214","J5519"
"J4214","J5559"
"J4214","J5566"
"J4214","J5568"
"J4214","J5582"
"J4214","J5583"
"J4214","J5595"
"J4214","J56"
"J4214","J5607"
"J4214","J5618"
"J4214","J5645"
"J4214","J5657A"
"J4214","J5658"
"J4214","J595"
"J4214","J5999"
"J4214","J6000"
"J4214","J6014"
"J4214","J6017"
"J4214","J6023"
"J4214","J6024"
"J4214","J6027"
"J4214","J640"
"J4214","J664"
"J4214","J910"
"J4214","J971"
"J4214","J990"
"J4304","J4315"
"J4304","J4345"
"J4304","J4514"
"J4304","J4521"
"J4304","J4552"
"J4304","J4569"
"J4304","J4601"
"J4304","J4651"
"J4304","J4654"
"J4304","J4715"
"J4304","J4728"
"J4304","J4731"
"J4304","J4747"
"J4304","J4782"
"J4304","J4840"
"J4304","J4954"
"J4304","J4961"
"J4304","J4962"
"J4304","J4967"
"J4304","J4968"
"J4304","J4986"
"J4304","J4998"
"J4304","J5006"
"J4304","J5012"
"J4304","J5017"
"J4304","J5021"
"J4304","J5043"
"J4304","J505"
"J4304","J5053"
"J4304","J5074"
"J4304","J5089"
"J4304","J5095"
"J4304","J5121"
"J4304","J5146"
"J4304","J5215"
"J4304","J5222"
"J4304","J5255"
"J4304","J5269"
"J4304","J5271"
"J4304","J5309"
"J4304","J5316"
"J4304","J5379"
"J4304","J5428"
"J4304","J5456"
"J4304","J5475"
"J4304","J5476"
"J4304","J5477"
"J4304","J5489"
"J4304","J5503"
"J4304","J5519"
"J4304","J5559"
"J4304","J5566"
"J4304","J5568"
"J4304","J5582"
"J4304","J5583"
"J4304","J5595"
"J4304","J56"
"J4304","J5607"
"J4304","J5618"
"J4304","J5645"
"J4304","J5657A"
"J4304","J5658"
"J4304","J595"
"J4304","J5999"
"J4304","J6000"
"J4304","J6014"
"J4304","J6017"
"J4304","J6023"
"J4304","J6024"
"J4304","J6027"
"J4304","J640"
"J4304","J664"
"J4304","J910"
"J4304","J971"
"J4304","J990"
"J4315","J4345"
"J4315","J4514"
"J4315","J4521"
"J4315","J4552"
"J4315","J4569"
"J4315","J4601"
"J4315","J4651"
"J4315","J4654"
"J4315","J4715"
"J4315","J4728"
"J4315","J4731"
"J4315","J4747"
"J4315","J4782"
"J4315","J4840"
"J4315","J4954"
"J4315","J4961"
"J4315","J4962"
"J4315","J4967"
"J4315","J4968"
"J4315","J4986"
"J4315","J4998"
"J4315","J5006"
"J4315","J5012"
"J4315","J5017"
"J4315","J5021"
"J4315","J5043"
"J4315","J505"
"J4315","J5053"
"J4315","J5074"
"J4315","J5089"
"J4315","J5095"
"J4315","J5121"
"J4315","J5146"
"J4315","J5215"
"J4315","J5222"
"J4315","J5255"
"J4315","J5269"
"J4315","J5271"
"J4315","J5309"
"J4315","J5316"
"J4315","J5379"
"J4315","J5428"
"J4315","J5456"
"J4315","J5475"
"J4315","J5476"
"J4315","J5477"
"J4315","J5489"
"J4315","J5503"
"J4315","J5519"
"J4315","J5559"
"J4315","J5566"
"J4315","J5568"
"J4315","J5582"
"J4315","J5583"
"J4315","J5595"
"J4315","J56"
"J4315","J5607"
"J4315","J5618"
"J4315","J5645"
"J4315","J5657A"
"J4315","J5658"
"J4315","J595"
"J4315","J5999"
"J4315","J6000"
"J4315","J6014"
"J4315","J6017"
"J4315","J6023"
"J4315","J6024"
"J4315","J6027"
"J4315","J640"
"J4315","J664"
"J4315","J910"
"J4315","J971"
"J4315","J990"
"J4345","J4514"
"J4345","J4521"
"J4345","J4552"
"J4345","J4569"
"J4345","J4601"
"J4345","J4651"
"J4345","J4654"
"J4345","J4715"
"J4345","J4728"
"J4345","J4731"
"J4345","J4747"
"J4345","J4782"
"J4345","J4840"
"J4345","J4954"
"J4345","J4961"
"J4345","J4962"
"J4345","J4967"
"J4345","J4968"
"J4345","J4986"
"J4345","J4998"
"J4345","J5006"
"J4345","J5012"
"J4345","J5017"
"J4345","J5021"
"J4345","J5043"
"J4345","J505"
"J4345","J5053"
"J4345","J5074"
"J4345","J5089"
"J4345","J5095"
"J4345","J5121"
"J4345","J5146"
"J4345","J5215"
"J4345","J5222"
"J4345","J5255"
"J4345","J5269"
"J4345","J5271"
"J4345","J5309"
"J4345","J5316"
"J4345","J5379"
"J4345","J5428"
"J4345","J5456"
"J4345","J5475"
"J4345","J5476"
"J4345","J5477"
"J4345","J5489"
"J4345","J5503"
"J4345","J5519"
"J4345","J5559"
"J4345","J5566"
"J4345","J5568"
"J4345","J5582"
"J4345","J5583"
"J4345","J5595"
"J4345","J56"
"J4345","J5607"
"J4345","J5618"
"J4345","J5645"
"J4345","J5657A"
"J4345","J5658"
"J4345","J595"
"J4345","J5999"
"J4345","J6000"
"J4345","J6014"
"J4345","J6017"
"J4345","J6023"
"J4345","J6024"
"J4345","J6027"
"J4345","J640"
"J4345","J664"
"J4345","J910"
"J4345","J971"
"J4345","J990"
"J4514","J4521"
"J4514","J4552"
"J4514","J4569"
"J4514","J4601"
"J4514","J4651"
"J4514","J4654"
"J4514","J4715"
"J4514","J4728"
"J4514","J4731"
"J4514","J4747"
"J4514","J4782"
"J4514","J4840"
"J4514","J4954"
"J4514","J4961"
"J4514","J4962"
"J4514","J4967"
"J4514","J4968"
"J4514","J4986"
"J4514","J4998"
"J4514","J5006"
"J4514","J5012"
"J4514","J5017"
"J4514","J5021"
"J4514","J5043"
"J4514","J505"
"J4514","J5053"
"J4514","J5074"
"J4514","J5089"
"J4514","J5095"
"J4514","J5121"
"J4514","J5146"
"J4514","J5215"
"J4514","J5222"
"J4514","J5255"
"J4514","J5269"
"J4514","J5271"
"J4514","J5309"
"J4514","J5316"
"J4514","J5379"
"J4514","J5428"
"J4514","J5456"
"J4514","J5475"
"J4514","J5476"
"J4514","J5477"
"J4514","J5489"
"J4514","J5503"
"J4514","J5519"
"J4514","J5559"
"J4514","J5566"
"J4514","J5568"
"J4514","J5582"
"J4514","J5583"
"J4514","J5595"
"J4514","J56"
"J4514","J5607"
"J4514","J5618"
"J4514","J5645"
"J4514","J5657A"
"J4514","J5658"
"J4514","J595"
"J4514","J5999"
"J4514","J6000"
"J4514","J6014"
"J4514","J6017"
"J4514","J6023"
"J4514","J6024"
"J4514","J6027"
"J4514","J640"
"J4514","J664"
"J4514","J910"
"J4514","J971"
"J4514","J990"
"J4521","J4552"
"J4521","J4569"
"J4521","J4601"
"J4521","J4651"
"J4521","J4654"
"J4521","J4715"
"J4521","J4728"
"J4521","J4731"
"J4521","J4747"
"J4521","J4782"
"J4521","J4840"
"J4521","J4954"
"J4521","J4961"
"J4521","J4962"
"J4521","J4967"
"J4521","J4968"
"J4521","J4986"
"J4521","J4998"
"J4521","J5006"
"J4521","J5012"
"J4521","J5017"
"J4521","J5021"
"J4521","J5043"
"J4521","J505"
"J4521","J5053"
"J4521","J5074"
"J4521","J5089"
"J4521","J5095"
"J4521","J5121"
"J4521","J5146"
"J4521","J5215"
"J4521","J5222"
"J4521","J5255"
"J4521","J5269"
"J4521","J5271"
"J4521","J5309"
"J4521","J5316"
"J4521","J5379"
"J4521","J5428"
"J4521","J5456"
"J4521","J5475"
"J4521","J5476"
"J4521","J5477"
"J4521","J5489"
"J4521","J5503"
"J4521","J5519"
"J4521","J5559"
"J4521","J5566"
"J4521","J5568"
"J4521","J5582"
"J4521","J5583"
"J4521","J5595"
"J4521","J56"
"J4521","J5607"
"J4521","J5618"
"J4521","J5645"
"J4521","J5657A"
"J4521","J5658"
"J4521","J595"
"J4521","J5999"
"J4521","J6000"
"J4521","J6014"
"J4521","J6017"
"J4521","J6023"
"J4521","J6024"
"J4521","J6027"
"J4521","J640"
"J4521","J664"
"J4521","J910"
"J4521","J971"
"J4521","J990"
"J4552","J4569"
"J4552","J4601"
"J4552","J4651"
"J4552","J4654"
"J4552","J4715"
"J4552","J4728"
"J4552","J4731"
"J4552","J4747"
"J4552","J4782"
"J4552","J4840"
"J4552","J4954"
"J4552","J4961"
"J4552","J4962"
"J4552","J4967"
"J4552","J4968"
"J4552","J4986"
"J4552","J4998"
"J4552","J5006"
"J4552","J5012"
"J4552","J5017"
"J4552","J5021"
"J4552","J5043"
"J4552","J505"
"J4552","J5053"
"J4552","J5074"
"J4552","J5089"
"J4552","J5095"
"J4552","J5121"
"J4552","J5146"
"J4552","J5215"
"J4552","J5222"
"J4552","J5255"
"J4552","J5269"
"J4552","J5271"
"J4552","J5309"
"J4552","J5316"
"J4552","J5379"
"J4552","J5428"
"J4552","J5456"
"J4552","J5475"
"J4552","J5476"
"J4552","J5477"
"J4552","J5489"
"J4552","J5503"
"J4552","J5519"
"J4552","J5559"
"J4552","J5566"
"J4552","J5568"
"J4552","J5582"
"J4552","J5583"
"J4552","J5595"
"J4552","J56"
"J4552","J5607"
"J4552","J5618"
"J4552","J5645"
"J4552","J5657A"
"J4552","J5658"
"J4552","J595"
"J4552","J5999"
"J4552","J6000"
"J4552","J6014"
"J4552","J6017"
"J4552","J6023"
"J4552","J6024"
"J4552","J6027"
"J4552","J640"
"J4552","J664"
"J4552","J910"
"J4552","J971"
"J4552","J990"
"J4569","J4601"
"J4569","J4651"
"J4569","J4654"
"J4569","J4715"
"J4569","J4728"
"J4569","J4731"
"J4569","J4747"
"J4569","J4782"
"J4569","J4840"
"J4569","J4954"
"J4569","J4961"
"J4569","J4962"
"J4569","J4967"
"J4569","J4968"
"J4569","J4986"
"J4569","J4998"
"J4569","J5006"
"J4569","J5012"
"J4569","J5017"
"J4569","J5021"
"J4569","J5043"
"J4569","J505"
"J4569","J5053"
"J4569","J5074"
"J4569","J5089"
"J4569","J5095"
"J4569","J5121"
"J4569","J5146"
"J4569","J5215"
"J4569","J5222"
"J4569","J5255"
"J4569","J5269"
"J4569","J5271"
"J4569","J5309"
"J4569","J5316"
"J4569","J5379"
"J4569","J5428"
"J4569","J5456"
"J4569","J5475"
"J4569","J5476"
"J4569","J5477"
"J4569","J5489"
"J4569","J5503"
"J4569","J5519"
"J4569","J5559"
"J4569","J5566"
"J4569","J5568"
"J4569","J5582"
"J4569","J5583"
"J4569","J5595"
"J4569","J56"
"J4569","J5607"
"J4569","J5618"
"J4569","J5645"
"J4569","J5657A"
"J4569","J5658"
"J4569","J595"
"J4569","J5999"
"J4569","J6000"
"J4569","J6014"
"J4569","J6017"
"J4569","J6023"
"J4569","J6024"
"J4569","J6027"
"J4569","J640"
"J4569","J664"
"J4569","J910"
"J4569","J971"
"J4569","J990"
"J4601","J4651"
"J4601","J4654"
"J4601","J4715"
"J4601","J4728"
"J4601","J4731"
"J4601","J4747"
"J4601","J4782"
"J4601","J4840"
"J4601","J4954"
"J4601","J4961"
"J4601","J4962"
"J4601","J4967"
"J4601","J4968"
"J4601","J4986"
"J4601","J4998"
"J4601","J5006"
"J4601","J5012"
"J4601","J5017"
"J4601","J5021"
"J4601","J5043"
"J4601","J505"
"J4601","J5053"
"J4601","J5074"
"J4601","J5089"
"J4601","J5095"
"J4601","J5121"
"J4601","J5146"
"J4601","J5215"
"J4601","J5222"
"J4601","J5255"
"J4601","J5269"
"J4601","J5271"
"J4601","J5309"
"J4601","J5316"
"J4601","J5379"
"J4601","J5428"
"J4601","J5456"
"J4601","J5475"
"J4601","J5476"
"J4601","J5477"
"J4601","J5489"
"J4601","J5503"
"J4601","J5519"
"J4601","J5559"
"J4601","J5566"
"J4601","J5568"
"J4601","J5582"
"J4601","J5583"
"J4601","J5595"
"J4601","J56"
"J4601","J5607"
"J4601","J5618"
"J4601","J5645"
"J4601","J5657A"
"J4601","J5658"
"J4601","J595"
"J4601","J5999"
"J4601","J6000"
"J4601","J6014"
"J4601","J6017"
"J4601","J6023"
"J4601","J6024"
"J4601","J6027"
"J4601","J640"
"J4601","J664"
"J4601","J910"
"J4601","J971"
"J4601","J990"
"J4651","J4654"
"J4651","J4715"
"J4651","J4728"
"J4651","J4731"
"J4651","J4747"
"J4651","J4782"
"J4651","J4840"
"J4651","J4954"
"J4651","J4961"
"J4651","J4962"
"J4651","J4967"
"J4651","J4968"
"J4651","J4986"
"J4651","J4998"
"J4651","J5006"
"J4651","J5012"
"J4651","J5017"
"J4651","J5021"
"J4651","J5043"
"J4651","J505"
"J4651","J5053"
"J4651","J5074"
"J4651","J5089"
"J4651","J5095"
"J4651","J5121"
"J4651","J5146"
"J4651","J5215"
"J4651","J5222"
"J4651","J5255"
"J4651","J5269"
"J4651","J5271"
"J4651","J5309"
"J4651","J5316"
"J4651","J5379"
"J4651","J5428"
"J4651","J5456"
"J4651","J5475"
"J4651","J5476"
"J4651","J5477"
"J4651","J5489"
"J4651","J5503"
"J4651","J5519"
"J4651","J5559"
"J4651","J5566"
"J4651","J5568"
"J4651","J5582"
"J4651","J5583"
"J4651","J5595"
"J4651","J56"
"J4651","J5607"
"J4651","J5618"
"J4651","J5645"
"J4651","J5657A"
"J4651","J5658"
"J4651","J595"
"J4651","J5999"
"J4651","J6000"
"J4651","J6014"
"J4651","J6017"
"J4651","J6023"
"J4651","J6024"
"J4651","J6027"
"J4651","J640"
"J4651","J664"
"J4651","J910"
"J4651","J971"
"J4651","J990"
"J4654","J4715"
"J4654","J4728"
"J4654","J4731"
"J4654","J4747"
"J4654","J4782"
"J4654","J4840"
"J4654","J4954"
"J4654","J4961"
"J4654","J4962"
"J4654","J4967"
"J4654","J4968"
"J4654","J4986"
"J4654","J4998"
"J4654","J5006"
"J4654","J5012"
"J4654","J5017"
"J4654","J5021"
"J4654","J5043"
"J4654","J505"
"J4654","J5053"
"J4654","J5074"
"J4654","J5089"
"J4654","J5095"
"J4654","J5121"
"J4654","J5146"
"J4654","J5215"
"J4654","J5222"
"J4654","J5255"
"J4654","J5269"
"J4654","J5271"
"J4654","J5309"
"J4654","J5316"
"J4654","J5379"
"J4654","J5428"
"J4654","J5456"
"J4654","J5475"
"J4654","J5476"
"J4654","J5477"
"J4654","J5489"
"J4654","J5503"
"J4654","J5519"
"J4654","J5559"
"J4654","J5566"
"J4654","J5568"
"J4654","J5582"
"J4654","J5583"
"J4654","J5595"
"J4654","J56"
"J4654","J5607"
"J4654","J5618"
"J4654","J5645"
"J4654","J5657A"
"J4654","J5658"
"J4654","J595"
"J4654","J5999"
"J4654","J6000"
"J4654","J6014"
"J4654","J6017"
"J4654","J6023"
"J4654","J6024"
"J4654","J6027"
"J4654","J640"
"J4654","J664"
"J4654","J910"
"J4654","J971"
"J4654","J990"
"J4715","J4728"
"J4715","J4731"
"J4715","J4747"
"J4715","J4782"
"J4715","J4840"
"J4715","J4954"
"J4715","J4961"
"J4715","J4962"
"J4715","J4967"
"J4715","J4968"
"J4715","J4986"
"J4715","J4998"
"J4715","J5006"
"J4715","J5012"
"J4715","J5017"
"J4715","J5021"
"J4715","J5043"
"J4715","J505"
"J4715","J5053"
"J4715","J5074"
"J4715","J5089"
"J4715","J5095"
"J4715","J5121"
"J4715","J5146"
"J4715","J5215"
"J4715","J5222"
"J4715","J5255"
"J4715","J5269"
"J4715","J5271"
"J4715","J5309"
"J4715","J5316"
"J4715","J5379"
"J4715","J5428"
"J4715","J5456"
"J4715","J5475"
"J4715","J5476"
"J4715","J5477"
"J4715","J5489"
"J4715","J5503"
"J4715","J5519"
"J4715","J5559"
"J4715","J5566"
"J4715","J5568"
"J4715","J5582"
"J4715","J5583"
"J4715","J5595"
"J4715","J56"
"J4715","J5607"
"J4715","J5618"
"J4715","J5645"
"J4715","J5657A"
"J4715","J5658"
"J4715","J595"
"J4715","J5999"
"J4715","J6000"
"J4715","J6014"
"J4715","J6017"
"J4715","J6023"
"J4715","J6024"
"J4715","J6027"
"J4715","J640"
"J4715","J664"
"J4715","J910"
"J4715","J971"
"J4715","J990"
"J4728","J4731"
"J4728","J4747"
"J4728","J4782"
"J4728","J4840"
"J4728","J4954"
"J4728","J4961"
"J4728","J4962"
"J4728","J4967"
"J4728","J4968"
"J4728","J4986"
"J4728","J4998"
"J4728","J5006"
"J4728","J5012"
"J4728","J5017"
"J4728","J5021"
"J4728","J5043"
"J4728","J505"
"J4728","J5053"
"J4728","J5074"
"J4728","J5089"
"J4728","J5095"
"J4728","J5121"
"J4728","J5146"
"J4728","J5215"
"J4728","J5222"
"J4728","J5255"
"J4728","J5269"
"J4728","J5271"
"J4728","J5309"
"J4728","J5316"
"J4728","J5379"
"J4728","J5428"
"J4728","J5456"
"J4728","J5475"
"J4728","J5476"
"J4728","J5477"
"J4728","J5489"
"J4728","J5503"
"J4728","J5519"
"J4728","J5559"
"J4728","J5566"
"J4728","J5568"
"J4728","J5582"
"J4728","J5583"
"J4728","J5595"
"J4728","J56"
"J4728","J5607"
"J4728","J5618"
"J4728","J5645"
"J4728","J5657A"
"J4728","J5658"
"J4728","J595"
"J4728","J5999"
"J4728","J6000"
"J4728","J6014"
"J4728","J6017"
"J4728","J6023"
"J4728","J6024"
"J4728","J6027"
"J4728","J640"
"J4728","J664"
"J4728","J910"
"J4728","J971"
"J4728","J990"
"J4731","J4747"
"J4731","J4782"
"J4731","J4840"
"J4731","J4954"
"J4731","J4961"
"J4731","J4962"
"J4731","J4967"
"J4731","J4968"
"J4731","J4986"
"J4731","J4998"
"J4731","J5006"
"J4731","J5012"
"J4731","J5017"
"J4731","J5021"
"J4731","J5043"
"J4731","J505"
"J4731","J5053"
"J4731","J5074"
"J4731","J5089"
"J4731","J5095"
"J4731","J5121"
"J4731","J5146"
"J4731","J5215"
"J4731","J5222"
"J4731","J5255"
"J4731","J5269"
"J4731","J5271"
"J4731","J5309"
"J4731","J5316"
"J4731","J5379"
"J4731","J5428"
"J4731","J5456"
"J4731","J5475"
"J4731","J5476"
"J4731","J5477"
"J4731","J5489"
"J4731","J5503"
"J4731","J5519"
"J4731","J5559"
"J4731","J5566"
"J4731","J5568"
"J4731","J5582"
"J4731","J5583"
"J4731","J5595"
"J4731","J56"
"J4731","J5607"
"J4731","J5618"
"J4731","J5645"
"J4731","J5657A"
"J4731","J5658"
"J4731","J595"
"J4731","J5999"
"J4731","J6000"
"J4731","J6014"
"J4731","J6017"
"J4731","J6023"
"J4731","J6024"
"J4731","J6027"
"J4731","J640"
"J4731","J664"
"J4731","J910"
"J4731","J971"
"J4731","J990"
"J4747","J4782"
"J4747","J4840"
"J4747","J4954"
"J4747","J4961"
"J4747","J4962"
"J4747","J4967"
"J4747","J4968"
"J4747","J4986"
"J4747","J4998"
"J4747","J5006"
"J4747","J5012"
"J4747","J5017"
"J4747","J5021"
"J4747","J5043"
"J4747","J505"
"J4747","J5053"
"J4747","J5074"
"J4747","J5089"
"J4747","J5095"
"J4747","J5121"
"J4747","J5146"
"J4747","J5215"
"J4747","J5222"
"J4747","J5255"
"J4747","J5269"
"J4747","J5271"
"J4747","J5309"
"J4747","J5316"
"J4747","J5379"
"J4747","J5428"
"J4747","J5456"
"J4747","J5475"
"J4747","J5476"
"J4747","J5477"
"J4747","J5489"
"J4747","J5503"
"J4747","J5519"
"J4747","J5559"
"J4747","J5566"
"J4747","J5568"
"J4747","J5582"
"J4747","J5583"
"J4747","J5595"
"J4747","J56"
"J4747","J5607"
"J4747","J5618"
"J4747","J5645"
"J4747","J5657A"
"J4747","J5658"
"J4747","J595"
"J4747","J5999"
"J4747","J6000"
"J4747","J6014"
"J4747","J6017"
"J4747","J6023"
"J4747","J6024"
"J4747","J6027"
"J4747","J640"
"J4747","J664"
"J4747","J910"
"J4747","J971"
"J4747","J990"
"J4782","J4840"
"J4782","J4954"
"J4782","J4961"
"J4782","J4962"
"J4782","J4967"
"J4782","J4968"
"J4782","J4986"
"J4782","J4998"
"J4782","J5006"
"J4782","J5012"
"J4782","J5017"
"J4782","J5021"
"J4782","J5043"
"J4782","J505"
"J4782","J5053"
"J4782","J5074"
"J4782","J5089"
"J4782","J5095"
"J4782","J5121"
"J4782","J5146"
"J4782","J5215"
"J4782","J5222"
"J4782","J5255"
"J4782","J5269"
"J4782","J5271"
"J4782","J5309"
"J4782","J5316"
"J4782","J5379"
"J4782","J5428"
"J4782","J5456"
"J4782","J5475"
"J4782","J5476"
"J4782","J5477"
"J4782","J5489"
"J4782","J5503"
"J4782","J5519"
"J4782","J5559"
"J4782","J5566"
"J4782","J5568"
"J4782","J5582"
"J4782","J5583"
"J4782","J5595"
"J4782","J56"
"J4782","J5607"
"J4782","J5618"
"J4782","J5645"
"J4782","J5657A"
"J4782","J5658"
"J4782","J595"
"J4782","J5999"
"J4782","J6000"
"J4782","J6014"
"J4782","J6017"
"J4782","J6023"
"J4782","J6024"
"J4782","J6027"
"J4782","J640"
"J4782","J664"
"J4782","J910"
"J4782","J971"
"J4782","J990"
"J4840","J4954"
"J4840","J4961"
"J4840","J4962"
"J4840","J4967"
"J4840","J4968"
"J4840","J4986"
"J4840","J4998"
"J4840","J5006"
"J4840","J5012"
"J4840","J5017"
"J4840","J5021"
"J4840","J5043"
"J4840","J505"
"J4840","J5053"
"J4840","J5074"
"J4840","J5089"
"J4840","J5095"
"J4840","J5121"
"J4840","J5146"
"J4840","J5215"
"J4840","J5222"
"J4840","J5255"
"J4840","J5269"
"J4840","J5271"
"J4840","J5309"
"J4840","J5316"
"J4840","J5379"
"J4840","J5428"
"J4840","J5456"
"J4840","J5475"
"J4840","J5476"
"J4840","J5477"
"J4840","J5489"
"J4840","J5503"
"J4840","J5519"
"J4840","J5559"
"J4840","J5566"
"J4840","J5568"
"J4840","J5582"
"J4840","J5583"
"J4840","J5595"
"J4840","J56"
"J4840","J5607"
"J4840","J5618"
"J4840","J5645"
"J4840","J5657A"
"J4840","J5658"
"J4840","J595"
"J4840","J5999"
"J4840","J6000"
"J4840","J6014"
"J4840","J6017"
"J4840","J6023"
"J4840","J6024"
"J4840","J6027"
"J4840","J640"
"J4840","J664"
"J4840","J910"
"J4840","J971"
"J4840","J990"
"J4954","J4961"
"J4954","J4962"
"J4954","J4967"
"J4954","J4968"
"J4954","J4986"
"J4954","J4998"
"J4954","J5006"
"J4954","J5012"
"J4954","J5017"
"J4954","J5021"
"J4954","J5043"
"J4954","J505"
"J4954","J5053"
"J4954","J5074"
"J4954","J5089"
"J4954","J5095"
"J4954","J5121"
"J4954","J5146"
"J4954","J5215"
"J4954","J5222"
"J4954","J5255"
"J4954","J5269"
"J4954","J5271"
"J4954","J5309"
"J4954","J5316"
"J4954","J5379"
"J4954","J5428"
"J4954","J5456"
"J4954","J5475"
"J4954","J5476"
"J4954","J5477"
"J4954","J5489"
"J4954","J5503"
"J4954","J5519"
"J4954","J5559"
"J4954","J5566"
"J4954","J5568"
"J4954","J5582"
"J4954","J5583"
"J4954","J5595"
"J4954","J56"
"J4954","J5607"
"J4954","J5618"
"J4954","J5645"
"J4954","J5657A"
"J4954","J5658"
"J4954","J595"
"J4954","J5999"
"J4954","J6000"
"J4954","J6014"
"J4954","J6017"
"J4954","J6023"
"J4954","J6024"
"J4954","J6027"
"J4954","J640"
"J4954","J664"
"J4954","J910"
"J4954","J971"
"J4954","J990"
"J4961","J4962"
"J4961","J4967"
"J4961","J4968"
"J4961","J4986"
"J4961","J4998"
"J4961","J5006"
"J4961","J5012"
"J4961","J5017"
"J4961","J5021"
"J4961","J5043"
"J4961","J505"
"J4961","J5053"
"J4961","J5074"
"J4961","J5089"
"J4961","J5095"
"J4961","J5121"
"J4961","J5146"
"J4961","J5215"
"J4961","J5222"
"J4961","J5255"
"J4961","J5269"
"J4961","J5271"
"J4961","J5309"
"J4961","J5316"
"J4961","J5379"
"J4961","J5428"
"J4961","J5456"
"J4961","J5475"
"J4961","J5476"
"J4961","J5477"
"J4961","J5489"
"J4961","J5503"
"J4961","J5519"
"J4961","J5559"
"J4961","J5566"
"J4961","J5568"
"J4961","J5582"
"J4961","J5583"
"J4961","J5595"
"J4961","J56"
"J4961","J5607"
"J4961","J5618"
"J4961","J5645"
"J4961","J5657A"
"J4961","J5658"
"J4961","J595"
"J4961","J5999"
"J4961","J6000"
"J4961","J6014"
"J4961","J6017"
"J4961","J6023"
"J4961","J6024"
"J4961","J6027"
"J4961","J640"
"J4961","J664"
"J4961","J910"
"J4961","J971"
"J4961","J990"
"J4962","J4967"
"J4962","J4968"
"J4962","J4986"
"J4962","J4998"
"J4962","J5006"
"J4962","J5012"
"J4962","J5017"
"J4962","J5021"
"J4962","J5043"
"J4962","J505"
"J4962","J5053"
"J4962","J5074"
"J4962","J5089"
"J4962","J5095"
"J4962","J5121"
"J4962","J5146"
"J4962","J5215"
"J4962","J5222"
"J4962","J5255"
"J4962","J5269"
"J4962","J5271"
"J4962","J5309"
"J4962","J5316"
"J4962","J5379"
"J4962","J5428"
"J4962","J5456"
"J4962","J5475"
"J4962","J5476"
"J4962","J5477"
"J4962","J5489"
"J4962","J5503"
"J4962","J5519"
"J4962","J5559"
"J4962","J5566"
"J4962","J5568"
"J4962","J5582"
"J4962","J5583"
"J4962","J5595"
"J4962","J56"
"J4962","J5607"
"J4962","J5618"
"J4962","J5645"
"J4962","J5657A"
"J4962","J5658"
"J4962","J595"
"J4962","J5999"
"J4962","J6000"
"J4962","J6014"
"J4962","J6017"
"J4962","J6023"
"J4962","J6024"
"J4962","J6027"
"J4962","J640"
"J4962","J664"
"J4962","J910"
"J4962","J971"
"J4962","J990"
"J4967","J4968"
"J4967","J4986"
"J4967","J4998"
"J4967","J5006"
"J4967","J5012"
"J4967","J5017"
"J4967","J5021"
"J4967","J5043"
"J4967","J505"
"J4967","J5053"
"J4967","J5074"
"J4967","J5089"
"J4967","J5095"
"J4967","J5121"
"J4967","J5146"
"J4967","J5215"
"J4967","J5222"
"J4967","J5255"
"J4967","J5269"
"J4967","J5271"
"J4967","J5309"
"J4967","J5316"
"J4967","J5379"
"J4967","J5428"
"J4967","J5456"
"J4967","J5475"
"J4967","J5476"
"J4967","J5477"
"J4967","J5489"
"J4967","J5503"
"J4967","J5519"
"J4967","J5559"
"J4967","J5566"
"J4967","J5568"
"J4967","J5582"
"J4967","J5583"
"J4967","J5595"
"J4967","J56"
"J4967","J5607"
"J4967","J5618"
"J4967","J5645"
"J4967","J5657A"
"J4967","J5658"
"J4967","J595"
"J4967","J5999"
"J4967","J6000"
"J4967","J6014"
"J4967","J6017"
"J4967","J6023"
"J4967","J6024"
"J4967","J6027"
"J4967","J640"
"J4967","J664"
"J4967","J910"
"J4967","J971"
"J4967","J990"
"J4968","J4986"
"J4968","J4998"
"J4968","J5006"
"J4968","J5012"
"J4968","J5017"
"J4968","J5021"
"J4968","J5043"
"J4968","J505"
"J4968","J5053"
"J4968","J5074"
"J4968","J5089"
"J4968","J5095"
"J4968","J5121"
"J4968","J5146"
"J4968","J5215"
"J4968","J5222"
"J4968","J5255"
"J4968","J5269"
"J4968","J5271"
"J4968","J5309"
"J4968","J5316"
"J4968","J5379"
"J4968","J5428"
"J4968","J5456"
"J4968","J5475"
"J4968","J5476"
"J4968","J5477"
"J4968","J5489"
"J4968","J5503"
"J4968","J5519"
"J4968","J5559"
"J4968","J5566"
"J4968","J5568"
"J4968","J5582"
"J4968","J5583"
"J4968","J5595"
"J4968","J56"
"J4968","J5607"
"J4968","J5618"
"J4968","J5645"
"J4968","J5657A"
"J4968","J5658"
"J4968","J595"
"J4968","J5999"
"J4968","J6000"
"J4968","J6014"
"J4968","J6017"
"J4968","J6023"
"J4968","J6024"
"J4968","J6027"
"J4968","J640"
"J4968","J664"
"J4968","J910"
"J4968","J971"
"J4968","J990"
"J4986","J4998"
"J4986","J5006"
"J4986","J5012"
"J4986","J5017"
"J4986","J5021"
"J4986","J5043"
"J4986","J505"
"J4986","J5053"
"J4986","J5074"
"J4986","J5089"
"J4986","J5095"
"J4986","J5121"
"J4986","J5146"
"J4986","J5215"
"J4986","J5222"
"J4986","J5255"
"J4986","J5269"
"J4986","J5271"
"J4986","J5309"
"J4986","J5316"
"J4986","J5379"
"J4986","J5428"
"J4986","J5456"
"J4986","J5475"
"J4986","J5476"
"J4986","J5477"
"J4986","J5489"
"J4986","J5503"
"J4986","J5519"
"J4986","J5559"
"J4986","J5566"
"J4986","J5568"
"J4986","J5582"
"J4986","J5583"
"J4986","J5595"
"J4986","J56"
"J4986","J5607"
"J4986","J5618"
"J4986","J5645"
"J4986","J5657A"
"J4986","J5658"
"J4986","J595"
"J4986","J5999"
"J4986","J6000"
"J4986","J6014"
"J4986","J6017"
"J4986","J6023"
"J4986","J6024"
"J4986","J6027"
"J4986","J640"
"J4986","J664"
"J4986","J910"
"J4986","J971"
"J4986","J990"
"J4998","J5006"
"J4998","J5012"
"J4998","J5017"
"J4998","J5021"
"J4998","J5043"
"J4998","J505"
"J4998","J5053"
"J4998","J5074"
"J4998","J5089"
"J4998","J5095"
"J4998","J5121"
"J4998","J5146"
"J4998","J5215"
"J4998","J5222"
"J4998","J5255"
"J4998","J5269"
"J4998","J5271"
"J4998","J5309"
"J4998","J5316"
"J4998","J5379"
"J4998","J5428"
"J4998","J5456"
"J4998","J5475"
"J4998","J5476"
"J4998","J5477"
"J4998","J5489"
"J4998","J5503"
"J4998","J5519"
"J4998","J5559"
"J4998","J5566"
"J4998","J5568"
"J4998","J5582"
"J4998","J5583"
"J4998","J5595"
"J4998","J56"
"J4998","J5607"
"J4998","J5618"
"J4998","J5645"
"J4998","J5657A"
"J4998","J5658"
"J4998","J595"
"J4998","J5999"
"J4998","J6000"
"J4998","J6014"
"J4998","J6017"
"J4998","J6023"
"J4998","J6024"
"J4998","J6027"
"J4998","J640"
"J4998","J664"
"J4998","J910"
"J4998","J971"
"J4998","J990"
"J5006","J5012"
"J5006","J5017"
"J5006","J5021"
"J5006","J5043"
"J5006","J505"
"J5006","J5053"
"J5006","J5074"
"J5006","J5089"
"J5006","J5095"
"J5006","J5121"
"J5006","J5146"
"J5006","J5215"
"J5006","J5222"
"J5006","J5255"
"J5006","J5269"
"J5006","J5271"
"J5006","J5309"
"J5006","J5316"
"J5006","J5379"
"J5006","J5428"
"J5006","J5456"
"J5006","J5475"
"J5006","J5476"
"J5006","J5477"
"J5006","J5489"
"J5006","J5503"
"J5006","J5519"
"J5006","J5559"
"J5006","J5566"
"J5006","J5568"
"J5006","J5582"
"J5006","J5583"
"J5006","J5595"
"J5006","J56"
"J5006","J5607"
"J5006","J5618"
"J5006","J5645"
"J5006","J5657A"
"J5006","J5658"
"J5006","J595"
"J5006","J5999"
"J5006","J6000"
"J5006","J6014"
"J5006","J6017"
"J5006","J6023"
"J5006","J6024"
"J5006","J6027"
"J5006","J640"
"J5006","J664"
"J5006","J910"
"J5006","J971"
"J5006","J990"
"J5012","J5017"
"J5012","J5021"
"J5012","J5043"
"J5012","J505"
"J5012","J5053"
"J5012","J5074"
"J5012","J5089"
"J5012","J5095"
"J5012","J5121"
"J5012","J5146"
"J5012","J5215"
"J5012","J5222"
"J5012","J5255"
"J5012","J5269"
"J5012","J5271"
"J5012","J5309"
"J5012","J5316"
"J5012","J5379"
"J5012","J5428"
"J5012","J5456"
"J5012","J5475"
"J5012","J5476"
"J5012","J5477"
"J5012","J5489"
"J5012","J5503"
"J5012","J5519"
"J5012","J5559"
"J5012","J5566"
"J5012","J5568"
"J5012","J5582"
"J5012","J5583"
"J5012","J5595"
"J5012","J56"
"J5012","J5607"
"J5012","J5618"
"J5012","J5645"
"J5012","J5657A"
"J5012","J5658"
"J5012","J595"
"J5012","J5999"
"J5012","J6000"
"J5012","J6014"
"J5012","J6017"
"J5012","J6023"
"J5012","J6024"
"J5012","J6027"
"J5012","J640"
"J5012","J664"
"J5012","J910"
"J5012","J971"
"J5012","J990"
"J5017","J5021"
"J5017","J5043"
"J5017","J505"
"J5017","J5053"
"J5017","J5074"
"J5017","J5089"
"J5017","J5095"
"J5017","J5121"
"J5017","J5146"
"J5017","J5215"
"J5017","J5222"
"J5017","J5255"
"J5017","J5269"
"J5017","J5271"
"J5017","J5309"
"J5017","J5316"
"J5017","J5379"
"J5017","J5428"
"J5017","J5456"
"J5017","J5475"
"J5017","J5476"
"J5017","J5477"
"J5017","J5489"
"J5017","J5503"
"J5017","J5519"
"J5017","J5559"
"J5017","J5566"
"J5017","J5568"
"J5017","J5582"
"J5017","J5583"
"J5017","J5595"
"J5017","J56"
"J5017","J5607"
"J5017","J5618"
"J5017","J5645"
"J5017","J5657A"
"J5017","J5658"
"J5017","J595"
"J5017","J5999"
"J5017","J6000"
"J5017","J6014"
"J5017","J6017"
"J5017","J6023"
"J5017","J6024"
"J5017","J6027"
"J5017","J640"
"J5017","J664"
"J5017","J910"
"J5017","J971"
"J5017","J990"
"J5021","J5043"
"J5021","J505"
"J5021","J5053"
"J5021","J5074"
"J5021","J5089"
"J5021","J5095"
"J5021","J5121"
"J5021","J5146"
"J5021","J5215"
"J5021","J5222"
"J5021","J5255"
"J5021","J5269"
"J5021","J5271"
"J5021","J5309"
"J5021","J5316"
"J5021","J5379"
"J5021","J5428"
"J5021","J5456"
"J5021","J5475"
"J5021","J5476"
"J5021","J5477"
"J5021","J5489"
"J5021","J5503"
"J5021","J5519"
"J5021","J5559"
"J5021","J5566"
"J5021","J5568"
"J5021","J5582"
"J5021","J5583"
"J5021","J5595"
"J5021","J56"
"J5021","J5607"
"J5021","J5618"
"J5021","J5645"
"J5021","J5657A"
"J5021","J5658"
"J5021","J595"
"J5021","J5999"
"J5021","J6000"
"J5021","J6014"
"J5021","J6017"
"J5021","J6023"
"J5021","J6024"
"J5021","J6027"
"J5021","J640"
"J5021","J664"
"J5021","J910"
"J5021","J971"
"J5021","J990"
"J5043","J505"
"J5043","J5053"
"J5043","J5074"
"J5043","J5089"
"J5043","J5095"
"J5043","J5121"
"J5043","J5146"
"J5043","J5215"
"J5043","J5222"
"J5043","J5255"
"J5043","J5269"
"J5043","J5271"
"J5043","J5309"
"J5043","J5316"
"J5043","J5379"
"J5043","J5428"
"J5043","J5456"
"J5043","J5475"
"J5043","J5476"
"J5043","J5477"
"J5043","J5489"
"J5043","J5503"
"J5043","J5519"
"J5043","J5559"
"J5043","J5566"
"J5043","J5568"
"J5043","J5582"
"J5043","J5583"
"J5043","J5595"
"J5043","J56"
"J5043","J5607"
"J5043","J5618"
"J5043","J5645"
"J5043","J5657A"
"J5043","J5658"
"J5043","J595"
"J5043","J5999"
"J5043","J6000"
"J5043","J6014"
"J5043","J6017"
"J5043","J6023"
"J5043","J6024"
"J5043","J6027"
"J5043","J640"
"J5043","J664"
"J5043","J910"
"J5043","J971"
"J5043","J990"
"J505","J5053"
"J505","J5074"
"J505","J5089"
"J505","J5095"
"J505","J5121"
"J505","J5146"
"J505","J5215"
"J505","J5222"
"J505","J5255"
"J505","J5269"
"J505","J5271"
"J505","J5309"
"J505","J5316"
"J505","J5379"
"J505","J5428"
"J505","J5456"
"J505","J5475"
"J505","J5476"
"J505","J5477"
"J505","J5489"
"J505","J5503"
"J505","J5519"
"J505","J5559"
"J505","J5566"
"J505","J5568"
"J505","J5582"
"J505","J5583"
"J505","J5595"
"J505","J56"
"J505","J5607"
"J505","J5618"
"J505","J5645"
"J505","J5657A"
"J505","J5658"
"J505","J595"
"J505","J5999"
"J505","J6000"
"J505","J6014"
"J505","J6017"
"J505","J6023"
"J505","J6024"
"J505","J6027"
"J505","J640"
"J505","J664"
"J505","J910"
"J505","J971"
"J505","J990"
"J5053","J5074"
"J5053","J5089"
"J5053","J5095"
"J5053","J5121"
"J5053","J5146"
"J5053","J5215"
"J5053","J5222"
"J5053","J5255"
"J5053","J5269"
"J5053","J5271"
"J5053","J5309"
"J5053","J5316"
"J5053","J5379"
"J5053","J5428"
"J5053","J5456"
"J5053","J5475"
"J5053","J5476"
"J5053","J5477"
"J5053","J5489"
"J5053","J5503"
"J5053","J5519"
"J5053","J5559"
"J5053","J5566"
"J5053","J5568"
"J5053","J5582"
"J5053","J5583"
"J5053","J5595"
"J5053","J56"
"J5053","J5607"
"J5053","J5618"
"J5053","J5645"
"J5053","J5657A"
"J5053","J5658"
"J5053","J595"
"J5053","J5999"
"J5053","J6000"
"J5053","J6014"
"J5053","J6017"
"J5053","J6023"
"J5053","J6024"
"J5053","J6027"
"J5053","J640"
"J5053","J664"
"J5053","J910"
"J5053","J971"
"J5053","J990"
"J5074","J5089"
"J5074","J5095"
"J5074","J5121"
"J5074","J5146"
"J5074","J5215"
"J5074","J5222"
"J5074","J5255"
"J5074","J5269"
"J5074","J5271"
"J5074","J5309"
"J5074","J5316"
"J5074","J5379"
"J5074","J5428"
"J5074","J5456"
"J5074","J5475"
"J5074","J5476"
"J5074","J5477"
"J5074","J5489"
"J5074","J5503"
"J5074","J5519"
"J5074","J5559"
"J5074","J5566"
"J5074","J5568"
"J5074","J5582"
"J5074","J5583"
"J5074","J5595"
"J5074","J56"
"J5074","J5607"
"J5074","J5618"
"J5074","J5645"
"J5074","J5657A"
"J5074","J5658"
"J5074","J595"
"J5074","J5999"
"J5074","J6000"
"J5074","J6014"
"J5074","J6017"
"J5074","J6023"
"J5074","J6024"
"J5074","J6027"
"J5074","J640"
"J5074","J664"
"J5074","J910"
"J5074","J971"
"J5074","J990"
"J5089","J5095"
"J5089","J5121"
"J5089","J5146"
"J5089","J5215"
"J5089","J5222"
"J5089","J5255"
"J5089","J5269"
"J5089","J5271"
"J5089","J5309"
"J5089","J5316"
"J5089","J5379"
"J5089","J5428"
"J5089","J5456"
"J5089","J5475"
"J5089","J5476"
"J5089","J5477"
"J5089","J5489"
"J5089","J5503"
"J5089","J5519"
"J5089","J5559"
"J5089","J5566"
"J5089","J5568"
"J5089","J5582"
"J5089","J5583"
"J5089","J5595"
"J5089","J56"
"J5089","J5607"
"J5089","J5618"
"J5089","J5645"
"J5089","J5657A"
"J5089","J5658"
"J5089","J595"
"J5089","J5999"
"J5089","J6000"
"J5089","J6014"
"J5089","J6017"
"J5089","J6023"
"J5089","J6024"
"J5089","J6027"
"J5089","J640"
"J5089","J664"
"J5089","J910"
"J5089","J971"
"J5089","J990"
"J5095","J5121"
"J5095","J5146"
"J5095","J5215"
"J5095","J5222"
"J5095","J5255"
"J5095","J5269"
"J5095","J5271"
"J5095","J5309"
"J5095","J5316"
"J5095","J5379"
"J5095","J5428"
"J5095","J5456"
"J5095","J5475"
"J5095","J5476"
"J5095","J5477"
"J5095","J5489"
"J5095","J5503"
"J5095","J5519"
"J5095","J5559"
"J5095","J5566"
"J5095","J5568"
"J5095","J5582"
"J5095","J5583"
"J5095","J5595"
"J5095","J56"
"J5095","J5607"
"J5095","J5618"
"J5095","J5645"
"J5095","J5657A"
"J5095","J5658"
"J5095","J595"
"J5095","J5999"
"J5095","J6000"
"J5095","J6014"
"J5095","J6017"
"J5095","J6023"
"J5095","J6024"
"J5095","J6027"
"J5095","J640"
"J5095","J664"
"J5095","J910"
"J5095","J971"
"J5095","J990"
"J5121","J5146"
"J5121","J5215"
"J5121","J5222"
"J5121","J5255"
"J5121","J5269"
"J5121","J5271"
"J5121","J5309"
"J5121","J5316"
"J5121","J5379"
"J5121","J5428"
"J5121","J5456"
"J5121","J5475"
"J5121","J5476"
"J5121","J5477"
"J5121","J5489"
"J5121","J5503"
"J5121","J5519"
"J5121","J5559"
"J5121","J5566"
"J5121","J5568"
"J5121","J5582"
"J5121","J5583"
"J5121","J5595"
"J5121","J56"
"J5121","J5607"
"J5121","J5618"
"J5121","J5645"
"J5121","J5657A"
"J5121","J5658"
"J5121","J595"
"J5121","J5999"
"J5121","J6000"
"J5121","J6014"
"J5121","J6017"
"J5121","J6023"
"J5121","J6024"
"J5121","J6027"
"J5121","J640"
"J5121","J664"
"J5121","J910"
"J5121","J971"
"J5121","J990"
"J5146","J5215"
"J5146","J5222"
"J5146","J5255"
"J5146","J5269"
"J5146","J5271"
"J5146","J5309"
"J5146","J5316"
"J5146","J5379"
"J5146","J5428"
"J5146","J5456"
"J5146","J5475"
"J5146","J5476"
"J5146","J5477"
"J5146","J5489"
"J5146","J5503"
"J5146","J5519"
"J5146","J5559"
"J5146","J5566"
"J5146","J5568"
"J5146","J5582"
"J5146","J5583"
"J5146","J5595"
"J5146","J56"
"J5146","J5607"
"J5146","J5618"
"J5146","J5645"
"J5146","J5657A"
"J5146","J5658"
"J5146","J595"
"J5146","J5999"
"J5146","J6000"
"J5146","J6014"
"J5146","J6017"
"J5146","J6023"
"J5146","J6024"
"J5146","J6027"
"J5146","J640"
"J5146","J664"
"J5146","J910"
"J5146","J971"
"J5146","J990"
"J5215","J5222"
"J5215","J5255"
"J5215","J5269"
"J5215","J5271"
"J5215","J5309"
"J5215","J5316"
"J5215","J5379"
"J5215","J5428"
"J5215","J5456"
"J5215","J5475"
"J5215","J5476"
"J5215","J5477"
"J5215","J5489"
"J5215","J5503"
"J5215","J5519"
"J5215","J5559"
"J5215","J5566"
"J5215","J5568"
"J5215","J5582"
"J5215","J5583"
"J5215","J5595"
"J5215","J56"
"J5215","J5607"
"J5215","J5618"
"J5215","J5645"
"J5215","J5657A"
"J5215","J5658"
"J5215","J595"
"J5215","J5999"
"J5215","J6000"
"J5215","J6014"
"J5215","J6017"
"J5215","J6023"
"J5215","J6024"
"J5215","J6027"
"J5215","J640"
"J5215","J664"
"J5215","J910"
"J5215","J971"
"J5215","J990"
"J5222","J5255"
"J5222","J5269"
"J5222","J5271"
"J5222","J5309"
"J5222","J5316"
"J5222","J5379"
"J5222","J5428"
"J5222","J5456"
"J5222","J5475"
"J5222","J5476"
"J5222","J5477"
"J5222","J5489"
"J5222","J5503"
"J5222","J5519"
"J5222","J5559"
"J5222","J5566"
"J5222","J5568"
"J5222","J5582"
"J5222","J5583"
"J5222","J5595"
"J5222","J56"
"J5222","J5607"
"J5222","J5618"
"J5222","J5645"
"J5222","J5657A"
"J5222","J5658"
"J5222","J595"
"J5222","J5999"
"J5222","J6000"
"J5222","J6014"
"J5222","J6017"
"J5222","J6023"
"J5222","J6024"
"J5222","J6027"
"J5222","J640"
"J5222","J664"
"J5222","J910"
"J5222","J971"
"J5222","J990"
"J5255","J5269"
"J5255","J5271"
"J5255","J5309"
"J5255","J5316"
"J5255","J5379"
"J5255","J5428"
"J5255","J5456"
"J5255","J5475"
"J5255","J5476"
"J5255","J5477"
"J5255","J5489"
"J5255","J5503"
"J5255","J5519"
"J5255","J5559"
"J5255","J5566"
"J5255","J5568"
"J5255","J5582"
"J5255","J5583"
"J5255","J5595"
"J5255","J56"
"J5255","J5607"
"J5255","J5618"
"J5255","J5645"
"J5255","J5657A"
"J5255","J5658"
"J5255","J595"
"J5255","J5999"
"J5255","J6000"
"J5255","J6014"
"J5255","J6017"
"J5255","J6023"
"J5255","J6024"
"J5255","J6027"
"J5255","J640"
"J5255","J664"
"J5255","J910"
"J5255","J971"
"J5255","J990"
"J5269","J5271"
"J5269","J5309"
"J5269","J5316"
"J5269","J5379"
"J5269","J5428"
"J5269","J5456"
"J5269","J5475"
"J5269","J5476"
"J5269","J5477"
"J5269","J5489"
"J5269","J5503"
"J5269","J5519"
"J5269","J5559"
"J5269","J5566"
"J5269","J5568"
"J5269","J5582"
"J5269","J5583"
"J5269","J5595"
"J5269","J56"
"J5269","J5607"
"J5269","J5618"
"J5269","J5645"
"J5269","J5657A"
"J5269","J5658"
"J5269","J595"
"J5269","J5999"
"J5269","J6000"
"J5269","J6014"
"J5269","J6017"
"J5269","J6023"
"J5269","J6024"
"J5269","J6027"
"J5269","J640"
"J5269","J664"
"J5269","J910"
"J5269","J971"
"J5269","J990"
"J5271","J5309"
"J5271","J5316"
"J5271","J5379"
"J5271","J5428"
"J5271","J5456"
"J5271","J5475"
"J5271","J5476"
"J5271","J5477"
"J5271","J5489"
"J5271","J5503"
"J5271","J5519"
"J5271","J5559"
"J5271","J5566"
"J5271","J5568"
"J5271","J5582"
"J5271","J5583"
"J5271","J5595"
"J5271","J56"
"J5271","J5607"
"J5271","J5618"
"J5271","J5645"
"J5271","J5657A"
"J5271","J5658"
"J5271","J595"
"J5271","J5999"
"J5271","J6000"
"J5271","J6014"
"J5271","J6017"
"J5271","J6023"
"J5271","J6024"
"J5271","J6027"
"J5271","J640"
"J5271","J664"
"J5271","J910"
"J5271","J971"
"J5271","J990"
"J5309","J5316"
"J5309","J5379"
"J5309","J5428"
"J5309","J5456"
"J5309","J5475"
"J5309","J5476"
"J5309","J5477"
"J5309","J5489"
"J5309","J5503"
"J5309","J5519"
"J5309","J5559"
"J5309","J5566"
"J5309","J5568"
"J5309","J5582"
"J5309","J5583"
"J5309","J5595"
"J5309","J56"
"J5309","J5607"
"J5309","J5618"
"J5309","J5645"
"J5309","J5657A"
"J5309","J5658"
"J5309","J595"
"J5309","J5999"
"J5309","J6000"
"J5309","J6014"
"J5309","J6017"
"J5309","J6023"
"J5309","J6024"
"J5309","J6027"
"J5309","J640"
"J5309","J664"
"J5309","J910"
"J5309","J971"
"J5309","J990"
"J5316","J5379"
"J5316","J5428"
"J5316","J5456"
"J5316","J5475"
"J5316","J5476"
"J5316","J5477"
"J5316","J5489"
"J5316","J5503"
"J5316","J5519"
"J5316","J5559"
"J5316","J5566"
"J5316","J5568"
"J5316","J5582"
"J5316","J5583"
"J5316","J5595"
"J5316","J56"
"J5316","J5607"
"J5316","J5618"
"J5316","J5645"
"J5316","J5657A"
"J5316","J5658"
"J5316","J595"
"J5316","J5999"
"J5316","J6000"
"J5316","J6014"
"J5316","J6017"
"J5316","J6023"
"J5316","J6024"
"J5316","J6027"
"J5316","J640"
"J5316","J664"
"J5316","J910"
"J5316","J971"
"J5316","J990"
"J5379","J5428"
"J5379","J5456"
"J5379","J5475"
"J5379","J5476"
"J5379","J5477"
"J5379","J5489"
"J5379","J5503"
"J5379","J5519"
"J5379","J5559"
"J5379","J5566"
"J5379","J5568"
"J5379","J5582"
"J5379","J5583"
"J5379","J5595"
"J5379","J56"
"J5379","J5607"
"J5379","J5618"
"J5379","J5645"
"J5379","J5657A"
"J5379","J5658"
"J5379","J595"
"J5379","J5999"
"J5379","J6000"
"J5379","J6014"
"J5379","J6017"
"J5379","J6023"
"J5379","J6024"
"J5379","J6027"
"J5379","J640"
"J5379","J664"
"J5379","J910"
"J5379","J971"
"J5379","J990"
"J5428","J5456"
"J5428","J5475"
"J5428","J5476"
"J5428","J5477"
"J5428","J5489"
"J5428","J5503"
"J5428","J5519"
"J5428","J5559"
"J5428","J5566"
"J5428","J5568"
"J5428","J5582"
"J5428","J5583"
"J5428","J5595"
"J5428","J56"
"J5428","J5607"
"J5428","J5618"
"J5428","J5645"
"J5428","J5657A"
"J5428","J5658"
"J5428","J595"
"J5428","J5999"
"J5428","J6000"
"J5428","J6014"
"J5428","J6017"
"J5428","J6023"
"J5428","J6024"
"J5428","J6027"
"J5428","J640"
"J5428","J664"
"J5428","J910"
"J5428","J971"
"J5428","J990"
"J5456","J5475"
"J5456","J5476"
"J5456","J5477"
"J5456","J5489"
"J5456","J5503"
"J5456","J5519"
"J5456","J5559"
"J5456","J5566"
"J5456","J5568"
"J5456","J5582"
"J5456","J5583"
"J5456","J5595"
"J5456","J56"
"J5456","J5607"
"J5456","J5618"
"J5456","J5645"
"J5456","J5657A"
"J5456","J5658"
"J5456","J595"
"J5456","J5999"
"J5456","J6000"
"J5456","J6014"
"J5456","J6017"
"J5456","J6023"
"J5456","J6024"
"J5456","J6027"
"J5456","J640"
"J5456","J664"
"J5456","J910"
"J5456","J971"
"J5456","J990"
"J5475","J5476"
"J5475","J5477"
"J5475","J5489"
"J5475","J5503"
"J5475","J5519"
"J5475","J5559"
"J5475","J5566"
"J5475","J5568"
"J5475","J5582"
"J5475","J5583"
"J5475","J5595"
"J5475","J56"
"J5475","J5607"
"J5475","J5618"
"J5475","J5645"
"J5475","J5657A"
"J5475","J5658"
"J5475","J595"
"J5475","J5999"
"J5475","J6000"
"J5475","J6014"
"J5475","J6017"
"J5475","J6023"
"J5475","J6024"
"J5475","J6027"
"J5475","J640"
"J5475","J664"
"J5475","J910"
"J5475","J971"
"J5475","J990"
"J5476","J5477"
"J5476","J5489"
"J5476","J5503"
"J5476","J5519"
"J5476","J5559"
"J5476","J5566"
"J5476","J5568"
"J5476","J5582"
"J5476","J5583"
"J5476","J5595"
"J5476","J56"
"J5476","J5607"
"J5476","J5618"
"J5476","J5645"
"J5476","J5657A"
"J5476","J5658"
"J5476","J595"
"J5476","J5999"
"J5476","J6000"
"J5476","J6014"
"J5476","J6017"
"J5476","J6023"
"J5476","J6024"
"J5476","J6027"
"J5476","J640"
"J5476","J664"
"J5476","J910"
"J5476","J971"
"J5476","J990"
"J5477","J5489"
"J5477","J5503"
"J5477","J5519"
"J5477","J5559"
"J5477","J5566"
"J5477","J5568"
"J5477","J5582"
"J5477","J5583"
"J5477","J5595"
"J5477","J56"
"J5477","J5607"
"J5477","J5618"
"J5477","J5645"
"J5477","J5657A"
"J5477","J5658"
"J5477","J595"
"J5477","J5999"
"J5477","J6000"
"J5477","J6014"
"J5477","J6017"
"J5477","J6023"
"J5477","J6024"
"J5477","J6027"
"J5477","J640"
"J5477","J664"
"J5477","J910"
"J5477","J971"
"J5477","J990"
"J5489","J5503"
"J5489","J5519"
"J5489","J5559"
"J5489","J5566"
"J5489","J5568"
"J5489","J5582"
"J5489","J5583"
"J5489","J5595"
"J5489","J56"
"J5489","J5607"
"J5489","J5618"
"J5489","J5645"
"J5489","J5657A"
"J5489","J5658"
"J5489","J595"
"J5489","J5999"
"J5489","J6000"
"J5489","J6014"
"J5489","J6017"
"J5489","J6023"
"J5489","J6024"
"J5489","J6027"
"J5489","J640"
"J5489","J664"
"J5489","J910"
"J5489","J971"
"J5489","J990"
"J5503","J5519"
"J5503","J5559"
"J5503","J5566"
"J5503","J5568"
"J5503","J5582"
"J5503","J5583"
"J5503","J5595"
"J5503","J56"
"J5503","J5607"
"J5503","J5618"
"J5503","J5645"
"J5503","J5657A"
"J5503","J5658"
"J5503","J595"
"J5503","J5999"
"J5503","J6000"
"J5503","J6014"
"J5503","J6017"
"J5503","J6023"
"J5503","J6024"
"J5503","J6027"
"J5503","J640"
"J5503","J664"
"J5503","J910"
"J5503","J971"
"J5503","J990"
"J5519","J5559"
"J5519","J5566"
"J5519","J5568"
"J5519","J5582"
"J5519","J5583"
"J5519","J5595"
"J5519","J56"
"J5519","J5607"
"J5519","J5618"
"J5519","J5645"
"J5519","J5657A"
"J5519","J5658"
"J5519","J595"
"J5519","J5999"
"J5519","J6000"
"J5519","J6014"
"J5519","J6017"
"J5519","J6023"
"J5519","J6024"
"J5519","J6027"
"J5519","J640"
"J5519","J664"
"J5519","J910"
"J5519","J971"
"J5519","J990"
"J5559","J5566"
"J5559","J5568"
"J5559","J5582"
"J5559","J5583"
"J5559","J5595"
"J5559","J56"
"J5559","J5607"
"J5559","J5618"
"J5559","J5645"
"J5559","J5657A"
"J5559","J5658"
"J5559","J595"
"J5559","J5999"
"J5559","J6000"
"J5559","J6014"
"J5559","J6017"
"J5559","J6023"
"J5559","J6024"
"J5559","J6027"
"J5559","J640"
"J5559","J664"
"J5559","J910"
"J5559","J971"
"J5559","J990"
"J5566","J5568"
"J5566","J5582"
"J5566","J5583"
"J5566","J5595"
"J5566","J56"
"J5566","J5607"
"J5566","J5618"
"J5566","J5645"
"J5566","J5657A"
"J5566","J5658"
"J5566","J595"
"J5566","J5999"
"J5566","J6000"
"J5566","J6014"
"J5566","J6017"
"J5566","J6023"
"J5566","J6024"
"J5566","J6027"
"J5566","J640"
"J5566","J664"
"J5566","J910"
"J5566","J971"
"J5566","J990"
"J5568","J5582"
"J5568","J5583"
"J5568","J5595"
"J5568","J56"
"J5568","J5607"
"J5568","J5618"
"J5568","J5645"
"J5568","J5657A"
"J5568","J5658"
"J5568","J595"
"J5568","J5999"
"J5568","J6000"
"J5568","J6014"
"J5568","J6017"
"J5568","J6023"
"J5568","J6024"
"J5568","J6027"
"J5568","J640"
"J5568","J664"
"J5568","J910"
"J5568","J971"
"J5568","J990"
"J5582","J5583"
"J5582","J5595"
"J5582","J56"
"J5582","J5607"
"J5582","J5618"
"J5582","J5645"
"J5582","J5657A"
"J5582","J5658"
"J5582","J595"
"J5582","J5999"
"J5582","J6000"
"J5582","J6014"
"J5582","J6017"
"J5582","J6023"
"J5582","J6024"
"J5582","J6027"
"J5582","J640"
"J5582","J664"
"J5582","J910"
"J5582","J971"
"J5582","J990"
"J5583","J5595"
"J5583","J56"
"J5583","J5607"
"J5583","J5618"
"J5583","J5645"
"J5583","J5657A"
"J5583","J5658"
"J5583","J595"
"J5583","J5999"
"J5583","J6000"
"J5583","J6014"
"J5583","J6017"
"J5583","J6023"
"J5583","J6024"
"J5583","J6027"
"J5583","J640"
"J5583","J664"
"J5583","J910"
"J5583","J971"
"J5583","J990"
"J5595","J56"
"J5595","J5607"
"J5595","J5618"
"J5595","J5645"
"J5595","J5657A"
"J5595","J5658"
"J5595","J595"
"J5595","J5999"
"J5595","J6000"
"J5595","J6014"
"J5595","J6017"
"J5595","J6023"
"J5595","J6024"
"J5595","J6027"
"J5595","J640"
"J5595","J664"
"J5595","J910"
"J5595","J971"
"J5595","J990"
"J56","J5607"
"J56","J5618"
"J56","J5645"
"J56","J5657A"
"J56","J5658"
"J56","J595"
"J56","J5999"
"J56","J6000"
"J56","J6014"
"J56","J6017"
"J56","J6023"
"J56","J6024"
"J56","J6027"
"J56","J640"
"J56","J664"
"J56","J910"
"J56","J971"
"J56","J990"
"J5607","J5618"
"J5607","J5645"
"J5607","J5657A"
"J5607","J5658"
"J5607","J595"
"J5607","J5999"
"J5607","J6000"
"J5607","J6014"
"J5607","J6017"
"J5607","J6023"
"J5607","J6024"
"J5607","J6027"
"J5607","J640"
"J5607","J664"
"J5607","J910"
"J5607","J971"
"J5607","J990"
"J5618","J5645"
"J5618","J5657A"
"J5618","J5658"
"J5618","J595"
"J5618","J5999"
"J5618","J6000"
"J5618","J6014"
"J5618","J6017"
"J5618","J6023"
"J5618","J6024"
"J5618","J6027"
"J5618","J640"
"J5618","J664"
"J5618","J910"
"J5618","J971"
"J5618","J990"
"J5645","J5657A"
"J5645","J5658"
"J5645","J595"
"J5645","J5999"
"J5645","J6000"
"J5645","J6014"
"J5645","J6017"
"J5645","J6023"
"J5645","J6024"
"J5645","J6027"
"J5645","J640"
"J5645","J664"
"J5645","J910"
"J5645","J971"
"J5645","J990"
"J5657A","J5658"
"J5657A","J595"
"J5657A","J5999"
"J5657A","J6000"
"J5657A","J6014"
"J5657A","J6017"
"J5657A","J6023"
"J5657A","J6024"
"J5657A","J6027"
"J5657A","J640"
"J5657A","J664"
"J5657A","J910"
"J5657A","J971"
"J5657A","J990"
"J5658","J595"
"J5658","J5999"
"J5658","J6000"
"J5658","J6014"
"J5658","J6017"
"J5658","J6023"
"J5658","J6024"
"J5658","J6027"
"J5658","J640"
"J5658","J664"
"J5658","J910"
"J5658","J971"
"J5658","J990"
"J595","J5999"
"J595","J6000"
"J595","J6014"
"J595","J6017"
"J595","J6023"
"J595","J6024"
"J595","J6027"
"J595","J640"
"J595","J664"
"J595","J910"
"J595","J971"
"J595","J990"
"J5999","J6000"
"J5999","J6014"
"J5999","J6017"
"J5999","J6023"
"J5999","J6024"
"J5999","J6027"
"J5999","J640"
"J5999","J664"
"J5999","J910"
"J5999","J971"
"J5999","J990"
"J6000","J6014"
"J6000","J6017"
"J6000","J6023"
"J6000","J6024"
"J6000","J6027"
"J6000","J640"
"J6000","J664"
"J6000","J910"
"J6000","J971"
"J6000","J990"
"J6014","J6017"
"J6014","J6023"
"J6014","J6024"
"J6014","J6027"
"J6014","J640"
"J6014","J664"
"J6014","J910"
"J6014","J971"
"J6014","J990"
"J6017","J6023"
"J6017","J6024"
"J6017","J6027"
"J6017","J640"
"J6017","J664"
"J6017","J910"
"J6017","J971"
"J6017","J990"
"J6023","J6024"
"J6023","J6027"
"J6023","J640"
"J6023","J664"
"J6023","J910"
"J6023","J971"
"J6023","J990"
"J6024","J6027"
"J6024","J640"
"J6024","J664"
"J6024","J910"
"J6024","J971"
"J6024","J990"
"J6027","J640"
"J6027","J664"
"J6027","J910"
"J6027","J971"
"J6027","J990"
"J640","J664"
"J640","J910"
"J640","J971"
"J640","J990"
"J664","J910"
"J664","J971"
"J664","J990"
"J910","J971"
"J910","J990"
"J971","J990"
