"JID","start","end","tag","event","feeder_patch","interval","visit_duration","site","position","day","study_day","time","hour","time_tada","time_tada_total","OA","am_number","patch_deployed","patch_removed","patch_last_read","patch_interval","patch_active","interval_tada","JID_patch","degree_z","strength_z","eigenvector_z","betweenness_z","closeness_z","social_diff_z","age_z","sex","body_cond_z","tarsus_z","visit_number_z","feeder_number_binary","inter_sites","time_tada_hr","OA_log","transitivity_z","sex_cat","visit_number"
"J5121",2024-05-22 07:50:06,2024-05-22 07:50:20,"01148AA2E5",468,"YYP1",2024-05-22 07:50:06 BST--2024-05-22 07:50:20 BST,14.6579999923706s,"YY","YYP1",143,0,28206.1340000629,7,10266,10266,1,126,2024-05-22 04:59:00,2024-05-27 17:14:00,2024-05-25 19:58:00,2024-05-22 04:59:00 UTC--2024-05-25 19:58:00 UTC,313140s (~3.62 days),2024-05-22 04:59:00 UTC--2024-05-22 07:50:06 UTC,"J5121_YYP1",0.0623280990859271,0.388733321052088,-0.403330335756419,-0.274084398755763,-0.141457536366783,-0.625057975903559,-1.12943611145949,0.5,-1.42492709357943,-0.36768461367576,-0.296289029642172,2,"2",2.85166666666667,0,0.659160818288574,"unsexed",23
"J3753",2024-05-22 08:00:08,2024-05-22 08:00:08,"01148B2E81",550,"YYP1",2024-05-22 08:00:08 BST--2024-05-22 08:00:08 BST,0s,"YY","YYP1",143,0,28808.3299999237,8,10868,10868,2,60,2024-05-22 04:59:00,2024-05-27 17:14:00,2024-05-25 19:58:00,2024-05-22 04:59:00 UTC--2024-05-25 19:58:00 UTC,313140s (~3.62 days),2024-05-22 04:59:00 UTC--2024-05-22 08:00:08 UTC,"J3753_YYP1",-0.643352751581858,-0.423693737720646,-0.728890744754706,-0.114158038171102,0.735951149841987,0.555889742359925,-0.27338846873452,1,-0.0281640522970164,0.0210210695626407,-0.493765778757632,2,"1",3.01888888888889,0.693147180559945,1.0858046182882,"male",7
"J4962",2024-05-22 08:17:20,2024-05-22 08:17:46,"01148A5BA3",594,"YYP1",2024-05-22 08:17:20 BST--2024-05-22 08:17:46 BST,26.2109999656677s,"YY","YYP1",143,0,29840.1619999409,8,11900,11900,3,107,2024-05-22 04:59:00,2024-05-27 17:14:00,2024-05-25 19:58:00,2024-05-22 04:59:00 UTC--2024-05-25 19:58:00 UTC,313140s (~3.62 days),2024-05-22 04:59:00 UTC--2024-05-22 08:17:20 UTC,"J4962_YYP1",-0.937386439360102,-1.0843016844055,-0.738339322486701,-0.309190185225567,0.624781151319673,1.78563734849929,-0.27338846873452,0,-1.46237383517706,0.318266592039065,-0.56781955967593,1,"1",3.30555555555556,1.09861228866811,1.0858046182882,"female",1
"J5012",2024-05-22 12:35:35,2024-05-22 12:36:58,"01148B0159",1157,"YYP1",2024-05-22 12:35:35 BST--2024-05-22 12:36:58 BST,83.5439999103546s (~1.39 minutes),"YY","YYP1",143,0,45335.4200000763,12,27395,27395,4,114,2024-05-22 04:59:00,2024-05-27 17:14:00,2024-05-25 19:58:00,2024-05-22 04:59:00 UTC--2024-05-25 19:58:00 UTC,313140s (~3.62 days),2024-05-22 04:59:00 UTC--2024-05-22 12:35:35 UTC,"J5012_YYP1",-0.172898851136668,-0.134037780027955,-0.343694502216984,-0.258481826991406,0.880797379511152,-0.445648077342222,-0.844086897217831,1,1.35515261693847,0.935622677182403,-0.33331592010132,2,"2",7.60972222222222,1.38629436111989,0.488503298288725,"male",20
"J4304",2024-05-23 08:55:20,2024-05-23 08:55:45,"01148B0AF9",2591,"YYP1",2024-05-23 08:55:20 BST--2024-05-23 08:55:45 BST,25.4559998512268s,"YY","YYP1",144,1,32120.2690000534,8,100580,100580,5,81,2024-05-22 04:59:00,2024-05-27 17:14:00,2024-05-25 19:58:00,2024-05-22 04:59:00 UTC--2024-05-25 19:58:00 UTC,313140s (~3.62 days),2024-05-22 04:59:00 UTC--2024-05-23 08:55:20 UTC,"J4304_YYP1",0.650395474642415,0.376884454133876,0.130763556240176,0.453385509757392,1.15270933594653,-0.4989791924083,-0.558737682976176,1,1.67466731974558,0.112481230324616,0.394879592261941,2,"2",27.9388888888889,1.6094379124341,0.943590018288322,"male",79
"J4776",2024-05-23 13:51:10,2024-05-23 13:51:10,"01148ACC7E",3270,"YYP1",2024-05-23 13:51:10 BST--2024-05-23 13:51:10 BST,0s,"YY","YYP1",144,1,49870.6510000229,13,118330,118330,6,101,2024-05-22 04:59:00,2024-05-27 17:14:00,2024-05-25 19:58:00,2024-05-22 04:59:00 UTC--2024-05-25 19:58:00 UTC,313140s (~3.62 days),2024-05-22 04:59:00 UTC--2024-05-23 13:51:10 UTC,"J4776_YYP1",-0.819772964248804,-0.943089053015728,-0.708778940371568,-0.309190185225567,0.635209950809823,0.821701237165776,-0.844086897217831,1,-0.968811010992544,-0.779255337104653,-0.543134966036497,1,"1",32.8694444444444,1.79175946922805,1.0858046182882,"male",3
"J2961",2024-05-24 10:48:28,2024-05-24 10:48:34,"01148A491C",4318,"YYP1",2024-05-24 10:48:28 BST--2024-05-24 10:48:34 BST,5.69000005722046s,"YY","YYP1",145,2,38908.5039999485,10,193768,193768,7,44,2024-05-22 04:59:00,2024-05-27 17:14:00,2024-05-25 19:58:00,2024-05-22 04:59:00 UTC--2024-05-25 19:58:00 UTC,313140s (~3.62 days),2024-05-22 04:59:00 UTC--2024-05-24 10:48:28 UTC,"J2961_YYP1",1.29726958775455,1.04607984012236,-0.671001842390567,5.94744109228167,1.86707385115777,-0.640318963579908,0.868008388232102,1,0.112351512176021,2.29380606449775,8.49142630599583,2,"1",53.8244444444444,1.94591014905531,-1.15637264447905,"male",735
"J4151",2024-05-24 12:25:10,2024-05-24 12:25:10,"01130E02C1",4399,"YYP1",2024-05-24 12:25:10 BST--2024-05-24 12:25:10 BST,0s,"YY","YYP1",145,2,44710.0759999752,12,199570,199570,8,75,2024-05-22 04:59:00,2024-05-27 17:14:00,2024-05-25 19:58:00,2024-05-22 04:59:00 UTC--2024-05-25 19:58:00 UTC,313140s (~3.62 days),2024-05-22 04:59:00 UTC--2024-05-24 12:25:10 UTC,"J4151_YYP1",0.0623280990859271,0.619106966061867,-0.177726731126143,-0.309190185225567,-0.438443040033537,-0.440562571684779,-0.558737682976176,0,0.497133471814509,-0.802120377295146,0.111006765408466,2,"2",55.4361111111111,2.07944154167984,-0.706099341710217,"female",56
"J5089",2024-05-25 12:05:26,2024-05-25 12:05:26,"01148B4655",7033,"YYP1",2024-05-25 12:05:26 BST--2024-05-25 12:05:26 BST,0s,"YY","YYP1",146,3,43526.9560000896,12,284786,284786,9,122,2024-05-22 04:59:00,2024-05-27 17:14:00,2024-05-25 19:58:00,2024-05-22 04:59:00 UTC--2024-05-25 19:58:00 UTC,313140s (~3.62 days),2024-05-22 04:59:00 UTC--2024-05-25 12:05:26 UTC,"J5089_YYP1",0.532781999531117,0.518115679990625,-0.675887413760621,-0.307239863755022,0.659027203019394,-0.834402294075905,-0.558737682976176,0,-0.479698964486924,-0.367684613675755,1.55505549331527,2,"1",79.1072222222222,2.19722457733622,-0.336341381710544,"female",173
"J2941",2024-05-25 18:07:28,2024-05-25 18:07:46,"01148AE1C2",9235,"YYP1",2024-05-25 18:07:28 BST--2024-05-25 18:07:46 BST,18.6159999370575s,"YY","YYP1",146,3,65248.0499999523,18,306508,306508,10,41,2024-05-22 04:59:00,2024-05-27 17:14:00,2024-05-25 19:58:00,2024-05-22 04:59:00 UTC--2024-05-25 19:58:00 UTC,313140s (~3.62 days),2024-05-22 04:59:00 UTC--2024-05-25 18:07:28 UTC,"J2941_YYP1",0.768008949753712,0.544421655548028,-0.673458882059664,0.866853661512858,1.12384182490768,-0.880493859241697,0.868008388232102,1,0.920050490348887,1.333474376497,2.60415072299116,2,"1",85.1411111111111,2.30258509299405,-1.50250110170951,"male",258
"J1318",2024-05-28 09:12:24,2024-05-28 09:12:24,"010C10A624",9766,"YYP2",2024-05-28 09:12:24 BST--2024-05-28 09:12:24 BST,0s,"YY","YYP2",149,6,33144.1180000305,9,9084,533604,1,9,2024-05-28 06:41:00,2024-06-02 06:35:00,2024-06-02 06:35:00,2024-05-28 06:41:00 UTC--2024-06-02 06:35:00 UTC,431640s (~5 days),2024-05-28 06:41:00 UTC--2024-05-28 09:12:24 UTC,"J1318_YYP2",-0.643352751581858,-0.682980901984732,-0.710698999462495,-0.309190185225567,0.730396557023459,0.165096762409503,1.72405603095707,0,-1.76655026994966,-0.17904803210418,-0.530792669216781,2,"1",2.52333333333333,0,1.0858046182882,"female",4
"J5012",2024-05-28 12:24:15,2024-05-28 12:24:17,"01148B0159",9795,"YYP2",2024-05-28 12:24:15 BST--2024-05-28 12:24:17 BST,1.61099982261658s,"YY","YYP2",149,6,44655.5550000668,12,20595,545115,2,114,2024-05-28 06:41:00,2024-06-02 06:35:00,2024-06-02 06:35:00,2024-05-28 06:41:00 UTC--2024-06-02 06:35:00 UTC,431640s (~5 days),2024-05-28 06:41:00 UTC--2024-05-28 12:24:15 UTC,"J5012_YYP2",-0.172898851136668,-0.134037780027955,-0.343694502216984,-0.258481826991406,0.880797379511152,-0.445648077342222,-0.844086897217831,1,1.35515261693847,0.935622677182403,-0.33331592010132,2,"2",5.72083333333333,0.693147180559945,0.488503298288725,"male",20
"J5089",2024-05-28 12:40:45,2024-05-28 12:40:45,"01148B4655",9832,"YYP2",2024-05-28 12:40:45 BST--2024-05-28 12:40:45 BST,0s,"YY","YYP2",149,6,45645.8239998817,12,21585,546105,3,122,2024-05-28 06:41:00,2024-06-02 06:35:00,2024-06-02 06:35:00,2024-05-28 06:41:00 UTC--2024-06-02 06:35:00 UTC,431640s (~5 days),2024-05-28 06:41:00 UTC--2024-05-28 12:40:45 UTC,"J5089_YYP2",0.532781999531117,0.518115679990625,-0.675887413760621,-0.307239863755022,0.659027203019394,-0.834402294075905,-0.558737682976176,0,-0.479698964486924,-0.367684613675755,1.55505549331527,2,"1",5.99583333333333,1.09861228866811,-0.336341381710544,"female",173
"J2941",2024-05-28 12:41:01,2024-05-28 12:41:03,"01148AE1C2",9834,"YYP2",2024-05-28 12:41:01 BST--2024-05-28 12:41:03 BST,2.05000019073486s,"YY","YYP2",149,6,45661.9419999123,12,21601,546121,4,41,2024-05-28 06:41:00,2024-06-02 06:35:00,2024-06-02 06:35:00,2024-05-28 06:41:00 UTC--2024-06-02 06:35:00 UTC,431640s (~5 days),2024-05-28 06:41:00 UTC--2024-05-28 12:41:01 UTC,"J2941_YYP2",0.768008949753712,0.544421655548028,-0.673458882059664,0.866853661512858,1.12384182490768,-0.880493859241697,0.868008388232102,1,0.920050490348887,1.333474376497,2.60415072299116,2,"1",6.00027777777778,1.38629436111989,-1.50250110170951,"male",258
"J4986",2024-05-28 13:07:34,2024-05-28 13:07:35,"01148A5313",9877,"YYP2",2024-05-28 13:07:34 BST--2024-05-28 13:07:35 BST,1.07500004768372s,"YY","YYP2",149,6,47254.4709999561,13,23194,547714,5,112,2024-05-28 06:41:00,2024-06-02 06:35:00,2024-06-02 06:35:00,2024-05-28 06:41:00 UTC--2024-06-02 06:35:00 UTC,431640s (~5 days),2024-05-28 06:41:00 UTC--2024-05-28 13:07:34 UTC,"J4986_YYP2",-0.408125801359263,-0.285837468641868,-0.724863025641232,-0.309190185225567,-0.729637832023396,-0.412065773906446,-0.558737682976176,1,0.223560865695271,0.901325116896659,-0.0864699837069945,2,"1",6.44277777777778,1.6094379124341,-0.108798021710746,"male",40
"J4569",2024-05-28 13:59:36,2024-05-28 13:59:45,"01148B283C",9936,"YYP2",2024-05-28 13:59:36 BST--2024-05-28 13:59:45 BST,9.56800007820129s,"YY","YYP2",149,6,50376.3680000305,13,26316,550836,6,89,2024-05-28 06:41:00,2024-06-02 06:35:00,2024-06-02 06:35:00,2024-05-28 06:41:00 UTC--2024-06-02 06:35:00 UTC,431640s (~5 days),2024-05-28 06:41:00 UTC--2024-05-28 13:59:36 UTC,"J4569_YYP2",-0.643352751581858,-0.236598355965443,-0.723275777149669,-0.309190185225567,-0.754218223000663,0.298737206920959,-0.558737682976176,1,1.22157400441994,-0.916445578247614,-0.543134966036497,2,"1",7.31,1.79175946922805,1.0858046182882,"male",3
"J4770",2024-05-28 16:52:16,2024-05-28 16:52:20,"01148A6D40",10150,"YYP2",2024-05-28 16:52:16 BST--2024-05-28 16:52:20 BST,4.22399997711182s,"YY","YYP2",149,6,60736.3350000381,16,36676,561196,7,100,2024-05-28 06:41:00,2024-06-02 06:35:00,2024-06-02 06:35:00,2024-05-28 06:41:00 UTC--2024-06-02 06:35:00 UTC,431640s (~5 days),2024-05-28 06:41:00 UTC--2024-05-28 16:52:16 UTC,"J4770_YYP2",-0.172898851136668,-0.0459454049286855,-0.660221203039681,-0.0985554664067444,-0.22842247385379,-0.405718113556799,-0.844086897217831,0,-0.566240962751765,-0.436279734247238,0.0616375781296011,2,"1",10.1877777777778,1.94591014905531,-0.90519978171004,"female",52
"J4304",2024-05-28 17:33:15,2024-05-28 17:33:15,"01148B0AF9",10293,"YYP2",2024-05-28 17:33:15 BST--2024-05-28 17:33:15 BST,0s,"YY","YYP2",149,6,63195.3489999771,17,39135,563655,8,81,2024-05-28 06:41:00,2024-06-02 06:35:00,2024-06-02 06:35:00,2024-05-28 06:41:00 UTC--2024-06-02 06:35:00 UTC,431640s (~5 days),2024-05-28 06:41:00 UTC--2024-05-28 17:33:15 UTC,"J4304_YYP2",0.650395474642415,0.376884454133876,0.130763556240176,0.453385509757392,1.15270933594653,-0.4989791924083,-0.558737682976176,1,1.67466731974558,0.112481230324616,0.394879592261941,2,"2",10.8708333333333,2.07944154167984,0.943590018288322,"male",79
"J1618",2024-05-28 19:01:01,2024-05-28 19:01:01,"010C10C3A9",10366,"YYP2",2024-05-28 19:01:01 BST--2024-05-28 19:01:01 BST,0s,"YY","YYP2",149,6,68461.882999897,19,44401,568921,9,19,2024-05-28 06:41:00,2024-06-02 06:35:00,2024-06-02 06:35:00,2024-05-28 06:41:00 UTC--2024-06-02 06:35:00 UTC,431640s (~5 days),2024-05-28 06:41:00 UTC--2024-05-28 19:01:01 UTC,"J1618_YYP2",-0.937386439360102,-0.889259576382931,-0.709734527358231,-0.309190185225567,-2.71298620017221,1.42286867583097,0.868008388232102,0,-0.746298264943801,0.0267373296102638,-0.56781955967593,1,"1",12.3336111111111,2.19722457733622,-1.90070198170916,"female",1
"J2263",2024-05-30 06:53:39,2024-05-30 06:53:39,"01148ADBFA",10595,"YYP2",2024-05-30 06:53:39 BST--2024-05-30 06:53:39 BST,0s,"YY","YYP2",151,8,24819.1150000095,6,173559,698079,10,30,2024-05-28 06:41:00,2024-06-02 06:35:00,2024-06-02 06:35:00,2024-05-28 06:41:00 UTC--2024-06-02 06:35:00 UTC,431640s (~5 days),2024-05-28 06:41:00 UTC--2024-05-30 06:53:39 UTC,"J2263_YYP2",0.768008949753712,0.409539872428717,-0.69817006442218,1.5065591038515,0.641656112032394,-0.612452147241485,0.582659173990447,1,0.663280516389677,-1.00790573900959,1.98703588200534,2,"1",48.2108333333333,2.30258509299405,-0.863283899604815,"male",208
"J5498",2024-05-31 07:35:12,2024-05-31 07:35:54,"01148B4318",10744,"YYP2",2024-05-31 07:35:12 BST--2024-05-31 07:35:54 BST,42.0720000267029s,"YY","YYP2",152,9,27312.1779999733,7,262452,786972,11,145,2024-05-28 06:41:00,2024-06-02 06:35:00,2024-06-02 06:35:00,2024-05-28 06:41:00 UTC--2024-06-02 06:35:00 UTC,431640s (~5 days),2024-05-28 06:41:00 UTC--2024-05-31 07:35:12 UTC,"J5498_YYP2",-0.819772964248804,-1.04048377226055,-0.580111207091029,-0.309190185225567,-0.225080256569475,0.322783290823729,-1.12943611145949,0.5,-0.714860704160806,-0.504874854818721,-0.555477262856214,1,"1",72.9033333333333,2.39789527279837,1.0858046182882,"unsexed",2
"J5121",2024-05-31 16:56:07,2024-05-31 16:58:12,"01148AA2E5",10827,"YYP2",2024-05-31 16:56:07 BST--2024-05-31 16:58:12 BST,124.306999921799s (~2.07 minutes),"YY","YYP2",152,9,60967.8350000381,16,296107,820627,12,126,2024-05-28 06:41:00,2024-06-02 06:35:00,2024-06-02 06:35:00,2024-05-28 06:41:00 UTC--2024-06-02 06:35:00 UTC,431640s (~5 days),2024-05-28 06:41:00 UTC--2024-05-31 16:56:07 UTC,"J5121_YYP2",0.0623280990859271,0.388733321052088,-0.403330335756419,-0.274084398755763,-0.141457536366783,-0.625057975903559,-1.12943611145949,0.5,-1.42492709357943,-0.36768461367576,-0.296289029642172,2,"2",82.2519444444444,2.484906649788,0.659160818288574,"unsexed",23
"J3987",2024-06-01 08:04:49,2024-06-01 08:07:53,"01148B38C6",10954,"YYP2",2024-06-01 08:04:49 BST--2024-06-01 08:07:53 BST,184.427000045776s (~3.07 minutes),"YY","YYP2",153,10,29089.3589999676,8,350629,875149,13,69,2024-05-28 06:41:00,2024-06-02 06:35:00,2024-06-02 06:35:00,2024-05-28 06:41:00 UTC--2024-06-02 06:35:00 UTC,431640s (~5 days),2024-05-28 06:41:00 UTC--2024-06-01 08:04:49 UTC,"J3987_YYP2",0.121134836641576,0.109097934238591,-0.67808908411298,-0.309190185225567,-1.06848424769167,-0.798631684758847,0.297309959748791,0,-0.0502725258601264,-0.279490887226708,0.148033655867615,2,"1",97.3969444444444,2.56494935746154,-0.254294497095233,"female",59
"J4151",2024-06-01 16:15:38,2024-06-01 16:15:40,"01130E02C1",11206,"YYP2",2024-06-01 16:15:38 BST--2024-06-01 16:15:40 BST,2.41600012779236s,"YY","YYP2",153,10,58538.0179998875,16,380078,904598,14,75,2024-05-28 06:41:00,2024-06-02 06:35:00,2024-06-02 06:35:00,2024-05-28 06:41:00 UTC--2024-06-02 06:35:00 UTC,431640s (~5 days),2024-05-28 06:41:00 UTC--2024-06-01 16:15:38 UTC,"J4151_YYP2",0.0623280990859271,0.619106966061867,-0.177726731126143,-0.309190185225567,-0.438443040033537,-0.440562571684779,-0.558737682976176,0,0.497133471814509,-0.802120377295146,0.111006765408466,2,"2",105.577222222222,2.63905732961526,-0.706099341710217,"female",56
"J5121",2024-06-02 07:58:41,2024-06-02 07:58:41,"01148AA2E5",11559,"YYP3",2024-06-02 07:58:41 BST--2024-06-02 07:58:41 BST,0s,"YY","YYP3",154,11,28721.8080000877,7,3041,961181,1,126,2024-06-02 07:08:00,2024-06-06 18:02:00,2024-06-06 18:02:00,2024-06-02 07:08:00 UTC--2024-06-06 18:02:00 UTC,384840s (~4.45 days),2024-06-02 07:08:00 UTC--2024-06-02 07:58:41 UTC,"J5121_YYP3",0.0623280990859271,0.388733321052088,-0.403330335756419,-0.274084398755763,-0.141457536366783,-0.625057975903559,-1.12943611145949,0.5,-1.42492709357943,-0.36768461367576,-0.296289029642172,2,"2",0.844722222222222,0,0.659160818288574,"unsexed",23
"J4962",2024-06-02 08:06:03,2024-06-02 08:08:53,"01148A5BA3",11582,"YYP3",2024-06-02 08:06:03 BST--2024-06-02 08:08:53 BST,170.047999858856s (~2.83 minutes),"YY","YYP3",154,11,29163.8680000305,8,3483,961623,2,107,2024-06-02 07:08:00,2024-06-06 18:02:00,2024-06-06 18:02:00,2024-06-02 07:08:00 UTC--2024-06-06 18:02:00 UTC,384840s (~4.45 days),2024-06-02 07:08:00 UTC--2024-06-02 08:06:03 UTC,"J4962_YYP3",-0.937386439360102,-1.0843016844055,-0.738339322486701,-0.309190185225567,0.624781151319673,1.78563734849929,-0.27338846873452,0,-1.46237383517706,0.318266592039065,-0.56781955967593,1,"1",0.9675,0.693147180559945,1.0858046182882,"female",1
"J4304",2024-06-02 14:53:36,2024-06-02 14:53:46,"01148B0AF9",11772,"YYP3",2024-06-02 14:53:36 BST--2024-06-02 14:53:46 BST,9.72699999809265s,"YY","YYP3",154,11,53616.2769999504,14,27936,986076,3,81,2024-06-02 07:08:00,2024-06-06 18:02:00,2024-06-06 18:02:00,2024-06-02 07:08:00 UTC--2024-06-06 18:02:00 UTC,384840s (~4.45 days),2024-06-02 07:08:00 UTC--2024-06-02 14:53:36 UTC,"J4304_YYP3",0.650395474642415,0.376884454133876,0.130763556240176,0.453385509757392,1.15270933594653,-0.4989791924083,-0.558737682976176,1,1.67466731974558,0.112481230324616,0.394879592261941,2,"2",7.76,1.09861228866811,0.943590018288322,"male",79
"J4151",2024-06-02 19:40:41,2024-06-02 19:40:46,"01130E02C1",12080,"YYP3",2024-06-02 19:40:41 BST--2024-06-02 19:40:46 BST,4.4449999332428s,"YY","YYP3",154,11,70841.7109999657,19,45161,1003301,4,75,2024-06-02 07:08:00,2024-06-06 18:02:00,2024-06-06 18:02:00,2024-06-02 07:08:00 UTC--2024-06-06 18:02:00 UTC,384840s (~4.45 days),2024-06-02 07:08:00 UTC--2024-06-02 19:40:41 UTC,"J4151_YYP3",0.0623280990859271,0.619106966061867,-0.177726731126143,-0.309190185225567,-0.438443040033537,-0.440562571684779,-0.558737682976176,0,0.497133471814509,-0.802120377295146,0.111006765408466,2,"2",12.5447222222222,1.38629436111989,-0.706099341710217,"female",56
"J1529",2024-06-03 15:26:48,2024-06-03 15:26:57,"01148B3AAB",12299,"YYP3",2024-06-03 15:26:48 BST--2024-06-03 15:26:57 BST,8.98599982261658s,"YY","YYP3",155,12,55608.8410000801,15,116328,1074468,5,17,2024-06-02 07:08:00,2024-06-06 18:02:00,2024-06-06 18:02:00,2024-06-02 07:08:00 UTC--2024-06-06 18:02:00 UTC,384840s (~4.45 days),2024-06-02 07:08:00 UTC--2024-06-03 15:26:48 UTC,"J1529_YYP3",-0.99619317691575,-1.14274326714272,-0.739728198840774,-0.309190185225567,0.618313518244181,2.3145097708275,1.15335760247376,1,1.16643321323025,0.0438861097531334,-0.56781955967593,1,"1",32.3133333333333,1.6094379124341,-1.90070198170916,"male",1
"J5089",2024-06-04 06:39:50,2024-06-04 06:41:30,"01148B4655",12885,"YYP3",2024-06-04 06:39:50 BST--2024-06-04 06:41:30 BST,100.237999916077s (~1.67 minutes),"YY","YYP3",156,13,23990.1940000057,6,171110,1129250,6,122,2024-06-02 07:08:00,2024-06-06 18:02:00,2024-06-06 18:02:00,2024-06-02 07:08:00 UTC--2024-06-06 18:02:00 UTC,384840s (~4.45 days),2024-06-02 07:08:00 UTC--2024-06-04 06:39:50 UTC,"J5089_YYP3",0.532781999531117,0.518115679990625,-0.675887413760621,-0.307239863755022,0.659027203019394,-0.834402294075905,-0.558737682976176,0,-0.479698964486924,-0.367684613675755,1.55505549331527,2,"1",47.5305555555556,1.79175946922805,-0.336341381710544,"female",173
"J3987",2024-06-04 08:10:56,2024-06-04 08:11:02,"01148B38C6",13712,"YYP3",2024-06-04 08:10:56 BST--2024-06-04 08:11:02 BST,5.66700005531311s,"YY","YYP3",156,13,29456.8169999123,8,176576,1134716,7,69,2024-06-02 07:08:00,2024-06-06 18:02:00,2024-06-06 18:02:00,2024-06-02 07:08:00 UTC--2024-06-06 18:02:00 UTC,384840s (~4.45 days),2024-06-02 07:08:00 UTC--2024-06-04 08:10:56 UTC,"J3987_YYP3",0.121134836641576,0.109097934238591,-0.67808908411298,-0.309190185225567,-1.06848424769167,-0.798631684758847,0.297309959748791,0,-0.0502725258601264,-0.279490887226708,0.148033655867615,2,"1",49.0488888888889,1.94591014905531,-0.254294497095233,"female",59
"J2128",2024-06-04 08:52:51,2024-06-04 08:53:06,"01148B2C6A",13904,"YYP3",2024-06-04 08:52:51 BST--2024-06-04 08:53:06 BST,15.4170000553131s,"YY","YYP3",156,13,31971.3380000591,8,179091,1137231,8,28,2024-06-02 07:08:00,2024-06-06 18:02:00,2024-06-06 18:02:00,2024-06-02 07:08:00 UTC--2024-06-06 18:02:00 UTC,384840s (~4.45 days),2024-06-02 07:08:00 UTC--2024-06-04 08:52:51 UTC,"J2128_YYP3",0.121134836641576,0.0392477780350627,-0.716287147833228,0.0516192868251937,-0.422217919404806,-0.551273299721085,0.582659173990447,0,0.48670986702882,-1.14509598015256,1.3452364473801,2,"1",49.7475,2.07944154167984,-0.660690469429555,"female",156
"J5012",2024-06-04 11:41:58,2024-06-04 11:43:55,"01148B0159",14587,"YYP3",2024-06-04 11:41:58 BST--2024-06-04 11:43:55 BST,117.071000099182s (~1.95 minutes),"YY","YYP3",156,13,42118.2730000019,11,189238,1147378,9,114,2024-06-02 07:08:00,2024-06-06 18:02:00,2024-06-06 18:02:00,2024-06-02 07:08:00 UTC--2024-06-06 18:02:00 UTC,384840s (~4.45 days),2024-06-02 07:08:00 UTC--2024-06-04 11:41:58 UTC,"J5012_YYP3",-0.172898851136668,-0.134037780027955,-0.343694502216984,-0.258481826991406,0.880797379511152,-0.445648077342222,-0.844086897217831,1,1.35515261693847,0.935622677182403,-0.33331592010132,2,"2",52.5661111111111,2.19722457733622,0.488503298288725,"male",20
"J2124",2024-06-05 07:55:03,2024-06-05 07:55:05,"01130E01F2",16992,"YYP3",2024-06-05 07:55:03 BST--2024-06-05 07:55:05 BST,2.34500002861023s,"YY","YYP3",157,14,28503.1930000782,7,262023,1220163,10,27,2024-06-02 07:08:00,2024-06-06 18:02:00,2024-06-06 18:02:00,2024-06-02 07:08:00 UTC--2024-06-06 18:02:00 UTC,384840s (~4.45 days),2024-06-02 07:08:00 UTC--2024-06-05 07:55:03 UTC,"J2124_YYP3",-0.819772964248804,-0.974795150977023,-0.735616946831098,-0.309190185225567,0.656549194696394,0.879235881691713,0.582659173990447,0,0.140375127543528,-1.87677726624836,-0.555477262856214,1,"1",72.7841666666667,2.30258509299405,1.0858046182882,"female",2
"J3753",2024-06-06 09:55:12,2024-06-06 09:55:16,"01148B2E81",19356,"YYP3",2024-06-06 09:55:12 BST--2024-06-06 09:55:16 BST,4.39500021934509s,"YY","YYP3",158,15,35712.4849998951,9,355632,1313772,11,60,2024-06-02 07:08:00,2024-06-06 18:02:00,2024-06-06 18:02:00,2024-06-02 07:08:00 UTC--2024-06-06 18:02:00 UTC,384840s (~4.45 days),2024-06-02 07:08:00 UTC--2024-06-06 09:55:12 UTC,"J3753_YYP3",-0.643352751581858,-0.423693737720646,-0.728890744754706,-0.114158038171102,0.735951149841987,0.555889742359925,-0.27338846873452,1,-0.0281640522970164,0.0210210695626407,-0.493765778757632,2,"1",98.7866666666667,2.39789527279837,1.0858046182882,"male",7
"J2941",2024-06-06 17:45:24,2024-06-06 17:45:29,"01148AE1C2",20114,"YYP3",2024-06-06 17:45:24 BST--2024-06-06 17:45:29 BST,4.54099988937378s,"YY","YYP3",158,15,63924.5420000553,17,383844,1341984,12,41,2024-06-02 07:08:00,2024-06-06 18:02:00,2024-06-06 18:02:00,2024-06-02 07:08:00 UTC--2024-06-06 18:02:00 UTC,384840s (~4.45 days),2024-06-02 07:08:00 UTC--2024-06-06 17:45:24 UTC,"J2941_YYP3",0.768008949753712,0.544421655548028,-0.673458882059664,0.866853661512858,1.12384182490768,-0.880493859241697,0.868008388232102,1,0.920050490348887,1.333474376497,2.60415072299116,2,"1",106.623333333333,2.484906649788,-1.50250110170951,"male",258
"J1318",2024-06-07 06:13:48,2024-06-07 06:15:26,"010C10A624",20854,"YYP4",2024-06-07 06:13:48 BST--2024-06-07 06:15:26 BST,98.6260001659393s (~1.64 minutes),"YY","YYP4",159,16,22428.2479999065,6,1728,1386888,1,9,2024-06-07 05:45:00,2024-06-11 21:54:00,2024-06-11 21:54:00,2024-06-07 05:45:00 UTC--2024-06-11 21:54:00 UTC,403740s (~4.67 days),2024-06-07 05:45:00 UTC--2024-06-07 06:13:48 UTC,"J1318_YYP4",-0.643352751581858,-0.682980901984732,-0.710698999462495,-0.309190185225567,0.730396557023459,0.165096762409503,1.72405603095707,0,-1.76655026994966,-0.17904803210418,-0.530792669216781,2,"1",0.48,0,1.0858046182882,"female",4
"J4770",2024-06-07 07:09:13,2024-06-07 07:09:13,"01148A6D40",20889,"YYP4",2024-06-07 07:09:13 BST--2024-06-07 07:09:13 BST,0s,"YY","YYP4",159,16,25753.6340000629,7,5053,1390213,2,100,2024-06-07 05:45:00,2024-06-11 21:54:00,2024-06-11 21:54:00,2024-06-07 05:45:00 UTC--2024-06-11 21:54:00 UTC,403740s (~4.67 days),2024-06-07 05:45:00 UTC--2024-06-07 07:09:13 UTC,"J4770_YYP4",-0.172898851136668,-0.0459454049286855,-0.660221203039681,-0.0985554664067444,-0.22842247385379,-0.405718113556799,-0.844086897217831,0,-0.566240962751765,-0.436279734247238,0.0616375781296011,2,"1",1.40361111111111,0.693147180559945,-0.90519978171004,"female",52
"J4962",2024-06-07 12:57:46,2024-06-07 13:01:35,"01148A5BA3",20890,"YYP4",2024-06-07 12:57:46 BST--2024-06-07 13:01:35 BST,229.039000034332s (~3.82 minutes),"YY","YYP4",159,16,46666.0469999313,12,25966,1411126,3,107,2024-06-07 05:45:00,2024-06-11 21:54:00,2024-06-11 21:54:00,2024-06-07 05:45:00 UTC--2024-06-11 21:54:00 UTC,403740s (~4.67 days),2024-06-07 05:45:00 UTC--2024-06-07 12:57:46 UTC,"J4962_YYP4",-0.937386439360102,-1.0843016844055,-0.738339322486701,-0.309190185225567,0.624781151319673,1.78563734849929,-0.27338846873452,0,-1.46237383517706,0.318266592039065,-0.56781955967593,1,"1",7.21277777777778,1.09861228866811,1.0858046182882,"female",1
"J2941",2024-06-07 15:55:57,2024-06-07 15:56:05,"01148AE1C2",20902,"YYP4",2024-06-07 15:55:57 BST--2024-06-07 15:56:05 BST,7.72899985313416s,"YY","YYP4",159,16,57357.2950000763,15,36657,1421817,4,41,2024-06-07 05:45:00,2024-06-11 21:54:00,2024-06-11 21:54:00,2024-06-07 05:45:00 UTC--2024-06-11 21:54:00 UTC,403740s (~4.67 days),2024-06-07 05:45:00 UTC--2024-06-07 15:55:57 UTC,"J2941_YYP4",0.768008949753712,0.544421655548028,-0.673458882059664,0.866853661512858,1.12384182490768,-0.880493859241697,0.868008388232102,1,0.920050490348887,1.333474376497,2.60415072299116,2,"1",10.1825,1.38629436111989,-1.50250110170951,"male",258
"J4304",2024-06-08 09:09:31,2024-06-08 09:11:57,"01148B0AF9",21077,"YYP4",2024-06-08 09:09:31 BST--2024-06-08 09:11:57 BST,145.713999986649s (~2.43 minutes),"YY","YYP4",160,17,32971.4479999542,9,98671,1483831,5,81,2024-06-07 05:45:00,2024-06-11 21:54:00,2024-06-11 21:54:00,2024-06-07 05:45:00 UTC--2024-06-11 21:54:00 UTC,403740s (~4.67 days),2024-06-07 05:45:00 UTC--2024-06-08 09:09:31 UTC,"J4304_YYP4",0.650395474642415,0.376884454133876,0.130763556240176,0.453385509757392,1.15270933594653,-0.4989791924083,-0.558737682976176,1,1.67466731974558,0.112481230324616,0.394879592261941,2,"2",27.4086111111111,1.6094379124341,0.943590018288322,"male",79
"J4715",2024-06-08 09:14:07,2024-06-08 09:14:43,"01148B5AEB",21082,"YYP4",2024-06-08 09:14:07 BST--2024-06-08 09:14:43 BST,36.0060000419617s,"YY","YYP4",160,17,33247.6480000019,9,98947,1484107,6,96,2024-06-07 05:45:00,2024-06-11 21:54:00,2024-06-11 21:54:00,2024-06-07 05:45:00 UTC--2024-06-11 21:54:00 UTC,403740s (~4.67 days),2024-06-07 05:45:00 UTC--2024-06-08 09:14:07 UTC,"J4715_YYP4",0.0623280990859271,-0.0676586602669415,-0.630174989858761,0.188141789763319,0.420164989508971,-0.521752238682928,-0.844086897217831,1,-0.0801516835073832,1.23744120769692,0.222087436785913,2,"2",27.4852777777778,1.79175946922805,-0.407448681710481,"male",65
"J3987",2024-06-10 07:07:56,2024-06-10 07:07:56,"01148B38C6",22260,"YYP4",2024-06-10 07:07:56 BST--2024-06-10 07:07:56 BST,0s,"YY","YYP4",162,19,25676.6240000725,7,264176,1649336,7,69,2024-06-07 05:45:00,2024-06-11 21:54:00,2024-06-11 21:54:00,2024-06-07 05:45:00 UTC--2024-06-11 21:54:00 UTC,403740s (~4.67 days),2024-06-07 05:45:00 UTC--2024-06-10 07:07:56 UTC,"J3987_YYP4",0.121134836641576,0.109097934238591,-0.67808908411298,-0.309190185225567,-1.06848424769167,-0.798631684758847,0.297309959748791,0,-0.0502725258601264,-0.279490887226708,0.148033655867615,2,"1",73.3822222222222,1.94591014905531,-0.254294497095233,"female",59
"J4986",2024-06-10 07:09:25,2024-06-10 07:09:26,"01148A5313",22301,"YYP4",2024-06-10 07:09:25 BST--2024-06-10 07:09:26 BST,1.07699990272522s,"YY","YYP4",162,19,25765.4170000553,7,264265,1649425,8,112,2024-06-07 05:45:00,2024-06-11 21:54:00,2024-06-11 21:54:00,2024-06-07 05:45:00 UTC--2024-06-11 21:54:00 UTC,403740s (~4.67 days),2024-06-07 05:45:00 UTC--2024-06-10 07:09:25 UTC,"J4986_YYP4",-0.408125801359263,-0.285837468641868,-0.724863025641232,-0.309190185225567,-0.729637832023396,-0.412065773906446,-0.558737682976176,1,0.223560865695271,0.901325116896659,-0.0864699837069945,2,"1",73.4069444444444,2.07944154167984,-0.108798021710746,"male",40
"J2952",2024-06-10 07:09:27,2024-06-10 07:09:27,"01148AF0EC",22305,"YYP4",2024-06-10 07:09:27 BST--2024-06-10 07:09:27 BST,0s,"YY","YYP4",162,19,25767.5659999847,7,264267,1649427,9,43,2024-06-07 05:45:00,2024-06-11 21:54:00,2024-06-11 21:54:00,2024-06-07 05:45:00 UTC--2024-06-11 21:54:00 UTC,403740s (~4.67 days),2024-06-07 05:45:00 UTC--2024-06-10 07:09:27 UTC,"J2952_YYP4",-0.937386439360102,-1.08967417679426,-0.738420985717876,-0.309190185225567,-0.75534823345893,1.37796648823606,0.868008388232102,0,0.357509324773501,-0.230494372532794,-0.493765778757632,1,"1",73.4075,2.19722457733622,-1.90070198170916,"female",7
"J5087",2024-06-10 08:21:08,2024-06-10 08:21:08,"01148B3C2E",23483,"YYP4",2024-06-10 08:21:08 BST--2024-06-10 08:21:08 BST,0s,"YY","YYP4",162,19,30068.5759999752,8,268568,1653728,10,120,2024-06-07 05:45:00,2024-06-11 21:54:00,2024-06-11 21:54:00,2024-06-07 05:45:00 UTC--2024-06-11 21:54:00 UTC,403740s (~4.67 days),2024-06-07 05:45:00 UTC--2024-06-10 08:21:08 UTC,"J5087_YYP4",-0.937386439360102,-1.03055554260563,-0.715712204390672,-0.309190185225567,-1.5215409874216,1.67710321931186,-0.558737682976176,1,0.773061859491274,-2.4941333513917,-0.432054294659051,1,"1",74.6022222222222,2.30258509299405,-1.90070198170916,"male",12
"J2263",2024-06-11 08:10:30,2024-06-11 08:12:45,"01148ADBFA",25399,"YYP4",2024-06-11 08:10:30 BST--2024-06-11 08:12:45 BST,134.87299990654s (~2.25 minutes),"YY","YYP4",163,20,29430.2300000191,8,354330,1739490,11,30,2024-06-07 05:45:00,2024-06-11 21:54:00,2024-06-11 21:54:00,2024-06-07 05:45:00 UTC--2024-06-11 21:54:00 UTC,403740s (~4.67 days),2024-06-07 05:45:00 UTC--2024-06-11 08:10:30 UTC,"J2263_YYP4",0.768008949753712,0.409539872428717,-0.69817006442218,1.5065591038515,0.641656112032394,-0.612452147241485,0.582659173990447,1,0.663280516389677,-1.00790573900959,1.98703588200534,2,"1",98.425,2.39789527279837,-0.863283899604815,"male",208
"J2395",2024-06-13 07:47:56,2024-06-13 07:48:02,"01148AFF90",1738,"YYP5",2024-06-13 07:47:56 BST--2024-06-13 07:48:02 BST,6.55900001525879s,"YY","YYP5",165,22,28076.2790000439,7,91316,1910936,1,32,2024-06-12 06:26:00,2024-06-17 07:35:00,2024-06-17 07:35:00,2024-06-12 06:26:00 UTC--2024-06-17 07:35:00 UTC,436140s (~5.05 days),2024-06-12 06:26:00 UTC--2024-06-13 07:47:56 UTC,"J2395_YYP5",1.82653022575539,2.28704901481239,2.78392782862684,0.502143546521008,0.678285493354982,-1.099843635975,1.15335760247376,1,0.162113754546936,1.02708283794438,0.99965213642804,2,"1",25.3655555555556,0,0.0903024182890778,"male",128
"J4968",2024-06-13 13:04:55,2024-06-13 13:04:56,"01148B1BBA",1739,"YYP5",2024-06-13 13:04:55 BST--2024-06-13 13:04:56 BST,1.26999998092651s,"YY","YYP5",165,22,47095.5250000954,13,110335,1929955,2,110,2024-06-12 06:26:00,2024-06-17 07:35:00,2024-06-17 07:35:00,2024-06-12 06:26:00 UTC--2024-06-17 07:35:00 UTC,436140s (~5.05 days),2024-06-12 06:26:00 UTC--2024-06-13 13:04:55 UTC,"J4968_YYP5",-0.760966226693156,-0.557043823787907,-0.628249311132186,-0.309190185225567,-0.743287846569975,0.375380870946989,-0.27338846873452,1,1.13818516613442,-0.344819573485262,-0.530792669216781,1,"1",30.6486111111111,0.693147180559945,1.0858046182882,"male",4
"J4111",2024-06-14 06:28:07,2024-06-14 06:29:00,"01148AE631",1778,"YYP5",2024-06-14 06:28:07 BST--2024-06-14 06:29:00 BST,52.9800000190735s,"YY","YYP5",166,23,23287.1789999008,6,172927,1992547,3,73,2024-06-12 06:26:00,2024-06-17 07:35:00,2024-06-17 07:35:00,2024-06-12 06:26:00 UTC--2024-06-17 07:35:00 UTC,436140s (~5.05 days),2024-06-12 06:26:00 UTC--2024-06-14 06:28:07 UTC,"J4111_YYP5",0.591588737086766,0.44495236320094,-0.409629909234045,8.15715531840876,2.47528238745474,-0.499421164377205,-0.558737682976176,1,-0.308376471226754,1.46723486161139,2.60415072299116,2,"2",48.0352777777778,1.09861228866811,-0.656324231710261,"male",258
"J4109",2024-06-14 06:37:44,2024-06-14 06:38:02,"01148AE95F",1819,"YYP5",2024-06-14 06:37:44 BST--2024-06-14 06:38:02 BST,18.1379997730255s,"YY","YYP5",166,23,23864.2780001163,6,173504,1993124,4,72,2024-06-12 06:26:00,2024-06-17 07:35:00,2024-06-17 07:35:00,2024-06-12 06:26:00 UTC--2024-06-17 07:35:00 UTC,436140s (~5.05 days),2024-06-12 06:26:00 UTC--2024-06-14 06:37:44 UTC,"J4109_YYP5",0.944429162420658,-0.0672282795978759,-0.212165403310949,2.96930020675999,1.4722829742884,-0.908521469673083,-0.558737682976176,0,-0.352259925501116,0.295401551848568,1.653793867873,2,"2",48.1955555555556,1.38629436111989,-0.19412678171067,"female",181
"J5582",2024-06-14 10:42:29,2024-06-14 10:43:09,"01148AC0EE",1867,"YYP5",2024-06-14 10:42:29 BST--2024-06-14 10:43:09 BST,39.7980000972748s,"YY","YYP5",166,23,38549.746999979,10,188189,2007809,5,154,2024-06-12 06:26:00,2024-06-17 07:35:00,2024-06-17 07:35:00,2024-06-12 06:26:00 UTC--2024-06-17 07:35:00 UTC,436140s (~5.05 days),2024-06-12 06:26:00 UTC--2024-06-14 10:42:29 UTC,"J5582_YYP5",-0.408125801359263,-0.542035954566914,-0.441443220695642,0.123781181235346,0.544558513484614,-0.063220690319727,-1.12943611145949,0.5,-1.73607683401438,0.661242194896476,-0.493765778757632,2,"2",52.2747222222222,1.6094379124341,-1.90070198170916,"unsexed",7
"J3378",2024-06-16 18:44:43,2024-06-16 18:44:43,"01148AB4A3",2002,"YYP5",2024-06-16 18:44:43 BST--2024-06-16 18:44:43 BST,0s,"YY","YYP5",168,25,67483.3410000801,18,389923,2209543,6,49,2024-06-12 06:26:00,2024-06-17 07:35:00,2024-06-17 07:35:00,2024-06-12 06:26:00 UTC--2024-06-17 07:35:00 UTC,436140s (~5.05 days),2024-06-12 06:26:00 UTC--2024-06-16 18:44:43 UTC,"J3378_YYP5",2.29698412620058,1.64672952554245,1.22645280105973,0.145234717411337,0.166564006311925,-1.22944311874633,0.0119607455071354,1,0.422073242193313,1.50153242189713,0.468933373180239,2,"1",108.311944444444,1.79175946922805,-0.894379105623094,"male",85
"J4304",2024-05-24 07:28:55,2024-05-24 07:30:53,"01148B0AF9",166,"YZP1",2024-05-24 07:28:55 BST--2024-05-24 07:30:53 BST,118.514999866486s (~1.98 minutes),"YZ","YZP1",145,2,26935.1410000324,7,178555,181795,1,81,2024-05-22 05:53:00,2024-05-27 17:05:00,2024-05-27 17:05:00,2024-05-22 05:53:00 UTC--2024-05-27 17:05:00 UTC,472320s (~5.47 days),2024-05-22 05:53:00 UTC--2024-05-24 07:28:55 UTC,"J4304_YZP1",0.650395474642415,0.376884454133876,0.130763556240176,0.453385509757392,1.15270933594653,-0.4989791924083,-0.558737682976176,1,1.67466731974558,0.112481230324616,0.394879592261941,2,"2",49.5986111111111,0,0.943590018288322,"male",79
"J5568",2024-05-24 07:30:50,2024-05-24 07:30:59,"01148B3679",167,"YZP1",2024-05-24 07:30:50 BST--2024-05-24 07:30:59 BST,9.1159999370575s,"YZ","YZP1",145,2,27050.5390000343,7,178670,181910,2,151,2024-05-22 05:53:00,2024-05-27 17:05:00,2024-05-27 17:05:00,2024-05-22 05:53:00 UTC--2024-05-27 17:05:00 UTC,472320s (~5.47 days),2024-05-22 05:53:00 UTC--2024-05-24 07:30:50 UTC,"J5568_YZP1",-0.702159489137507,-0.783736617375967,-0.518361178188531,-0.309190185225567,-1.54196028635045,-0.033309442583417,-1.12943611145949,0.5,-0.558209493231453,0.775567395848944,-0.543134966036497,2,"2",49.6305555555556,0.693147180559945,0.0903024182890778,"unsexed",3
"J5498",2024-05-24 15:23:52,2024-05-24 15:23:52,"01148B4318",173,"YZP1",2024-05-24 15:23:52 BST--2024-05-24 15:23:52 BST,0s,"YZ","YZP1",145,2,55432.0350000858,15,207052,210292,3,145,2024-05-22 05:53:00,2024-05-27 17:05:00,2024-05-27 17:05:00,2024-05-22 05:53:00 UTC--2024-05-27 17:05:00 UTC,472320s (~5.47 days),2024-05-22 05:53:00 UTC--2024-05-24 15:23:52 UTC,"J5498_YZP1",-0.819772964248804,-1.04048377226055,-0.580111207091029,-0.309190185225567,-0.225080256569475,0.322783290823729,-1.12943611145949,0.5,-0.714860704160806,-0.504874854818721,-0.555477262856214,1,"1",57.5144444444444,1.09861228866811,1.0858046182882,"unsexed",2
"J899",2024-05-25 07:03:05,2024-05-25 07:03:07,"010C114E1C",180,"YZP1",2024-05-25 07:03:05 BST--2024-05-25 07:03:07 BST,2.04999995231628s,"YZ","YZP1",146,3,25385.1019999981,7,263405,266645,4,167,2024-05-22 05:53:00,2024-05-27 17:05:00,2024-05-27 17:05:00,2024-05-22 05:53:00 UTC--2024-05-27 17:05:00 UTC,472320s (~5.47 days),2024-05-22 05:53:00 UTC--2024-05-25 07:03:05 UTC,"J899_YZP1",1.70891675064409,2.17637952144176,2.59665709045974,0.0906257162360867,0.409597225700888,-1.05136506338023,1.43870681671541,1,-0.224023508093516,0.647523170782177,0.382537295442225,1,"1",73.1680555555556,1.38629436111989,-0.118431913968802,"male",78
"J2661",2024-05-25 07:40:23,2024-05-25 07:42:28,"01148B129A",195,"YZP1",2024-05-25 07:40:23 BST--2024-05-25 07:42:28 BST,124.81200003624s (~2.08 minutes),"YZ","YZP1",146,3,27623.2709999084,7,265643,268883,5,37,2024-05-22 05:53:00,2024-05-27 17:05:00,2024-05-27 17:05:00,2024-05-22 05:53:00 UTC--2024-05-27 17:05:00 UTC,472320s (~5.47 days),2024-05-22 05:53:00 UTC--2024-05-25 07:40:23 UTC,"J2661_YZP1",1.3560763253102,1.21120611218556,1.41274439881898,0.00481157153212211,0.332317212114839,-1.10355726528324,0.297309959748791,1,0.965361955040905,0.91275763699191,0.345510404983076,2,"1",73.7897222222222,1.6094379124341,-0.00581503550394065,"male",75
"J4214",2024-05-25 10:47:16,2024-05-25 10:47:20,"01130E0305",227,"YZP1",2024-05-25 10:47:16 BST--2024-05-25 10:47:20 BST,4.2240002155304s,"YZ","YZP1",146,3,38836.132999897,10,276856,280096,6,79,2024-05-22 05:53:00,2024-05-27 17:05:00,2024-05-27 17:05:00,2024-05-22 05:53:00 UTC--2024-05-27 17:05:00 UTC,472320s (~5.47 days),2024-05-22 05:53:00 UTC--2024-05-25 10:47:16 UTC,"J4214_YZP1",0.179941574197225,0.432491328210179,-0.0495385294851947,-0.13463641361182,0.571024554989052,-0.602202520785082,-0.558737682976176,0.5,-2.47913918735174,-0.230494372532794,0.394879592261941,2,"2",76.9044444444444,1.79175946922805,0.488503298288725,"unsexed",79
"J4552",2024-05-25 11:18:10,2024-05-25 11:18:10,"01148A56D1",238,"YZP1",2024-05-25 11:18:10 BST--2024-05-25 11:18:10 BST,0s,"YZ","YZP1",146,3,40690.6809999943,11,278710,281950,7,88,2024-05-22 05:53:00,2024-05-27 17:05:00,2024-05-27 17:05:00,2024-05-22 05:53:00 UTC--2024-05-27 17:05:00 UTC,472320s (~5.47 days),2024-05-22 05:53:00 UTC--2024-05-25 11:18:10 UTC,"J4552_YZP1",-0.878579701804453,-1.08639975086694,-0.637448716376612,-0.309190185225567,0.0684015226676018,0.628510437774109,-0.558737682976176,1,0.378987166340743,-0.436279734247243,-0.56781955967593,1,"1",77.4194444444445,1.94591014905531,1.0858046182882,"male",1
"J5456",2024-05-25 12:53:00,2024-05-25 12:53:05,"01148ADE8D",264,"YZP1",2024-05-25 12:53:00 BST--2024-05-25 12:53:05 BST,5.34599995613098s,"YZ","YZP1",146,3,46380.2950000763,12,284400,287640,8,138,2024-05-22 05:53:00,2024-05-27 17:05:00,2024-05-27 17:05:00,2024-05-22 05:53:00 UTC--2024-05-27 17:05:00 UTC,472320s (~5.47 days),2024-05-22 05:53:00 UTC--2024-05-25 12:53:00 UTC,"J5456_YZP1",0.356361786864171,1.06278059912021,0.190426892432972,-0.309190185225567,0.0396291365458953,-0.760657448470264,-1.12943611145949,0.5,-0.813754556906775,1.07281291832536,-0.271604436002739,2,"1",79,2.07944154167984,-0.279455541710595,"unsexed",25
"J2395",2024-05-25 16:01:12,2024-05-25 16:01:26,"01148AFF90",340,"YZP1",2024-05-25 16:01:12 BST--2024-05-25 16:01:26 BST,13.6460001468658s,"YZ","YZP1",146,3,57672.5399999619,16,295692,298932,9,32,2024-05-22 05:53:00,2024-05-27 17:05:00,2024-05-27 17:05:00,2024-05-22 05:53:00 UTC--2024-05-27 17:05:00 UTC,472320s (~5.47 days),2024-05-22 05:53:00 UTC--2024-05-25 16:01:12 UTC,"J2395_YZP1",1.82653022575539,2.28704901481239,2.78392782862684,0.502143546521008,0.678285493354982,-1.099843635975,1.15335760247376,1,0.162113754546936,1.02708283794438,0.99965213642804,2,"1",82.1366666666667,2.19722457733622,0.0903024182890778,"male",128
"J4126",2024-05-25 16:34:20,2024-05-25 16:34:22,"01148B44FC",354,"YZP1",2024-05-25 16:34:20 BST--2024-05-25 16:34:22 BST,2.11299991607666s,"YZ","YZP1",146,3,59660.6700000763,16,297680,300920,10,74,2024-05-22 05:53:00,2024-05-27 17:05:00,2024-05-27 17:05:00,2024-05-22 05:53:00 UTC--2024-05-27 17:05:00 UTC,472320s (~5.47 days),2024-05-22 05:53:00 UTC--2024-05-25 16:34:20 UTC,"J4126_YZP1",0.532781999531117,0.841979942135962,-0.0567470625018848,-0.293587613461209,-0.0363041567104881,-0.78186714281215,-0.558737682976176,0.5,-1.37075042723746,-0.985040698819097,1.06136362052662,2,"2",82.6888888888889,2.30258509299405,-0.407448681710481,"unsexed",133
"J5474",2024-05-25 17:25:53,2024-05-25 17:25:53,"01148A6AE1",414,"YZP1",2024-05-25 17:25:53 BST--2024-05-25 17:25:53 BST,0s,"YZ","YZP1",146,3,62753.9830000401,17,300773,304013,11,140,2024-05-22 05:53:00,2024-05-27 17:05:00,2024-05-27 17:05:00,2024-05-22 05:53:00 UTC--2024-05-27 17:05:00 UTC,472320s (~5.47 days),2024-05-22 05:53:00 UTC--2024-05-25 17:25:53 UTC,"J5474_YZP1",-0.937386439360102,-0.923445125556671,-0.659311365574676,-0.309190185225567,-3.04215213769559,1.12381300530755,-1.12943611145949,0.5,1.02840382303283,-0.230494372532794,-0.506108075577348,1,"1",83.5480555555555,2.39789527279837,1.0858046182882,"unsexed",6
"J4315",2024-05-25 17:27:40,2024-05-25 17:29:26,"01148A4E79",417,"YZP1",2024-05-25 17:27:40 BST--2024-05-25 17:29:26 BST,105.645999908447s (~1.76 minutes),"YZ","YZP1",146,3,62860.9010000229,17,300880,304120,12,83,2024-05-22 05:53:00,2024-05-27 17:05:00,2024-05-27 17:05:00,2024-05-22 05:53:00 UTC--2024-05-27 17:05:00 UTC,472320s (~5.47 days),2024-05-22 05:53:00 UTC--2024-05-25 17:27:40 UTC,"J4315_YZP1",1.76772348819974,1.9712237728124,2.72653745941357,2.50122305382927,2.07963422402223,-0.968504391181407,-0.558737682976176,0.5,-0.0242498676037473,1.48438364175426,1.83892832016875,2,"1",83.5777777777778,2.484906649788,-0.0028726644694603,"unsexed",196
"J3987",2024-05-25 17:30:05,2024-05-25 17:35:08,"01148B38C6",424,"YZP1",2024-05-25 17:30:05 BST--2024-05-25 17:35:08 BST,302.777000188828s (~5.05 minutes),"YZ","YZP1",146,3,63005.7449998856,17,301025,304265,13,69,2024-05-22 05:53:00,2024-05-27 17:05:00,2024-05-27 17:05:00,2024-05-22 05:53:00 UTC--2024-05-27 17:05:00 UTC,472320s (~5.47 days),2024-05-22 05:53:00 UTC--2024-05-25 17:30:05 UTC,"J3987_YZP1",0.121134836641576,0.109097934238591,-0.67808908411298,-0.309190185225567,-1.06848424769167,-0.798631684758847,0.297309959748791,0,-0.0502725258601264,-0.279490887226708,0.148033655867615,2,"1",83.6180555555556,2.56494935746154,-0.254294497095233,"female",59
"J933",2024-05-25 17:38:14,2024-05-25 17:38:14,"01148A8D35",429,"YZP1",2024-05-25 17:38:14 BST--2024-05-25 17:38:14 BST,0s,"YZ","YZP1",146,3,63494.7750000954,17,301514,304754,14,168,2024-05-22 05:53:00,2024-05-27 17:05:00,2024-05-27 17:05:00,2024-05-22 05:53:00 UTC--2024-05-27 17:05:00 UTC,472320s (~5.47 days),2024-05-22 05:53:00 UTC--2024-05-25 17:38:14 UTC,"J933_YZP1",-0.702159489137507,-0.894775323176763,-0.46196556326743,-0.309190185225567,0.190744404787194,0.212758412227526,1.72405603095707,1,1.13927968370023,-0.429420222190091,-0.56781955967593,1,"1",83.7538888888889,2.63905732961526,1.0858046182882,"male",1
"J4968",2024-05-25 19:38:00,2024-05-25 19:40:17,"01148B1BBA",457,"YZP1",2024-05-25 19:38:00 BST--2024-05-25 19:40:17 BST,136.940999984741s (~2.28 minutes),"YZ","YZP1",146,3,70680.6649999619,19,308700,311940,15,110,2024-05-22 05:53:00,2024-05-27 17:05:00,2024-05-27 17:05:00,2024-05-22 05:53:00 UTC--2024-05-27 17:05:00 UTC,472320s (~5.47 days),2024-05-22 05:53:00 UTC--2024-05-25 19:38:00 UTC,"J4968_YZP1",-0.760966226693156,-0.557043823787907,-0.628249311132186,-0.309190185225567,-0.743287846569975,0.375380870946989,-0.27338846873452,1,1.13818516613442,-0.344819573485262,-0.530792669216781,1,"1",85.75,2.70805020110221,1.0858046182882,"male",4
"J831",2024-05-25 19:50:43,2024-05-25 19:51:32,"01148B0D53",459,"YZP1",2024-05-25 19:50:43 BST--2024-05-25 19:51:32 BST,48.4630000591278s,"YZ","YZP1",146,3,71443.5929999352,19,309463,312703,16,165,2024-05-22 05:53:00,2024-05-27 17:05:00,2024-05-27 17:05:00,2024-05-22 05:53:00 UTC--2024-05-27 17:05:00 UTC,472320s (~5.47 days),2024-05-22 05:53:00 UTC--2024-05-25 19:50:43 UTC,"J831_YZP1",2.23817738864493,1.90787902960822,1.76127462550232,-0.0790522517012979,0.0747242665939272,-1.20242627411574,1.72405603095707,1,1.08018835410942,0.839589508382328,0.962625245968891,2,"1",85.9619444444444,2.77258872223978,0.37963557001296,"male",125
"J5250",2024-05-26 08:53:59,2024-05-26 08:53:59,"01148B0935",561,"YZP1",2024-05-26 08:53:59 BST--2024-05-26 08:53:59 BST,0s,"YZ","YZP1",147,4,32039.9389998913,8,356459,359699,17,131,2024-05-22 05:53:00,2024-05-27 17:05:00,2024-05-27 17:05:00,2024-05-22 05:53:00 UTC--2024-05-27 17:05:00 UTC,472320s (~5.47 days),2024-05-22 05:53:00 UTC--2024-05-26 08:53:59 UTC,"J5250_YZP1",-0.584546014026209,-0.568910462022741,-0.481385237164085,-0.309190185225567,-0.214437676629823,-0.0296142033344732,-1.12943611145949,0.5,-0.533708884402964,-0.687795176342673,-0.543134966036497,1,"1",99.0163888888889,2.83321334405622,0.687603738288549,"unsexed",3
"J4967",2024-05-26 15:50:54,2024-05-26 15:50:59,"01148AD964",618,"YZP1",2024-05-26 15:50:54 BST--2024-05-26 15:50:59 BST,5.18700003623962s,"YZ","YZP1",147,4,57054.2590000629,15,381474,384714,18,109,2024-05-22 05:53:00,2024-05-27 17:05:00,2024-05-27 17:05:00,2024-05-22 05:53:00 UTC--2024-05-27 17:05:00 UTC,472320s (~5.47 days),2024-05-22 05:53:00 UTC--2024-05-26 15:50:54 UTC,"J4967_YZP1",2.64982455153447,2.70420047474331,2.97897324846883,0.480690010345017,0.920347155132676,-1.17817737475947,-0.844086897217831,1,0.272525729644396,0.318266592039065,2.20919722476024,2,"1",105.965,2.89037175789616,-0.0800508993578301,"male",226
"J5582",2024-05-27 08:25:51,2024-05-27 08:28:00,"01148AC0EE",736,"YZP1",2024-05-27 08:25:51 BST--2024-05-27 08:28:00 BST,129.68499994278s (~2.16 minutes),"YZ","YZP1",148,5,30351.1050000191,8,441171,444411,19,154,2024-05-22 05:53:00,2024-05-27 17:05:00,2024-05-27 17:05:00,2024-05-22 05:53:00 UTC--2024-05-27 17:05:00 UTC,472320s (~5.47 days),2024-05-22 05:53:00 UTC--2024-05-27 08:25:51 UTC,"J5582_YZP1",-0.408125801359263,-0.542035954566914,-0.441443220695642,0.123781181235346,0.544558513484614,-0.063220690319727,-1.12943611145949,0.5,-1.73607683401438,0.661242194896476,-0.493765778757632,2,"2",122.5475,2.94443897916644,-1.90070198170916,"unsexed",7
"J5519",2024-05-27 11:00:08,2024-05-27 11:00:44,"01148B18EE",850,"YZP1",2024-05-27 11:00:08 BST--2024-05-27 11:00:44 BST,36.0809998512268s,"YZ","YZP1",148,5,39608.4660000801,11,450428,453668,20,147,2024-05-22 05:53:00,2024-05-27 17:05:00,2024-05-27 17:05:00,2024-05-22 05:53:00 UTC--2024-05-27 17:05:00 UTC,472320s (~5.47 days),2024-05-22 05:53:00 UTC--2024-05-27 11:00:08 UTC,"J5519_YZP1",0.532781999531117,0.425575872490624,0.289488361702893,-0.166816717875807,0.392151010343367,-0.870568024618111,-0.844086897217831,0,1.00443980718997,-1.80818214567688,0.0492952813098848,2,"1",125.118888888889,2.99573227355399,-0.0756146150441084,"female",51
"J5362",2024-05-27 13:43:54,2024-05-27 13:44:18,"01148A78E1",939,"YZP1",2024-05-27 13:43:54 BST--2024-05-27 13:44:18 BST,23.6459999084473s,"YZ","YZP1",148,5,49434.9140000343,13,460254,463494,21,134,2024-05-22 05:53:00,2024-05-27 17:05:00,2024-05-27 17:05:00,2024-05-22 05:53:00 UTC--2024-05-27 17:05:00 UTC,472320s (~5.47 days),2024-05-22 05:53:00 UTC--2024-05-27 13:43:54 UTC,"J5362_YZP1",0.768008949753712,0.92037927228586,0.349373099576884,-0.305289542284477,0.520889592367418,-0.946327961494231,-1.12943611145949,0.5,-1.32812823695483,0.249671471467582,0.0246106876704522,2,"1",127.848333333333,3.04452243772342,-0.50175941644724,"unsexed",49
"J5477",2024-05-27 15:14:55,2024-05-27 15:15:14,"01148AEBEB",1023,"YZP1",2024-05-27 15:14:55 BST--2024-05-27 15:15:14 BST,19.5590000152588s,"YZ","YZP1",148,5,54895.0169999599,15,465715,468955,22,142,2024-05-22 05:53:00,2024-05-27 17:05:00,2024-05-27 17:05:00,2024-05-22 05:53:00 UTC--2024-05-27 17:05:00 UTC,472320s (~5.47 days),2024-05-22 05:53:00 UTC--2024-05-27 15:14:55 UTC,"J5477_YZP1",2.82624476420142,2.2850526756076,2.47932303696206,3.66556497174443,1.99932155627299,-0.865505109667745,-1.12943611145949,0.5,0.247727981671904,0.455456833182027,2.49307005161371,2,"1",129.365277777778,3.09104245335832,-0.0454478817108019,"unsexed",249
"J5316",2024-05-27 15:28:06,2024-05-27 15:28:19,"01148B1F84",1051,"YZP1",2024-05-27 15:28:06 BST--2024-05-27 15:28:19 BST,13.1349999904633s,"YZ","YZP1",148,5,55686.0510001183,15,466506,469746,23,133,2024-05-22 05:53:00,2024-05-27 17:05:00,2024-05-27 17:05:00,2024-05-22 05:53:00 UTC--2024-05-27 17:05:00 UTC,472320s (~5.47 days),2024-05-22 05:53:00 UTC--2024-05-27 15:28:06 UTC,"J5316_YZP1",2.17937065108928,2.01830614887728,2.26501672358297,1.27447084885669,1.19794883688467,-0.786963733072894,-1.12943611145949,0.5,0.289458754522506,-1.80818214567688,1.96235128836591,2,"1",129.585,3.13549421592915,0.295723507177785,"unsexed",206
"J41",2024-05-27 15:50:14,2024-05-27 15:50:25,"011265C9EC",1083,"YZP1",2024-05-27 15:50:14 BST--2024-05-27 15:50:25 BST,11.010999917984s,"YZ","YZP1",148,5,57014.1809999943,15,467834,471074,24,71,2024-05-22 05:53:00,2024-05-27 17:05:00,2024-05-27 17:05:00,2024-05-22 05:53:00 UTC--2024-05-27 17:05:00 UTC,472320s (~5.47 days),2024-05-22 05:53:00 UTC--2024-05-27 15:50:14 UTC,"J41_YZP1",0.0623280990859271,-0.219114250838766,0.044329542632135,-0.309190185225567,0.374750294798953,-0.723443169562045,2.00940524519872,0,0.912983145676294,-1.30057825344792,-0.0741276868872782,1,"1",129.953888888889,3.17805383034795,0.394192563551966,"female",41
"J4840",2024-05-27 15:52:21,2024-05-27 15:52:26,"01148AD4F3",1092,"YZP1",2024-05-27 15:52:21 BST--2024-05-27 15:52:26 BST,4.16400003433228s,"YZ","YZP1",148,5,57141.9809999466,15,467961,471201,25,105,2024-05-22 05:53:00,2024-05-27 17:05:00,2024-05-27 17:05:00,2024-05-22 05:53:00 UTC--2024-05-27 17:05:00 UTC,472320s (~5.47 days),2024-05-22 05:53:00 UTC--2024-05-27 15:52:21 UTC,"J4840_YZP1",-0.0552853760253704,-0.0634114651342522,-0.0264821306384569,-0.305289542284477,-0.20305775999296,-0.664179241225927,-0.844086897217831,0,1.03268785428579,-1.46520654281947,-0.0617853900675619,2,"1",129.989166666667,3.2188758248682,0.0239356049558031,"female",42
"J4111",2024-05-27 16:11:27,2024-05-27 16:11:29,"01148AE631",1136,"YZP1",2024-05-27 16:11:27 BST--2024-05-27 16:11:29 BST,2.68600010871887s,"YZ","YZP1",148,5,58287.1289999485,16,469107,472347,26,73,2024-05-22 05:53:00,2024-05-27 17:05:00,2024-05-27 17:05:00,2024-05-22 05:53:00 UTC--2024-05-27 17:05:00 UTC,472320s (~5.47 days),2024-05-22 05:53:00 UTC--2024-05-27 16:11:27 UTC,"J4111_YZP1",0.591588737086766,0.44495236320094,-0.409629909234045,8.15715531840876,2.47528238745474,-0.499421164377205,-0.558737682976176,1,-0.308376471226754,1.46723486161139,2.60415072299116,2,"2",130.3075,3.25809653802148,-0.656324231710261,"male",258
"J4968",2024-05-28 07:54:59,2024-05-28 07:57:07,"01148B1BBA",443,"YZP2",2024-05-28 07:54:59 BST--2024-05-28 07:57:07 BST,127.391999959946s (~2.12 minutes),"YZ","YZP2",149,6,28499.7699999809,7,5519,528959,1,110,2024-05-28 06:23:00,2024-06-02 06:29:00,2024-06-02 06:29:00,2024-05-28 06:23:00 UTC--2024-06-02 06:29:00 UTC,432360s (~5 days),2024-05-28 06:23:00 UTC--2024-05-28 07:54:59 UTC,"J4968_YZP2",-0.760966226693156,-0.557043823787907,-0.628249311132186,-0.309190185225567,-0.743287846569975,0.375380870946989,-0.27338846873452,1,1.13818516613442,-0.344819573485262,-0.530792669216781,1,"1",1.53305555555556,0,1.0858046182882,"male",4
"J4109",2024-05-28 08:19:28,2024-05-28 08:19:32,"01148AE95F",472,"YZP2",2024-05-28 08:19:28 BST--2024-05-28 08:19:32 BST,3.72300004959106s,"YZ","YZP2",149,6,29968.7079999447,8,6988,530428,2,72,2024-05-28 06:23:00,2024-06-02 06:29:00,2024-06-02 06:29:00,2024-05-28 06:23:00 UTC--2024-06-02 06:29:00 UTC,432360s (~5 days),2024-05-28 06:23:00 UTC--2024-05-28 08:19:28 UTC,"J4109_YZP2",0.944429162420658,-0.0672282795978759,-0.212165403310949,2.96930020675999,1.4722829742884,-0.908521469673083,-0.558737682976176,0,-0.352259925501116,0.295401551848568,1.653793867873,2,"2",1.94111111111111,0.693147180559945,-0.19412678171067,"female",181
"J3987",2024-05-28 08:38:06,2024-05-28 08:38:46,"01148B38C6",486,"YZP2",2024-05-28 08:38:06 BST--2024-05-28 08:38:46 BST,39.9289999008179s,"YZ","YZP2",149,6,31086.8059999943,8,8106,531546,3,69,2024-05-28 06:23:00,2024-06-02 06:29:00,2024-06-02 06:29:00,2024-05-28 06:23:00 UTC--2024-06-02 06:29:00 UTC,432360s (~5 days),2024-05-28 06:23:00 UTC--2024-05-28 08:38:06 UTC,"J3987_YZP2",0.121134836641576,0.109097934238591,-0.67808908411298,-0.309190185225567,-1.06848424769167,-0.798631684758847,0.297309959748791,0,-0.0502725258601264,-0.279490887226708,0.148033655867615,2,"1",2.25166666666667,1.09861228866811,-0.254294497095233,"female",59
"J4569",2024-05-28 09:21:08,2024-05-28 09:23:03,"01148B283C",519,"YZP2",2024-05-28 09:21:08 BST--2024-05-28 09:23:03 BST,114.507999897003s (~1.91 minutes),"YZ","YZP2",149,6,33668.7520000935,9,10688,534128,4,89,2024-05-28 06:23:00,2024-06-02 06:29:00,2024-06-02 06:29:00,2024-05-28 06:23:00 UTC--2024-06-02 06:29:00 UTC,432360s (~5 days),2024-05-28 06:23:00 UTC--2024-05-28 09:21:08 UTC,"J4569_YZP2",-0.643352751581858,-0.236598355965443,-0.723275777149669,-0.309190185225567,-0.754218223000663,0.298737206920959,-0.558737682976176,1,1.22157400441994,-0.916445578247614,-0.543134966036497,2,"1",2.96888888888889,1.38629436111989,1.0858046182882,"male",3
"J4111",2024-05-29 07:15:31,2024-05-29 07:16:27,"01148AE631",664,"YZP2",2024-05-29 07:15:31 BST--2024-05-29 07:16:27 BST,56.2799999713898s,"YZ","YZP2",150,7,26131.388999939,7,89551,612991,5,73,2024-05-28 06:23:00,2024-06-02 06:29:00,2024-06-02 06:29:00,2024-05-28 06:23:00 UTC--2024-06-02 06:29:00 UTC,432360s (~5 days),2024-05-28 06:23:00 UTC--2024-05-29 07:15:31 UTC,"J4111_YZP2",0.591588737086766,0.44495236320094,-0.409629909234045,8.15715531840876,2.47528238745474,-0.499421164377205,-0.558737682976176,1,-0.308376471226754,1.46723486161139,2.60415072299116,2,"2",24.8752777777778,1.6094379124341,-0.656324231710261,"male",258
"J4214",2024-05-29 07:17:18,2024-05-29 07:17:45,"01130E0305",667,"YZP2",2024-05-29 07:17:18 BST--2024-05-29 07:17:45 BST,26.5679998397827s,"YZ","YZP2",150,7,26238.4660000801,7,89658,613098,6,79,2024-05-28 06:23:00,2024-06-02 06:29:00,2024-06-02 06:29:00,2024-05-28 06:23:00 UTC--2024-06-02 06:29:00 UTC,432360s (~5 days),2024-05-28 06:23:00 UTC--2024-05-29 07:17:18 UTC,"J4214_YZP2",0.179941574197225,0.432491328210179,-0.0495385294851947,-0.13463641361182,0.571024554989052,-0.602202520785082,-0.558737682976176,0.5,-2.47913918735174,-0.230494372532794,0.394879592261941,2,"2",24.905,1.79175946922805,0.488503298288725,"unsexed",79
"J4126",2024-05-29 07:18:44,2024-05-29 07:18:50,"01148B44FC",670,"YZP2",2024-05-29 07:18:44 BST--2024-05-29 07:18:50 BST,6.17400002479553s,"YZ","YZP2",150,7,26324.7030000687,7,89744,613184,7,74,2024-05-28 06:23:00,2024-06-02 06:29:00,2024-06-02 06:29:00,2024-05-28 06:23:00 UTC--2024-06-02 06:29:00 UTC,432360s (~5 days),2024-05-28 06:23:00 UTC--2024-05-29 07:18:44 UTC,"J4126_YZP2",0.532781999531117,0.841979942135962,-0.0567470625018848,-0.293587613461209,-0.0363041567104881,-0.78186714281215,-0.558737682976176,0.5,-1.37075042723746,-0.985040698819097,1.06136362052662,2,"2",24.9288888888889,1.94591014905531,-0.407448681710481,"unsexed",133
"J5582",2024-05-29 11:07:31,2024-05-29 11:08:09,"01148AC0EE",698,"YZP2",2024-05-29 11:07:31 BST--2024-05-29 11:08:09 BST,37.8990001678467s,"YZ","YZP2",150,7,40051.6989998817,11,103471,626911,8,154,2024-05-28 06:23:00,2024-06-02 06:29:00,2024-06-02 06:29:00,2024-05-28 06:23:00 UTC--2024-06-02 06:29:00 UTC,432360s (~5 days),2024-05-28 06:23:00 UTC--2024-05-29 11:07:31 UTC,"J5582_YZP2",-0.408125801359263,-0.542035954566914,-0.441443220695642,0.123781181235346,0.544558513484614,-0.063220690319727,-1.12943611145949,0.5,-1.73607683401438,0.661242194896476,-0.493765778757632,2,"2",28.7419444444444,2.07944154167984,-1.90070198170916,"unsexed",7
"J5121",2024-05-31 06:42:23,2024-05-31 06:42:38,"01148AA2E5",759,"YZP2",2024-05-31 06:42:23 BST--2024-05-31 06:42:38 BST,14.7880001068115s,"YZ","YZP2",152,9,24143.3359999657,6,260363,783803,9,126,2024-05-28 06:23:00,2024-06-02 06:29:00,2024-06-02 06:29:00,2024-05-28 06:23:00 UTC--2024-06-02 06:29:00 UTC,432360s (~5 days),2024-05-28 06:23:00 UTC--2024-05-31 06:42:23 UTC,"J5121_YZP2",0.0623280990859271,0.388733321052088,-0.403330335756419,-0.274084398755763,-0.141457536366783,-0.625057975903559,-1.12943611145949,0.5,-1.42492709357943,-0.36768461367576,-0.296289029642172,2,"2",72.3230555555556,2.19722457733622,0.659160818288574,"unsexed",23
"J4214",2024-06-07 08:27:31,2024-06-07 08:28:36,"01130E0305",1226,"YZP4",2024-06-07 08:27:31 BST--2024-06-07 08:28:36 BST,65.5050001144409s (~1.09 minutes),"YZ","YZP4",159,16,30451.0439999104,8,6271,1394911,1,79,2024-06-07 06:43:00,2024-06-11 21:22:00,2024-06-11 21:22:00,2024-06-07 06:43:00 UTC--2024-06-11 21:22:00 UTC,398340s (~4.61 days),2024-06-07 06:43:00 UTC--2024-06-07 08:27:31 UTC,"J4214_YZP4",0.179941574197225,0.432491328210179,-0.0495385294851947,-0.13463641361182,0.571024554989052,-0.602202520785082,-0.558737682976176,0.5,-2.47913918735174,-0.230494372532794,0.394879592261941,2,"2",1.74194444444444,0,0.488503298288725,"unsexed",79
"J2168",2024-06-07 16:32:24,2024-06-07 16:32:24,"01130E03FB",1262,"YZP4",2024-06-07 16:32:24 BST--2024-06-07 16:32:24 BST,0s,"YZ","YZP4",159,16,59544.5009999275,16,35364,1424004,2,29,2024-06-07 06:43:00,2024-06-11 21:22:00,2024-06-11 21:22:00,2024-06-07 06:43:00 UTC--2024-06-11 21:22:00 UTC,398340s (~4.61 days),2024-06-07 06:43:00 UTC--2024-06-07 16:32:24 UTC,"J2168_YZP4",2.53221107642318,2.08037808890153,2.32183438238612,0.864903340042313,1.38808822033696,-1.1567292576502,0.582659173990447,1,0.265719170407968,1.22143567956358,1.18478658872378,2,"1",9.82333333333333,0.693147180559945,-0.369160135556669,"male",143
"J5477",2024-06-07 16:32:46,2024-06-07 16:33:05,"01148AEBEB",1265,"YZP4",2024-06-07 16:32:46 BST--2024-06-07 16:33:05 BST,18.9869999885559s,"YZ","YZP4",159,16,59566.0690000057,16,35386,1424026,3,142,2024-06-07 06:43:00,2024-06-11 21:22:00,2024-06-11 21:22:00,2024-06-07 06:43:00 UTC--2024-06-11 21:22:00 UTC,398340s (~4.61 days),2024-06-07 06:43:00 UTC--2024-06-07 16:32:46 UTC,"J5477_YZP4",2.82624476420142,2.2850526756076,2.47932303696206,3.66556497174443,1.99932155627299,-0.865505109667745,-1.12943611145949,0.5,0.247727981671904,0.455456833182027,2.49307005161371,2,"1",9.82944444444444,1.09861228866811,-0.0454478817108019,"unsexed",249
"J5498",2024-06-07 17:46:59,2024-06-07 17:47:23,"01148B4318",1286,"YZP4",2024-06-07 17:46:59 BST--2024-06-07 17:47:23 BST,24.3880000114441s,"YZ","YZP4",159,16,64019.1819999218,17,39839,1428479,4,145,2024-06-07 06:43:00,2024-06-11 21:22:00,2024-06-11 21:22:00,2024-06-07 06:43:00 UTC--2024-06-11 21:22:00 UTC,398340s (~4.61 days),2024-06-07 06:43:00 UTC--2024-06-07 17:46:59 UTC,"J5498_YZP4",-0.819772964248804,-1.04048377226055,-0.580111207091029,-0.309190185225567,-0.225080256569475,0.322783290823729,-1.12943611145949,0.5,-0.714860704160806,-0.504874854818721,-0.555477262856214,1,"1",11.0663888888889,1.38629436111989,1.0858046182882,"unsexed",2
"J2661",2024-06-09 07:55:13,2024-06-09 07:55:31,"01148B129A",1353,"YZP4",2024-06-09 07:55:13 BST--2024-06-09 07:55:31 BST,17.4930000305176s,"YZ","YZP4",161,18,28513.8350000381,7,177133,1565773,5,37,2024-06-07 06:43:00,2024-06-11 21:22:00,2024-06-11 21:22:00,2024-06-07 06:43:00 UTC--2024-06-11 21:22:00 UTC,398340s (~4.61 days),2024-06-07 06:43:00 UTC--2024-06-09 07:55:13 UTC,"J2661_YZP4",1.3560763253102,1.21120611218556,1.41274439881898,0.00481157153212211,0.332317212114839,-1.10355726528324,0.297309959748791,1,0.965361955040905,0.91275763699191,0.345510404983076,2,"1",49.2036111111111,1.6094379124341,-0.00581503550394065,"male",75
"J2039",2024-06-09 16:32:53,2024-06-09 16:32:53,"01148B0D5B",1385,"YZP4",2024-06-09 16:32:53 BST--2024-06-09 16:32:53 BST,0s,"YZ","YZP4",161,18,59573.4309999943,16,208193,1596833,6,26,2024-06-07 06:43:00,2024-06-11 21:22:00,2024-06-11 21:22:00,2024-06-07 06:43:00 UTC--2024-06-11 21:22:00 UTC,398340s (~4.61 days),2024-06-07 06:43:00 UTC--2024-06-09 16:32:53 UTC,"J2039_YZP4",0.944429162420658,1.43357321887585,1.99025888407081,-0.256531505520861,0.994272183474728,-0.944865266078,0.582659173990447,1,0.0984776082669963,0.00958854946739431,0.209745139966197,1,"1",57.8313888888889,1.79175946922805,0.217930905468452,"male",64
"J1392",2024-06-10 15:38:16,2024-06-10 15:38:22,"01130E040B",1440,"YZP4",2024-06-10 15:38:16 BST--2024-06-10 15:38:22 BST,5.71499991416931s,"YZ","YZP4",162,19,56296.7009999752,15,291316,1679956,7,14,2024-06-07 06:43:00,2024-06-11 21:22:00,2024-06-11 21:22:00,2024-06-07 06:43:00 UTC--2024-06-11 21:22:00 UTC,398340s (~4.61 days),2024-06-07 06:43:00 UTC--2024-06-10 15:38:16 UTC,"J1392_YZP4",-0.702159489137507,-0.587814696039076,-0.486160446477114,-0.309190185225567,-1.54690667908558,0.328894750787701,1.15335760247376,0,-0.132566846579843,0.066751149943631,-0.518450372397065,1,"1",80.9211111111111,1.94591014905531,0.0903024182890778,"female",5
"J4109",2024-06-11 08:21:02,2024-06-11 08:21:04,"01148AE95F",1474,"YZP4",2024-06-11 08:21:02 BST--2024-06-11 08:21:04 BST,2.05200004577637s,"YZ","YZP4",163,20,30062.5950000286,8,351482,1740122,8,72,2024-06-07 06:43:00,2024-06-11 21:22:00,2024-06-11 21:22:00,2024-06-07 06:43:00 UTC--2024-06-11 21:22:00 UTC,398340s (~4.61 days),2024-06-07 06:43:00 UTC--2024-06-11 08:21:02 UTC,"J4109_YZP4",0.944429162420658,-0.0672282795978759,-0.212165403310949,2.96930020675999,1.4722829742884,-0.908521469673083,-0.558737682976176,0,-0.352259925501116,0.295401551848568,1.653793867873,2,"2",97.6338888888889,2.07944154167984,-0.19412678171067,"female",181
"J4109",2024-06-12 08:40:21,2024-06-12 08:40:28,"01148AE95F",26677,"YZP5",2024-06-12 08:40:21 BST--2024-06-12 08:40:28 BST,6.50999999046326s,"YZ","YZP5",164,21,31221.7790000439,8,6201,1827681,1,72,2024-06-12 06:57:00,2024-06-17 07:49:00,2024-06-17 07:49:00,2024-06-12 06:57:00 UTC--2024-06-17 07:49:00 UTC,435120s (~5.04 days),2024-06-12 06:57:00 UTC--2024-06-12 08:40:21 UTC,"J4109_YZP5",0.944429162420658,-0.0672282795978759,-0.212165403310949,2.96930020675999,1.4722829742884,-0.908521469673083,-0.558737682976176,0,-0.352259925501116,0.295401551848568,1.653793867873,2,"2",1.7225,0,-0.19412678171067,"female",181
"J5146",2024-06-12 08:48:42,2024-06-12 08:48:42,"01148A5BAB",26680,"YZP5",2024-06-12 08:48:42 BST--2024-06-12 08:48:42 BST,0s,"YZ","YZP5",164,21,31722.1530001163,8,6702,1828182,2,127,2024-06-12 06:57:00,2024-06-17 07:49:00,2024-06-17 07:49:00,2024-06-12 06:57:00 UTC--2024-06-17 07:49:00 UTC,435120s (~5.04 days),2024-06-12 06:57:00 UTC--2024-06-12 08:48:42 UTC,"J5146_YZP5",-0.290512326247965,-0.646995362964846,-0.27398298017595,-0.309190185225567,0.514752213347351,-0.526094411775172,-1.12943611145949,0.5,-0.832079238494695,1.3471934006113,-0.419711997839334,2,"1",1.86166666666667,0.693147180559945,0.0903024182890778,"unsexed",13
"J4162",2024-06-12 08:55:50,2024-06-12 08:56:16,"01130E0515",26722,"YZP5",2024-06-12 08:55:50 BST--2024-06-12 08:56:16 BST,25.4120001792908s,"YZ","YZP5",164,21,32150.8169999123,8,7130,1828610,3,77,2024-06-12 06:57:00,2024-06-17 07:49:00,2024-06-17 07:49:00,2024-06-12 06:57:00 UTC--2024-06-17 07:49:00 UTC,435120s (~5.04 days),2024-06-12 06:57:00 UTC--2024-06-12 08:55:50 UTC,"J4162_YZP5",1.76772348819974,1.69272938065764,1.86268405633697,-0.210698950963062,0.221656143381602,-1.11069841667171,-0.558737682976176,0.5,0.518908452525761,-0.0933041313898278,0.222087436785913,2,"1",1.98055555555556,1.09861228866811,0.225161090702751,"unsexed",65
"J4214",2024-06-12 10:01:47,2024-06-12 10:01:53,"01130E0305",26743,"YZP5",2024-06-12 10:01:47 BST--2024-06-12 10:01:53 BST,6.33699989318848s,"YZ","YZP5",164,21,36107.6070001125,10,11087,1832567,4,79,2024-06-12 06:57:00,2024-06-17 07:49:00,2024-06-17 07:49:00,2024-06-12 06:57:00 UTC--2024-06-17 07:49:00 UTC,435120s (~5.04 days),2024-06-12 06:57:00 UTC--2024-06-12 10:01:47 UTC,"J4214_YZP5",0.179941574197225,0.432491328210179,-0.0495385294851947,-0.13463641361182,0.571024554989052,-0.602202520785082,-0.558737682976176,0.5,-2.47913918735174,-0.230494372532794,0.394879592261941,2,"2",3.07972222222222,1.38629436111989,0.488503298288725,"unsexed",79
"J5379",2024-06-12 10:04:54,2024-06-12 10:05:19,"01148A974D",26791,"YZP5",2024-06-12 10:04:54 BST--2024-06-12 10:05:19 BST,24.5120000839233s,"YZ","YZP5",164,21,36294.7899999619,10,11274,1832754,5,135,2024-06-12 06:57:00,2024-06-17 07:49:00,2024-06-17 07:49:00,2024-06-12 06:57:00 UTC--2024-06-17 07:49:00 UTC,435120s (~5.04 days),2024-06-12 06:57:00 UTC--2024-06-12 10:04:54 UTC,"J5379_YZP5",0.238748311752873,0.675174498096071,0.13625540804694,-0.309190185225567,0.483183013622787,-0.626330728578519,-1.12943611145949,0.5,1.13041448205027,0.661242194896476,-0.456738888298483,2,"1",3.13166666666667,1.6094379124341,0.289402858288901,"unsexed",10
"J4126",2024-06-12 12:43:17,2024-06-12 12:43:38,"01148B44FC",26842,"YZP5",2024-06-12 12:43:17 BST--2024-06-12 12:43:38 BST,21.5s,"YZ","YZP5",164,21,45797.0409998894,12,20777,1842257,6,74,2024-06-12 06:57:00,2024-06-17 07:49:00,2024-06-17 07:49:00,2024-06-12 06:57:00 UTC--2024-06-17 07:49:00 UTC,435120s (~5.04 days),2024-06-12 06:57:00 UTC--2024-06-12 12:43:17 UTC,"J4126_YZP5",0.532781999531117,0.841979942135962,-0.0567470625018848,-0.293587613461209,-0.0363041567104881,-0.78186714281215,-0.558737682976176,0.5,-1.37075042723746,-0.985040698819097,1.06136362052662,2,"2",5.77138888888889,1.79175946922805,-0.407448681710481,"unsexed",133
"J5477",2024-06-12 12:47:26,2024-06-12 12:47:28,"01148AEBEB",26887,"YZP5",2024-06-12 12:47:26 BST--2024-06-12 12:47:28 BST,2.05199980735779s,"YZ","YZP5",164,21,46046.6630001068,12,21026,1842506,7,142,2024-06-12 06:57:00,2024-06-17 07:49:00,2024-06-17 07:49:00,2024-06-12 06:57:00 UTC--2024-06-17 07:49:00 UTC,435120s (~5.04 days),2024-06-12 06:57:00 UTC--2024-06-12 12:47:26 UTC,"J5477_YZP5",2.82624476420142,2.2850526756076,2.47932303696206,3.66556497174443,1.99932155627299,-0.865505109667745,-1.12943611145949,0.5,0.247727981671904,0.455456833182027,2.49307005161371,2,"1",5.84055555555556,1.94591014905531,-0.0454478817108019,"unsexed",249
"J5498",2024-06-12 14:03:29,2024-06-12 14:03:35,"01148B4318",26972,"YZP5",2024-06-12 14:03:29 BST--2024-06-12 14:03:35 BST,5.5220000743866s,"YZ","YZP5",164,21,50609.8039999008,14,25589,1847069,8,145,2024-06-12 06:57:00,2024-06-17 07:49:00,2024-06-17 07:49:00,2024-06-12 06:57:00 UTC--2024-06-17 07:49:00 UTC,435120s (~5.04 days),2024-06-12 06:57:00 UTC--2024-06-12 14:03:29 UTC,"J5498_YZP5",-0.819772964248804,-1.04048377226055,-0.580111207091029,-0.309190185225567,-0.225080256569475,0.322783290823729,-1.12943611145949,0.5,-0.714860704160806,-0.504874854818721,-0.555477262856214,1,"1",7.10805555555556,2.07944154167984,1.0858046182882,"unsexed",2
"J2969",2024-06-12 14:12:50,2024-06-12 14:12:50,"01148B5AF6",27078,"YZP5",2024-06-12 14:12:50 BST--2024-06-12 14:12:50 BST,0s,"YZ","YZP5",164,21,51170.2880001068,14,26150,1847630,9,45,2024-06-12 06:57:00,2024-06-17 07:49:00,2024-06-17 07:49:00,2024-06-12 06:57:00 UTC--2024-06-17 07:49:00 UTC,435120s (~5.04 days),2024-06-12 06:57:00 UTC--2024-06-12 14:12:50 UTC,"J2969_YZP5",1.3560763253102,0.898614967278063,0.619021829070628,0.0769734659422742,0.825336488136458,-1.06715438315983,0.297309959748791,0,1.16185204283327,0.345704640267658,0.308483514523927,2,"1",7.26388888888889,2.19722457733622,-0.941876178552113,"female",72
"J3987",2024-06-12 15:09:53,2024-06-12 15:09:53,"01148B38C6",27416,"YZP5",2024-06-12 15:09:53 BST--2024-06-12 15:09:53 BST,0.882000207901001s,"YZ","YZP5",164,21,54593.0209999084,15,29573,1851053,10,69,2024-06-12 06:57:00,2024-06-17 07:49:00,2024-06-17 07:49:00,2024-06-12 06:57:00 UTC--2024-06-17 07:49:00 UTC,435120s (~5.04 days),2024-06-12 06:57:00 UTC--2024-06-12 15:09:53 UTC,"J3987_YZP5",0.121134836641576,0.109097934238591,-0.67808908411298,-0.309190185225567,-1.06848424769167,-0.798631684758847,0.297309959748791,0,-0.0502725258601264,-0.279490887226708,0.148033655867615,2,"1",8.21472222222222,2.30258509299405,-0.254294497095233,"female",59
"J990",2024-06-12 19:51:40,2024-06-12 19:51:42,"01148AE1C1",28017,"YZP5",2024-06-12 19:51:40 BST--2024-06-12 19:51:42 BST,2.05099987983704s,"YZ","YZP5",164,21,71500.2460000515,19,46480,1867960,11,170,2024-06-12 06:57:00,2024-06-17 07:49:00,2024-06-17 07:49:00,2024-06-12 06:57:00 UTC--2024-06-17 07:49:00 UTC,435120s (~5.04 days),2024-06-12 06:57:00 UTC--2024-06-12 19:51:40 UTC,"J990_YZP5",-0.408125801359263,-0.499108618170386,-0.259902104297996,-0.309190185225567,-0.857979494011792,-0.439725505503049,1.15335760247376,0,1.44992918485739,-0.0761553512469582,-0.444396591478767,2,"1",12.9111111111111,2.39789527279837,0.588053518288637,"female",11
"J2377",2024-06-13 07:19:45,2024-06-13 07:19:53,"01130E0317",28082,"YZP5",2024-06-13 07:19:45 BST--2024-06-13 07:19:53 BST,7.23399996757507s,"YZ","YZP5",165,22,26385.8880000114,7,87765,1909245,12,31,2024-06-12 06:57:00,2024-06-17 07:49:00,2024-06-17 07:49:00,2024-06-12 06:57:00 UTC--2024-06-17 07:49:00 UTC,435120s (~5.04 days),2024-06-12 06:57:00 UTC--2024-06-13 07:19:45 UTC,"J2377_YZP5",0.179941574197225,0.243296774427994,0.435178077409035,-0.309190185225567,0.0787298939912762,-0.730834626927941,1.15335760247376,0,-0.470203130841107,-1.25942118110502,-0.382685107380186,1,"1",24.3791666666667,2.484906649788,0.42213648495545,"female",16
"J1093",2024-06-13 12:19:20,2024-06-13 12:19:21,"01148AB22D",28549,"YZP5",2024-06-13 12:19:20 BST--2024-06-13 12:19:21 BST,1.17300009727478s,"YZ","YZP5",165,22,44360.3589999676,12,105740,1927220,13,5,2024-06-12 06:57:00,2024-06-17 07:49:00,2024-06-17 07:49:00,2024-06-12 06:57:00 UTC--2024-06-17 07:49:00 UTC,435120s (~5.04 days),2024-06-12 06:57:00 UTC--2024-06-13 12:19:20 UTC,"J1093_YZP5",0.473975261975468,0.313860013176961,0.692865528946999,-0.309190185225567,-0.319895568477656,-0.900218556593633,1.15335760247376,1,1.16799161636599,1.04994787813487,-0.259262139183023,2,"1",29.3722222222222,2.56494935746154,0.544391141095693,"male",26
"J2395",2024-06-13 12:23:27,2024-06-13 12:23:40,"01148AFF90",28573,"YZP5",2024-06-13 12:23:27 BST--2024-06-13 12:23:40 BST,12.6730000972748s,"YZ","YZP5",165,22,44607.4769999981,12,105987,1927467,14,32,2024-06-12 06:57:00,2024-06-17 07:49:00,2024-06-17 07:49:00,2024-06-12 06:57:00 UTC--2024-06-17 07:49:00 UTC,435120s (~5.04 days),2024-06-12 06:57:00 UTC--2024-06-13 12:23:27 UTC,"J2395_YZP5",1.82653022575539,2.28704901481239,2.78392782862684,0.502143546521008,0.678285493354982,-1.099843635975,1.15335760247376,1,0.162113754546936,1.02708283794438,0.99965213642804,2,"1",29.4408333333333,2.63905732961526,0.0903024182890778,"male",128
"J4569",2024-06-13 14:47:49,2024-06-13 14:47:49,"01148B283C",28855,"YZP5",2024-06-13 14:47:49 BST--2024-06-13 14:47:49 BST,0s,"YZ","YZP5",165,22,53269.868999958,14,114649,1936129,15,89,2024-06-12 06:57:00,2024-06-17 07:49:00,2024-06-17 07:49:00,2024-06-12 06:57:00 UTC--2024-06-17 07:49:00 UTC,435120s (~5.04 days),2024-06-12 06:57:00 UTC--2024-06-13 14:47:49 UTC,"J4569_YZP5",-0.643352751581858,-0.236598355965443,-0.723275777149669,-0.309190185225567,-0.754218223000663,0.298737206920959,-0.558737682976176,1,1.22157400441994,-0.916445578247614,-0.543134966036497,2,"1",31.8469444444444,2.70805020110221,1.0858046182882,"male",3
"J4315",2024-06-13 15:05:57,2024-06-13 15:06:18,"01148A4E79",28940,"YZP5",2024-06-13 15:05:57 BST--2024-06-13 15:06:18 BST,21.9240000247955s,"YZ","YZP5",165,22,54357.010999918,15,115737,1937217,16,83,2024-06-12 06:57:00,2024-06-17 07:49:00,2024-06-17 07:49:00,2024-06-12 06:57:00 UTC--2024-06-17 07:49:00 UTC,435120s (~5.04 days),2024-06-12 06:57:00 UTC--2024-06-13 15:05:57 UTC,"J4315_YZP5",1.76772348819974,1.9712237728124,2.72653745941357,2.50122305382927,2.07963422402223,-0.968504391181407,-0.558737682976176,0.5,-0.0242498676037473,1.48438364175426,1.83892832016875,2,"1",32.1491666666667,2.77258872223978,-0.0028726644694603,"unsexed",196
"J4715",2024-06-13 17:21:43,2024-06-13 17:21:47,"01148B5AEB",29229,"YZP5",2024-06-13 17:21:43 BST--2024-06-13 17:21:47 BST,4.17999982833862s,"YZ","YZP5",165,22,62503.3770000935,17,123883,1945363,17,96,2024-06-12 06:57:00,2024-06-17 07:49:00,2024-06-17 07:49:00,2024-06-12 06:57:00 UTC--2024-06-17 07:49:00 UTC,435120s (~5.04 days),2024-06-12 06:57:00 UTC--2024-06-13 17:21:43 UTC,"J4715_YZP5",0.0623280990859271,-0.0676586602669415,-0.630174989858761,0.188141789763319,0.420164989508971,-0.521752238682928,-0.844086897217831,1,-0.0801516835073832,1.23744120769692,0.222087436785913,2,"2",34.4119444444444,2.83321334405622,-0.407448681710481,"male",65
"J2039",2024-06-14 07:42:57,2024-06-14 07:42:57,"01148B0D5B",30112,"YZP5",2024-06-14 07:42:57 BST--2024-06-14 07:42:57 BST,0s,"YZ","YZP5",166,23,27777.9079999924,7,175557,1997037,18,26,2024-06-12 06:57:00,2024-06-17 07:49:00,2024-06-17 07:49:00,2024-06-12 06:57:00 UTC--2024-06-17 07:49:00 UTC,435120s (~5.04 days),2024-06-12 06:57:00 UTC--2024-06-14 07:42:57 UTC,"J2039_YZP5",0.944429162420658,1.43357321887585,1.99025888407081,-0.256531505520861,0.994272183474728,-0.944865266078,0.582659173990447,1,0.0984776082669963,0.00958854946739431,0.209745139966197,1,"1",48.7658333333333,2.89037175789616,0.217930905468452,"male",64
"J5089",2024-06-14 10:11:30,2024-06-14 10:12:05,"01148B4655",30660,"YZP5",2024-06-14 10:11:30 BST--2024-06-14 10:12:05 BST,34.672000169754s,"YZ","YZP5",166,23,36690.5969998837,10,184470,2005950,19,122,2024-06-12 06:57:00,2024-06-17 07:49:00,2024-06-17 07:49:00,2024-06-12 06:57:00 UTC--2024-06-17 07:49:00 UTC,435120s (~5.04 days),2024-06-12 06:57:00 UTC--2024-06-14 10:11:30 UTC,"J5089_YZP5",0.532781999531117,0.518115679990625,-0.675887413760621,-0.307239863755022,0.659027203019394,-0.834402294075905,-0.558737682976176,0,-0.479698964486924,-0.367684613675755,1.55505549331527,2,"1",51.2416666666667,2.94443897916644,-0.336341381710544,"female",173
"J5472",2024-06-14 10:28:10,2024-06-14 10:28:14,"01148AB71F",30711,"YZP5",2024-06-14 10:28:10 BST--2024-06-14 10:28:14 BST,3.66100001335144s,"YZ","YZP5",166,23,37690.4749999046,10,185470,2006950,20,139,2024-06-12 06:57:00,2024-06-17 07:49:00,2024-06-17 07:49:00,2024-06-12 06:57:00 UTC--2024-06-17 07:49:00 UTC,435120s (~5.04 days),2024-06-12 06:57:00 UTC--2024-06-14 10:28:10 UTC,"J5472_YZP5",-0.819772964248804,-0.921213912113492,-0.560682688945757,-0.309190185225567,-0.0243245330037836,0.995189722637752,-1.12943611145949,0.5,0.110662716322199,-0.847850457676131,-0.56781955967593,1,"1",51.5194444444444,2.99573227355399,1.0858046182882,"unsexed",1
"J3492",2024-06-14 12:04:46,2024-06-14 12:04:57,"01130E0501",30971,"YZP5",2024-06-14 12:04:46 BST--2024-06-14 12:04:57 BST,10.9530000686646s,"YZ","YZP5",166,23,43486.4219999313,12,191266,2012746,21,54,2024-06-12 06:57:00,2024-06-17 07:49:00,2024-06-17 07:49:00,2024-06-12 06:57:00 UTC--2024-06-17 07:49:00 UTC,435120s (~5.04 days),2024-06-12 06:57:00 UTC--2024-06-14 12:04:46 UTC,"J3492_YZP5",-0.819772964248804,-0.466113490093967,-0.709508880800757,-0.309190185225567,-2.54241172546623,0.812471950796179,0.297309959748791,0,-0.638872703399736,-1.87677726624836,-0.432054294659051,2,"2",53.1294444444444,3.04452243772342,0.588053518288637,"female",12
"J5456",2024-06-14 12:20:58,2024-06-14 12:20:58,"01148ADE8D",30974,"YZP5",2024-06-14 12:20:58 BST--2024-06-14 12:20:58 BST,0s,"YZ","YZP5",166,23,44458.881000042,12,192238,2013718,22,138,2024-06-12 06:57:00,2024-06-17 07:49:00,2024-06-17 07:49:00,2024-06-12 06:57:00 UTC--2024-06-17 07:49:00 UTC,435120s (~5.04 days),2024-06-12 06:57:00 UTC--2024-06-14 12:20:58 UTC,"J5456_YZP5",0.356361786864171,1.06278059912021,0.190426892432972,-0.309190185225567,0.0396291365458953,-0.760657448470264,-1.12943611145949,0.5,-0.813754556906775,1.07281291832536,-0.271604436002739,2,"1",53.3994444444444,3.09104245335832,-0.279455541710595,"unsexed",25
"J3715",2024-06-16 08:27:41,2024-06-16 08:27:43,"01148B1D72",31900,"YZP5",2024-06-16 08:27:41 BST--2024-06-16 08:27:43 BST,1.95600008964539s,"YZ","YZP5",168,25,30461.5699999332,8,351041,2172521,23,58,2024-06-12 06:57:00,2024-06-17 07:49:00,2024-06-17 07:49:00,2024-06-12 06:57:00 UTC--2024-06-17 07:49:00 UTC,435120s (~5.04 days),2024-06-12 06:57:00 UTC--2024-06-16 08:27:41 UTC,"J3715_YZP5",0.532781999531117,0.578913472710509,0.731693953797001,-0.303339220813933,0.35115254737423,-0.918589071182671,-0.27338846873452,0,0.88499588401663,0.283969031753321,-0.259262139183023,2,"1",97.5113888888889,3.13549421592915,0.232517018288952,"female",26
"J2783",2024-05-22 08:51:57,2024-05-22 08:53:14,"010C111299",137,"ZZP1",2024-05-22 08:51:57 BST--2024-05-22 08:53:14 BST,77.2539999485016s (~1.29 minutes),"ZZ","ZZP1",143,0,31917.6619999409,8,12057,13977,1,40,2024-05-22 05:31:00,2024-05-27 16:01:00,2024-05-27 16:01:00,2024-05-22 05:31:00 UTC--2024-05-27 16:01:00 UTC,469800s (~5.44 days),2024-05-22 05:31:00 UTC--2024-05-22 08:51:57 UTC,"J2783_ZZP1",1.94414370086669,1.5510048248366,1.51241972348181,0.0925760377066314,1.11983350688038,-1.17317848352235,0.297309959748791,1,1.00327258220848,1.60442510275435,0.283798920884494,2,"1",3.34916666666667,0,-0.63499204171028,"male",70
"J3884",2024-05-22 09:02:36,2024-05-22 09:02:39,"011265DE32",157,"ZZP1",2024-05-22 09:02:36 BST--2024-05-22 09:02:39 BST,2.34300017356873s,"ZZ","ZZP1",143,0,32556.8069999218,9,12696,14616,2,65,2024-05-22 05:31:00,2024-05-27 16:01:00,2024-05-27 16:01:00,2024-05-22 05:31:00 UTC--2024-05-27 16:01:00 UTC,469800s (~5.44 days),2024-05-22 05:31:00 UTC--2024-05-22 09:02:36 UTC,"J3884_ZZP1",-0.231705588692317,-0.358979194313221,-0.197397243614634,-0.309190185225567,0.637675591662085,-0.332673945243491,0.0119607455071354,1,0.0896487603248924,-0.299089493104277,-0.395027404199902,2,"1",3.52666666666667,0.693147180559945,-0.108798021710746,"male",15
"J899",2024-05-22 09:09:13,2024-05-22 09:09:26,"010C114E1C",164,"ZZP1",2024-05-22 09:09:13 BST--2024-05-22 09:09:26 BST,12.6679999828339s,"ZZ","ZZP1",143,0,32953.6719999313,9,13093,15013,3,167,2024-05-22 05:31:00,2024-05-27 16:01:00,2024-05-27 16:01:00,2024-05-22 05:31:00 UTC--2024-05-27 16:01:00 UTC,469800s (~5.44 days),2024-05-22 05:31:00 UTC--2024-05-22 09:09:13 UTC,"J899_ZZP1",1.70891675064409,2.17637952144176,2.59665709045974,0.0906257162360867,0.409597225700888,-1.05136506338023,1.43870681671541,1,-0.224023508093516,0.647523170782177,0.382537295442225,1,"1",3.63694444444444,1.09861228866811,-0.118431913968802,"male",78
"J2039",2024-05-22 10:00:47,2024-05-22 10:00:53,"01148B0D5B",235,"ZZP1",2024-05-22 10:00:47 BST--2024-05-22 10:00:53 BST,6.78700017929077s,"ZZ","ZZP1",143,0,36047.0409998894,10,16187,18107,4,26,2024-05-22 05:31:00,2024-05-27 16:01:00,2024-05-27 16:01:00,2024-05-22 05:31:00 UTC--2024-05-27 16:01:00 UTC,469800s (~5.44 days),2024-05-22 05:31:00 UTC--2024-05-22 10:00:47 UTC,"J2039_ZZP1",0.944429162420658,1.43357321887585,1.99025888407081,-0.256531505520861,0.994272183474728,-0.944865266078,0.582659173990447,1,0.0984776082669963,0.00958854946739431,0.209745139966197,1,"1",4.49638888888889,1.38629436111989,0.217930905468452,"male",64
"J2619",2024-05-22 10:03:14,2024-05-22 10:04:01,"01148ABB58",239,"ZZP1",2024-05-22 10:03:14 BST--2024-05-22 10:04:01 BST,46.625s,"ZZ","ZZP1",143,0,36194.9930000305,10,16334,18254,5,35,2024-05-22 05:31:00,2024-05-27 16:01:00,2024-05-27 16:01:00,2024-05-22 05:31:00 UTC--2024-05-27 16:01:00 UTC,469800s (~5.44 days),2024-05-22 05:31:00 UTC--2024-05-22 10:03:14 UTC,"J2619_ZZP1",0.121134836641576,0.115406324088097,0.410265538949154,-0.309190185225567,0.23881311372247,-0.703414927767281,0.297309959748791,1,0.912316159972582,-0.161899251961311,-0.432054294659051,1,"1",4.53722222222222,1.6094379124341,0.801375418288448,"male",12
"J5250",2024-05-22 19:02:20,2024-05-22 19:02:39,"01148B0935",295,"ZZP1",2024-05-22 19:02:20 BST--2024-05-22 19:02:39 BST,18.3709998130798s,"ZZ","ZZP1",143,0,68540.7320001125,19,48680,50600,6,131,2024-05-22 05:31:00,2024-05-27 16:01:00,2024-05-27 16:01:00,2024-05-22 05:31:00 UTC--2024-05-27 16:01:00 UTC,469800s (~5.44 days),2024-05-22 05:31:00 UTC--2024-05-22 19:02:20 UTC,"J5250_ZZP1",-0.584546014026209,-0.568910462022741,-0.481385237164085,-0.309190185225567,-0.214437676629823,-0.0296142033344732,-1.12943611145949,0.5,-0.533708884402964,-0.687795176342673,-0.543134966036497,1,"1",13.5222222222222,1.79175946922805,0.687603738288549,"unsexed",3
"J831",2024-05-23 07:36:37,2024-05-23 07:36:50,"01148B0D53",308,"ZZP1",2024-05-23 07:36:37 BST--2024-05-23 07:36:50 BST,12.7540001869202s,"ZZ","ZZP1",144,1,27397.4619998932,7,93937,95857,7,165,2024-05-22 05:31:00,2024-05-27 16:01:00,2024-05-27 16:01:00,2024-05-22 05:31:00 UTC--2024-05-27 16:01:00 UTC,469800s (~5.44 days),2024-05-22 05:31:00 UTC--2024-05-23 07:36:37 UTC,"J831_ZZP1",2.23817738864493,1.90787902960822,1.76127462550232,-0.0790522517012979,0.0747242665939272,-1.20242627411574,1.72405603095707,1,1.08018835410942,0.839589508382328,0.962625245968891,2,"1",26.0936111111111,1.94591014905531,0.37963557001296,"male",125
"J2621",2024-05-23 19:42:19,2024-05-23 19:42:20,"01148A702D",326,"ZZP1",2024-05-23 19:42:19 BST--2024-05-23 19:42:20 BST,1.22199988365173s,"ZZ","ZZP1",144,1,70939.614000082,19,137479,139399,8,36,2024-05-22 05:31:00,2024-05-27 16:01:00,2024-05-27 16:01:00,2024-05-22 05:31:00 UTC--2024-05-27 16:01:00 UTC,469800s (~5.44 days),2024-05-22 05:31:00 UTC--2024-05-23 19:42:19 UTC,"J2621_ZZP1",0.591588737086766,0.575425657988338,0.926994906179073,-0.309190185225567,-0.293717614137887,-0.941408871417771,0.297309959748791,0,-0.707626613062284,1.03851535803962,-0.209892951904157,2,"1",38.1886111111111,2.07944154167984,0.491996288464161,"female",30
"J4836",2024-05-25 07:50:52,2024-05-25 07:50:59,"01148B5AE7",388,"ZZP1",2024-05-25 07:50:52 BST--2024-05-25 07:50:59 BST,6.89699983596802s,"ZZ","ZZP1",146,3,28252.4100000858,7,267592,269512,9,104,2024-05-22 05:31:00,2024-05-27 16:01:00,2024-05-27 16:01:00,2024-05-22 05:31:00 UTC--2024-05-27 16:01:00 UTC,469800s (~5.44 days),2024-05-22 05:31:00 UTC--2024-05-25 07:50:52 UTC,"J4836_ZZP1",-0.584546014026209,-0.812692948132409,-0.339385308406679,-0.309190185225567,0.19687484143575,-0.126694424914505,-0.844086897217831,1,-1.9901575335642,-1.46520654281947,-0.555477262856214,1,"1",74.3311111111111,2.19722457733622,1.0858046182882,"male",2
"J4214",2024-05-26 06:28:15,2024-05-26 06:28:23,"01130E0305",406,"ZZP1",2024-05-26 06:28:15 BST--2024-05-26 06:28:23 BST,8.44600009918213s,"ZZ","ZZP1",147,4,23295.5429999828,6,349035,350955,10,79,2024-05-22 05:31:00,2024-05-27 16:01:00,2024-05-27 16:01:00,2024-05-22 05:31:00 UTC--2024-05-27 16:01:00 UTC,469800s (~5.44 days),2024-05-22 05:31:00 UTC--2024-05-26 06:28:15 UTC,"J4214_ZZP1",0.179941574197225,0.432491328210179,-0.0495385294851947,-0.13463641361182,0.571024554989052,-0.602202520785082,-0.558737682976176,0.5,-2.47913918735174,-0.230494372532794,0.394879592261941,2,"2",96.9541666666667,2.30258509299405,0.488503298288725,"unsexed",79
"J5474",2024-05-26 09:40:21,2024-05-26 09:40:25,"01148A6AE1",408,"ZZP1",2024-05-26 09:40:21 BST--2024-05-26 09:40:25 BST,4.46700000762939s,"ZZ","ZZP1",147,4,34821.4370000362,9,360561,362481,11,140,2024-05-22 05:31:00,2024-05-27 16:01:00,2024-05-27 16:01:00,2024-05-22 05:31:00 UTC--2024-05-27 16:01:00 UTC,469800s (~5.44 days),2024-05-22 05:31:00 UTC--2024-05-26 09:40:21 UTC,"J5474_ZZP1",-0.937386439360102,-0.923445125556671,-0.659311365574676,-0.309190185225567,-3.04215213769559,1.12381300530755,-1.12943611145949,0.5,1.02840382303283,-0.230494372532794,-0.506108075577348,1,"1",100.155833333333,2.39789527279837,1.0858046182882,"unsexed",6
"J856",2024-05-26 10:11:24,2024-05-26 10:11:33,"01148A54AD",411,"ZZP1",2024-05-26 10:11:24 BST--2024-05-26 10:11:33 BST,9.507000207901s,"ZZ","ZZP1",147,4,36684.1199998856,10,362424,364344,12,166,2024-05-22 05:31:00,2024-05-27 16:01:00,2024-05-27 16:01:00,2024-05-22 05:31:00 UTC--2024-05-27 16:01:00 UTC,469800s (~5.44 days),2024-05-22 05:31:00 UTC--2024-05-26 10:11:24 UTC,"J856_ZZP1",-0.878579701804453,-0.926685511886567,-0.566368079633708,-0.309190185225567,-1.79688566888853,0.810164996376073,2.00940524519872,1,1.33510278578888,0.501186913563017,-0.56781955967593,1,"1",100.673333333333,2.484906649788,1.0858046182882,"male",1
"J2395",2024-05-26 19:59:59,2024-05-26 20:00:01,"01148AFF90",414,"ZZP1",2024-05-26 19:59:59 BST--2024-05-26 20:00:01 BST,2.05599999427795s,"ZZ","ZZP1",147,4,71999.9270000458,19,397739,399659,13,32,2024-05-22 05:31:00,2024-05-27 16:01:00,2024-05-27 16:01:00,2024-05-22 05:31:00 UTC--2024-05-27 16:01:00 UTC,469800s (~5.44 days),2024-05-22 05:31:00 UTC--2024-05-26 19:59:59 UTC,"J2395_ZZP1",1.82653022575539,2.28704901481239,2.78392782862684,0.502143546521008,0.678285493354982,-1.099843635975,1.15335760247376,1,0.162113754546936,1.02708283794438,0.99965213642804,2,"1",110.483055555556,2.56494935746154,0.0903024182890778,"male",128
"J2661",2024-05-28 06:17:34,2024-05-28 06:17:35,"01148B129A",1244,"ZZP2",2024-05-28 06:17:34 BST--2024-05-28 06:17:35 BST,1.12399983406067s,"ZZ","ZZP2",149,6,22654.3310000896,6,574,523114,1,37,2024-05-28 06:08:00,2024-05-30 09:00:00,2024-05-30 09:00:00,2024-05-28 06:08:00 UTC--2024-05-30 09:00:00 UTC,183120s (~2.12 days),2024-05-28 06:08:00 UTC--2024-05-28 06:17:34 UTC,"J2661_ZZP2",1.3560763253102,1.21120611218556,1.41274439881898,0.00481157153212211,0.332317212114839,-1.10355726528324,0.297309959748791,1,0.965361955040905,0.91275763699191,0.345510404983076,2,"1",0.159444444444444,0,-0.00581503550394065,"male",75
"J4315",2024-05-28 07:21:40,2024-05-28 07:22:59,"01148A4E79",1274,"ZZP2",2024-05-28 07:21:40 BST--2024-05-28 07:22:59 BST,78.6029999256134s (~1.31 minutes),"ZZ","ZZP2",149,6,26500.4539999962,7,4420,526960,2,83,2024-05-28 06:08:00,2024-05-30 09:00:00,2024-05-30 09:00:00,2024-05-28 06:08:00 UTC--2024-05-30 09:00:00 UTC,183120s (~2.12 days),2024-05-28 06:08:00 UTC--2024-05-28 07:21:40 UTC,"J4315_ZZP2",1.76772348819974,1.9712237728124,2.72653745941357,2.50122305382927,2.07963422402223,-0.968504391181407,-0.558737682976176,0.5,-0.0242498676037473,1.48438364175426,1.83892832016875,2,"1",1.22777777777778,0.693147180559945,-0.0028726644694603,"unsexed",196
"J42",2024-05-28 07:43:57,2024-05-28 07:44:11,"01148B18EB",1282,"ZZP2",2024-05-28 07:43:57 BST--2024-05-28 07:44:11 BST,14.7199997901917s,"ZZ","ZZP2",149,6,27837.242000103,7,5757,528297,3,78,2024-05-28 06:08:00,2024-05-30 09:00:00,2024-05-30 09:00:00,2024-05-28 06:08:00 UTC--2024-05-30 09:00:00 UTC,183120s (~2.12 days),2024-05-28 06:08:00 UTC--2024-05-28 07:43:57 UTC,"J42_ZZP2",1.53249653797715,1.09370540381539,0.734221209682899,0.223247576233123,1.24040980797104,-1.09287555903891,2.00940524519872,0,-1.04160949806645,-1.45540723988069,0.345510404983076,2,"1",1.59916666666667,1.09861228866811,-0.831846988025895,"female",75
"J933",2024-05-29 11:47:55,2024-05-29 11:49:10,"01148A8D35",1339,"ZZP2",2024-05-29 11:47:55 BST--2024-05-29 11:49:10 BST,75.694000005722s (~1.26 minutes),"ZZ","ZZP2",150,7,42475.0620000362,11,106795,629335,4,168,2024-05-28 06:08:00,2024-05-30 09:00:00,2024-05-30 09:00:00,2024-05-28 06:08:00 UTC--2024-05-30 09:00:00 UTC,183120s (~2.12 days),2024-05-28 06:08:00 UTC--2024-05-29 11:47:55 UTC,"J933_ZZP2",-0.702159489137507,-0.894775323176763,-0.46196556326743,-0.309190185225567,0.190744404787194,0.212758412227526,1.72405603095707,1,1.13927968370023,-0.429420222190091,-0.56781955967593,1,"1",29.6652777777778,1.38629436111989,1.0858046182882,"male",1
"J3378",2024-05-30 05:31:28,2024-05-30 05:31:30,"01148AB4A3",1356,"ZZP2",2024-05-30 05:31:28 BST--2024-05-30 05:31:30 BST,2.04900002479553s,"ZZ","ZZP2",151,8,19888.2079999447,5,170608,693148,5,49,2024-05-28 06:08:00,2024-05-30 09:00:00,2024-05-30 09:00:00,2024-05-28 06:08:00 UTC--2024-05-30 09:00:00 UTC,183120s (~2.12 days),2024-05-28 06:08:00 UTC--2024-05-30 05:31:28 UTC,"J3378_ZZP2",2.29698412620058,1.64672952554245,1.22645280105973,0.145234717411337,0.166564006311925,-1.22944311874633,0.0119607455071354,1,0.422073242193313,1.50153242189713,0.468933373180239,2,"1",47.3911111111111,1.6094379124341,-0.894379105623094,"male",85
"J2783",2024-06-05 19:58:59,2024-06-05 20:00:26,"010C111299",817,"ZZP3",2024-06-05 19:58:59 BST--2024-06-05 20:00:26 BST,87.2420001029968s (~1.45 minutes),"ZZ","ZZP3",157,14,71939.75,19,304079,1263599,1,40,2024-06-02 07:31:00,2024-06-06 18:16:00,2024-06-06 18:16:00,2024-06-02 07:31:00 UTC--2024-06-06 18:16:00 UTC,384300s (~4.45 days),2024-06-02 07:31:00 UTC--2024-06-05 19:58:59 UTC,"J2783_ZZP3",1.94414370086669,1.5510048248366,1.51241972348181,0.0925760377066314,1.11983350688038,-1.17317848352235,0.297309959748791,1,1.00327258220848,1.60442510275435,0.283798920884494,2,"1",84.4663888888889,0,-0.63499204171028,"male",70
"J3508",2024-06-06 17:02:35,2024-06-06 17:02:40,"01148AAD4F",839,"ZZP3",2024-06-06 17:02:35 BST--2024-06-06 17:02:40 BST,4.66300010681152s,"ZZ","ZZP3",158,15,61355.3880000114,17,379895,1339415,2,55,2024-06-02 07:31:00,2024-06-06 18:16:00,2024-06-06 18:16:00,2024-06-02 07:31:00 UTC--2024-06-06 18:16:00 UTC,384300s (~4.45 days),2024-06-02 07:31:00 UTC--2024-06-06 17:02:35 UTC,"J3508_ZZP3",0.826815687309361,0.477309226478324,0.297232660419088,-0.0332196971434986,0.693713550241993,-0.954038422394504,0.297309959748791,0,0.0759052491339503,0.198225131038969,0.09866446858875,2,"1",105.526388888889,0.693147180559945,-0.475767460141793,"female",55
"J2168",2024-06-07 19:14:43,2024-06-07 19:16:24,"01130E03FB",1746,"ZZP4",2024-06-07 19:14:43 BST--2024-06-07 19:16:24 BST,100.789999961853s (~1.68 minutes),"ZZ","ZZP4",159,16,69283.2829999924,19,46483,1433743,1,29,2024-06-07 06:20:00,2024-06-11 20:59:00,2024-06-11 20:59:00,2024-06-07 06:20:00 UTC--2024-06-11 20:59:00 UTC,398340s (~4.61 days),2024-06-07 06:20:00 UTC--2024-06-07 19:14:43 UTC,"J2168_ZZP4",2.53221107642318,2.08037808890153,2.32183438238612,0.864903340042313,1.38808822033696,-1.1567292576502,0.582659173990447,1,0.265719170407968,1.22143567956358,1.18478658872378,2,"1",12.9119444444444,0,-0.369160135556669,"male",143
"J3378",2024-06-08 05:12:42,2024-06-08 05:13:28,"01148AB4A3",1753,"ZZP4",2024-06-08 05:12:42 BST--2024-06-08 05:13:28 BST,46.4920001029968s,"ZZ","ZZP4",160,17,18762.3369998932,5,82362,1469622,2,49,2024-06-07 06:20:00,2024-06-11 20:59:00,2024-06-11 20:59:00,2024-06-07 06:20:00 UTC--2024-06-11 20:59:00 UTC,398340s (~4.61 days),2024-06-07 06:20:00 UTC--2024-06-08 05:12:42 UTC,"J3378_ZZP4",2.29698412620058,1.64672952554245,1.22645280105973,0.145234717411337,0.166564006311925,-1.22944311874633,0.0119607455071354,1,0.422073242193313,1.50153242189713,0.468933373180239,2,"1",22.8783333333333,0.693147180559945,-0.894379105623094,"male",85
"J831",2024-06-08 06:23:46,2024-06-08 06:24:41,"01148B0D53",1773,"ZZP4",2024-06-08 06:23:46 BST--2024-06-08 06:24:41 BST,54.9699997901917s,"ZZ","ZZP4",160,17,23026.7520000935,6,86626,1473886,3,165,2024-06-07 06:20:00,2024-06-11 20:59:00,2024-06-11 20:59:00,2024-06-07 06:20:00 UTC--2024-06-11 20:59:00 UTC,398340s (~4.61 days),2024-06-07 06:20:00 UTC--2024-06-08 06:23:46 UTC,"J831_ZZP4",2.23817738864493,1.90787902960822,1.76127462550232,-0.0790522517012979,0.0747242665939272,-1.20242627411574,1.72405603095707,1,1.08018835410942,0.839589508382328,0.962625245968891,2,"1",24.0627777777778,1.09861228866811,0.37963557001296,"male",125
"J4651",2024-06-08 06:34:33,2024-06-08 06:35:06,"01148AAA32",1780,"ZZP4",2024-06-08 06:34:33 BST--2024-06-08 06:35:06 BST,33.0170001983643s,"ZZ","ZZP4",160,17,23673.9389998913,6,87273,1474533,4,95,2024-06-07 06:20:00,2024-06-11 20:59:00,2024-06-11 20:59:00,2024-06-07 06:20:00 UTC--2024-06-11 20:59:00 UTC,398340s (~4.61 days),2024-06-07 06:20:00 UTC--2024-06-08 06:34:33 UTC,"J4651_ZZP4",0.532781999531117,0.653690199722264,0.192603483396811,-0.00103939287951184,0.877210775011481,-0.782918570441334,-0.844086897217831,1,-0.214230535303693,0.661242194896476,-0.259262139183023,2,"1",24.2425,1.38629436111989,-0.522314320171918,"male",26
"J4315",2024-06-08 16:42:54,2024-06-08 16:44:38,"01148A4E79",1846,"ZZP4",2024-06-08 16:42:54 BST--2024-06-08 16:44:38 BST,104.598999977112s (~1.74 minutes),"ZZ","ZZP4",160,17,60174.2750000954,16,123774,1511034,5,83,2024-06-07 06:20:00,2024-06-11 20:59:00,2024-06-11 20:59:00,2024-06-07 06:20:00 UTC--2024-06-11 20:59:00 UTC,398340s (~4.61 days),2024-06-07 06:20:00 UTC--2024-06-08 16:42:54 UTC,"J4315_ZZP4",1.76772348819974,1.9712237728124,2.72653745941357,2.50122305382927,2.07963422402223,-0.968504391181407,-0.558737682976176,0.5,-0.0242498676037473,1.48438364175426,1.83892832016875,2,"1",34.3816666666667,1.6094379124341,-0.0028726644694603,"unsexed",196
"J4747",2024-06-13 06:23:37,2024-06-13 06:23:38,"01148AC9E8",2035,"ZZP5",2024-06-13 06:23:37 BST--2024-06-13 06:23:38 BST,0.634000062942505s,"ZZ","ZZP5",165,22,23017.7049999237,6,88177,1905877,1,99,2024-06-12 05:54:00,2024-06-17 08:01:00,2024-06-13 17:42:00,2024-06-12 05:54:00 UTC--2024-06-13 17:42:00 UTC,128880s (~1.49 days),2024-06-12 05:54:00 UTC--2024-06-13 06:23:37 UTC,"J4747_ZZP5",1.70891675064409,1.48362318642554,0.617676446765245,1.45195010267625,1.70439405149646,-1.09621358719636,-0.844086897217831,1,-0.105746809901673,1.69016900346871,1.67847846151244,1,"1",24.4936111111111,0,-1.00135624420996,"male",183
"J5498",2024-06-13 06:24:18,2024-06-13 06:24:49,"01148B4318",2037,"ZZP5",2024-06-13 06:24:18 BST--2024-06-13 06:24:49 BST,30.8359999656677s,"ZZ","ZZP5",165,22,23058.3299999237,6,88218,1905918,2,145,2024-06-12 05:54:00,2024-06-17 08:01:00,2024-06-13 17:42:00,2024-06-12 05:54:00 UTC--2024-06-13 17:42:00 UTC,128880s (~1.49 days),2024-06-12 05:54:00 UTC--2024-06-13 06:24:18 UTC,"J5498_ZZP5",-0.819772964248804,-1.04048377226055,-0.580111207091029,-0.309190185225567,-0.225080256569475,0.322783290823729,-1.12943611145949,0.5,-0.714860704160806,-0.504874854818721,-0.555477262856214,1,"1",24.505,0.693147180559945,1.0858046182882,"unsexed",2
"J3378",2024-06-13 06:26:46,2024-06-13 06:27:04,"01148AB4A3",2040,"ZZP5",2024-06-13 06:26:46 BST--2024-06-13 06:27:04 BST,18.2990000247955s,"ZZ","ZZP5",165,22,23206.2799999714,6,88366,1906066,3,49,2024-06-12 05:54:00,2024-06-17 08:01:00,2024-06-13 17:42:00,2024-06-12 05:54:00 UTC--2024-06-13 17:42:00 UTC,128880s (~1.49 days),2024-06-12 05:54:00 UTC--2024-06-13 06:26:46 UTC,"J3378_ZZP5",2.29698412620058,1.64672952554245,1.22645280105973,0.145234717411337,0.166564006311925,-1.22944311874633,0.0119607455071354,1,0.422073242193313,1.50153242189713,0.468933373180239,2,"1",24.5461111111111,1.09861228866811,-0.894379105623094,"male",85
"J4967",2024-06-13 06:28:33,2024-06-13 06:28:45,"01148AD964",2045,"ZZP5",2024-06-13 06:28:33 BST--2024-06-13 06:28:45 BST,11.8740000724792s,"ZZ","ZZP5",165,22,23313.6909999847,6,88473,1906173,4,109,2024-06-12 05:54:00,2024-06-17 08:01:00,2024-06-13 17:42:00,2024-06-12 05:54:00 UTC--2024-06-13 17:42:00 UTC,128880s (~1.49 days),2024-06-12 05:54:00 UTC--2024-06-13 06:28:33 UTC,"J4967_ZZP5",2.64982455153447,2.70420047474331,2.97897324846883,0.480690010345017,0.920347155132676,-1.17817737475947,-0.844086897217831,1,0.272525729644396,0.318266592039065,2.20919722476024,2,"1",24.5758333333333,1.38629436111989,-0.0800508993578301,"male",226
"J3383",2024-06-13 06:30:53,2024-06-13 06:30:53,"01148A5900",2047,"ZZP5",2024-06-13 06:30:53 BST--2024-06-13 06:30:53 BST,0s,"ZZ","ZZP5",165,22,23453.3039999008,6,88613,1906313,5,51,2024-06-12 05:54:00,2024-06-17 08:01:00,2024-06-13 17:42:00,2024-06-12 05:54:00 UTC--2024-06-13 17:42:00 UTC,128880s (~1.49 days),2024-06-12 05:54:00 UTC--2024-06-13 06:30:53 UTC,"J3383_ZZP5",0.297555049308522,0.322471240153903,0.120602887965851,-0.307239863755022,-0.351650430737034,-0.841445420669304,0.0119607455071354,1,1.73657831646386,0.200674956773668,-0.160523764625292,2,"1",24.6147222222222,1.6094379124341,-0.364784301710519,"male",34
"J2395",2024-06-13 06:33:15,2024-06-13 06:33:41,"01148AFF90",2050,"ZZP5",2024-06-13 06:33:15 BST--2024-06-13 06:33:41 BST,25.1699998378754s,"ZZ","ZZP5",165,22,23595.8940000534,6,88755,1906455,6,32,2024-06-12 05:54:00,2024-06-17 08:01:00,2024-06-13 17:42:00,2024-06-12 05:54:00 UTC--2024-06-13 17:42:00 UTC,128880s (~1.49 days),2024-06-12 05:54:00 UTC--2024-06-13 06:33:15 UTC,"J2395_ZZP5",1.82653022575539,2.28704901481239,2.78392782862684,0.502143546521008,0.678285493354982,-1.099843635975,1.15335760247376,1,0.162113754546936,1.02708283794438,0.99965213642804,2,"1",24.6541666666667,1.79175946922805,0.0903024182890778,"male",128
"J933",2024-06-13 06:36:29,2024-06-13 06:37:46,"01148A8D35",2054,"ZZP5",2024-06-13 06:36:29 BST--2024-06-13 06:37:46 BST,76.8410000801086s (~1.28 minutes),"ZZ","ZZP5",165,22,23789.4370000362,6,88949,1906649,7,168,2024-06-12 05:54:00,2024-06-17 08:01:00,2024-06-13 17:42:00,2024-06-12 05:54:00 UTC--2024-06-13 17:42:00 UTC,128880s (~1.49 days),2024-06-12 05:54:00 UTC--2024-06-13 06:36:29 UTC,"J933_ZZP5",-0.702159489137507,-0.894775323176763,-0.46196556326743,-0.309190185225567,0.190744404787194,0.212758412227526,1.72405603095707,1,1.13927968370023,-0.429420222190091,-0.56781955967593,1,"1",24.7080555555556,1.94591014905531,1.0858046182882,"male",1
"J5456",2024-06-13 06:37:43,2024-06-13 06:38:23,"01148ADE8D",2056,"ZZP5",2024-06-13 06:37:43 BST--2024-06-13 06:38:23 BST,40.0620000362396s,"ZZ","ZZP5",165,22,23863.6689999104,6,89023,1906723,8,138,2024-06-12 05:54:00,2024-06-17 08:01:00,2024-06-13 17:42:00,2024-06-12 05:54:00 UTC--2024-06-13 17:42:00 UTC,128880s (~1.49 days),2024-06-12 05:54:00 UTC--2024-06-13 06:37:43 UTC,"J5456_ZZP5",0.356361786864171,1.06278059912021,0.190426892432972,-0.309190185225567,0.0396291365458953,-0.760657448470264,-1.12943611145949,0.5,-0.813754556906775,1.07281291832536,-0.271604436002739,2,"1",24.7286111111111,2.07944154167984,-0.279455541710595,"unsexed",25
"J1345",2024-06-13 06:39:19,2024-06-13 06:40:33,"01148ACC83",2060,"ZZP5",2024-06-13 06:39:19 BST--2024-06-13 06:40:33 BST,74.6680002212524s (~1.24 minutes),"ZZ","ZZP5",165,22,23959.1099998951,6,89119,1906819,9,11,2024-06-12 05:54:00,2024-06-17 08:01:00,2024-06-13 17:42:00,2024-06-12 05:54:00 UTC--2024-06-13 17:42:00 UTC,128880s (~1.49 days),2024-06-12 05:54:00 UTC--2024-06-13 06:39:19 UTC,"J1345_ZZP5",2.82624476420142,2.85637013844785,3.36857661084871,2.35884958647952,1.61621385305358,-1.11941886256676,1.72405603095707,1,1.00785375260546,0.22680643127709,1.99937817882506,2,"1",24.7552777777778,2.19722457733622,-0.381251255394715,"male",209
"J1154",2024-06-13 06:45:26,2024-06-13 06:45:36,"01148ACF20",2072,"ZZP5",2024-06-13 06:45:26 BST--2024-06-13 06:45:36 BST,9.60499978065491s,"ZZ","ZZP5",165,22,24326.7780001163,6,89486,1907186,10,6,2024-06-12 05:54:00,2024-06-17 08:01:00,2024-06-13 17:42:00,2024-06-12 05:54:00 UTC--2024-06-13 17:42:00 UTC,128880s (~1.49 days),2024-06-12 05:54:00 UTC--2024-06-13 06:45:26 UTC,"J1154_ZZP5",1.2384628501989,1.13854551679662,1.66939693629584,-0.194121218463432,0.48608840414872,-1.03872238958599,1.15335760247376,0,-0.208685240058994,-0.367684613675755,0.246772030425346,2,"1",24.8572222222222,2.30258509299405,0.225161090702751,"female",67
"J4651",2024-06-13 07:07:23,2024-06-13 07:07:27,"01148AAA32",2092,"ZZP5",2024-06-13 07:07:23 BST--2024-06-13 07:07:27 BST,4.11199998855591s,"ZZ","ZZP5",165,22,25643.0290000439,7,90803,1908503,11,95,2024-06-12 05:54:00,2024-06-17 08:01:00,2024-06-13 17:42:00,2024-06-12 05:54:00 UTC--2024-06-13 17:42:00 UTC,128880s (~1.49 days),2024-06-12 05:54:00 UTC--2024-06-13 07:07:23 UTC,"J4651_ZZP5",0.532781999531117,0.653690199722264,0.192603483396811,-0.00103939287951184,0.877210775011481,-0.782918570441334,-0.844086897217831,1,-0.214230535303693,0.661242194896476,-0.259262139183023,2,"1",25.2230555555556,2.39789527279837,-0.522314320171918,"male",26
"J56",2024-06-13 07:10:39,2024-06-13 07:10:40,"01148AC2B7",2099,"ZZP5",2024-06-13 07:10:39 BST--2024-06-13 07:10:40 BST,0.781000137329102s,"ZZ","ZZP5",165,22,25839.3069999218,7,90999,1908699,12,159,2024-06-12 05:54:00,2024-06-17 08:01:00,2024-06-13 17:42:00,2024-06-12 05:54:00 UTC--2024-06-13 17:42:00 UTC,128880s (~1.49 days),2024-06-12 05:54:00 UTC--2024-06-13 07:10:39 UTC,"J56_ZZP5",-0.584546014026209,-0.863451363084251,-0.362164013782921,-0.309190185225567,0.566413785030127,-0.195539374562795,1.72405603095707,0,0.103725764367688,-1.09479289173347,-0.555477262856214,1,"1",25.2775,2.484906649788,1.0858046182882,"female",2
"J3714",2024-06-13 07:21:17,2024-06-13 07:21:19,"01130E04E1",2115,"ZZP5",2024-06-13 07:21:17 BST--2024-06-13 07:21:19 BST,2.05099987983704s,"ZZ","ZZP5",165,22,26477.9030001163,7,91637,1909337,13,57,2024-06-12 05:54:00,2024-06-17 08:01:00,2024-06-13 17:42:00,2024-06-12 05:54:00 UTC--2024-06-13 17:42:00 UTC,128880s (~1.49 days),2024-06-12 05:54:00 UTC--2024-06-13 07:21:17 UTC,"J3714_ZZP5",1.2384628501989,0.971246759371038,0.829481076171702,-0.262382469932495,0.666361418798388,-1.0689037591717,-0.27338846873452,1,-1.75108160919705,0.729837315467954,0.407221889081657,2,"1",25.4547222222222,2.56494935746154,-0.51724671847509,"male",80
"J4731",2024-06-13 07:25:02,2024-06-13 07:25:22,"01148ABDCA",2123,"ZZP5",2024-06-13 07:25:02 BST--2024-06-13 07:25:22 BST,20.7030000686646s,"ZZ","ZZP5",165,22,26702.0559999943,7,91862,1909562,14,98,2024-06-12 05:54:00,2024-06-17 08:01:00,2024-06-13 17:42:00,2024-06-12 05:54:00 UTC--2024-06-13 17:42:00 UTC,128880s (~1.49 days),2024-06-12 05:54:00 UTC--2024-06-13 07:25:02 UTC,"J4731_ZZP5",1.94414370086669,1.64299596065677,1.15157433231715,0.54895126181408,1.26130641766232,-1.14672072392321,-0.844086897217831,0.5,-0.427117054988538,0.181076350896099,1.06136362052662,2,"1",25.5172222222222,2.63905732961526,-0.721248288231942,"unsexed",133
"J2661",2024-06-13 07:25:57,2024-06-13 07:27:23,"01148B129A",2128,"ZZP5",2024-06-13 07:25:57 BST--2024-06-13 07:27:23 BST,85.4100000858307s (~1.42 minutes),"ZZ","ZZP5",165,22,26757.8190000057,7,91917,1909617,15,37,2024-06-12 05:54:00,2024-06-17 08:01:00,2024-06-13 17:42:00,2024-06-12 05:54:00 UTC--2024-06-13 17:42:00 UTC,128880s (~1.49 days),2024-06-12 05:54:00 UTC--2024-06-13 07:25:57 UTC,"J2661_ZZP5",1.3560763253102,1.21120611218556,1.41274439881898,0.00481157153212211,0.332317212114839,-1.10355726528324,0.297309959748791,1,0.965361955040905,0.91275763699191,0.345510404983076,2,"1",25.5325,2.70805020110221,-0.00581503550394065,"male",75
"J42",2024-06-13 08:30:33,2024-06-13 08:33:11,"01148B18EB",2141,"ZZP5",2024-06-13 08:30:33 BST--2024-06-13 08:33:11 BST,157.225999832153s (~2.62 minutes),"ZZ","ZZP5",165,22,30633.8570001125,8,95793,1913493,16,78,2024-06-12 05:54:00,2024-06-17 08:01:00,2024-06-13 17:42:00,2024-06-12 05:54:00 UTC--2024-06-13 17:42:00 UTC,128880s (~1.49 days),2024-06-12 05:54:00 UTC--2024-06-13 08:30:33 UTC,"J42_ZZP5",1.53249653797715,1.09370540381539,0.734221209682899,0.223247576233123,1.24040980797104,-1.09287555903891,2.00940524519872,0,-1.04160949806645,-1.45540723988069,0.345510404983076,2,"1",26.6091666666667,2.77258872223978,-0.831846988025895,"female",75
"J831",2024-06-13 16:16:08,2024-06-13 16:16:51,"01148B0D53",2178,"ZZP5",2024-06-13 16:16:08 BST--2024-06-13 16:16:51 BST,42.9670000076294s,"ZZ","ZZP5",165,22,58568.5769999027,16,123728,1941428,17,165,2024-06-12 05:54:00,2024-06-17 08:01:00,2024-06-13 17:42:00,2024-06-12 05:54:00 UTC--2024-06-13 17:42:00 UTC,128880s (~1.49 days),2024-06-12 05:54:00 UTC--2024-06-13 16:16:08 UTC,"J831_ZZP5",2.23817738864493,1.90787902960822,1.76127462550232,-0.0790522517012979,0.0747242665939272,-1.20242627411574,1.72405603095707,1,1.08018835410942,0.839589508382328,0.962625245968891,2,"1",34.3688888888889,2.83321334405622,0.37963557001296,"male",125
"J4266",2024-06-13 16:27:40,2024-06-13 16:28:45,"01148A9740",2197,"ZZP5",2024-06-13 16:27:40 BST--2024-06-13 16:28:45 BST,65.0429999828339s (~1.08 minutes),"ZZ","ZZP5",165,22,59260.7400000095,16,124420,1942120,18,80,2024-06-12 05:54:00,2024-06-17 08:01:00,2024-06-13 17:42:00,2024-06-12 05:54:00 UTC--2024-06-13 17:42:00 UTC,128880s (~1.49 days),2024-06-12 05:54:00 UTC--2024-06-13 16:27:40 UTC,"J4266_ZZP5",-0.466932538914912,-0.709684469829098,-0.317143847266812,-0.309190185225567,0.44592825600633,-0.250222346290491,-0.558737682976176,1,0.0327828195735342,0.318266592039065,-0.555477262856214,1,"1",34.5611111111111,2.89037175789616,0.979143668288291,"male",2
